customer_id,card_product,card_name,ym,perf_amount,tx_cnt,achieved_tier,next_threshold,shortfall,prev_month_tier,benefit_this_month,benefit_next_at_current,benefit_next_if_upgrade,missed_if_short,recommend_category,recommend_merchant,category_monthly_avg,message
C0001,CARD_A,신한카드 Mr.Life,2025-12,222680,9,0,300000.0,77320,1,7160,0,7160.0,7160.0,편의점,이마트24,28300.0,"A카드 공과금·편의점 10% 할인까지 7만 7,300원 남았어요. 이번 주 편의점은 A카드로 결제하세요."
C0001,CARD_B,KB국민카드 굿데이카드,2025-12,0,0,0,300000.0,300000,0,0,0,0.0,0.0,편의점,이마트24,28300.0,B카드 통신비 10% 할인까지 30만 원 남았어요. 이번 주 편의점은 B카드로 결제하세요.
C0001,CARD_C,하나카드 MOVING카드 ALLDAY모드,2025-12,0,0,1,,0,1,0,0,,,,,,
C0001,CARD_D,삼성카드 삼성 iD SELECT ALL 카드,2025-12,193600,1,0,400000.0,206400,0,0,0,8360.0,8360.0,편의점,이마트24,28300.0,"D카드 SELECT 7% 할인까지 20만 6,400원 남았어요. 이번 주 편의점은 D카드로 결제하세요."
C0001,CARD_E,NH농협카드 올바른 FLEX 카드,2025-12,0,0,0,300000.0,300000,0,0,0,0.0,0.0,편의점,이마트24,28300.0,E카드 스타벅스 50% 할인까지 30만 원 남았어요. 이번 주 편의점은 E카드로 결제하세요.
C0002,CARD_A,신한카드 Mr.Life,2025-12,287360,13,0,300000.0,12640,0,0,0,6740.0,6740.0,편의점,GS25,21400.0,"A카드 공과금·편의점 10% 할인까지 1만 2,600원 남았어요. 이번 주 편의점은 A카드로 결제하세요."
C0002,CARD_B,KB국민카드 굿데이카드,2025-12,18100,1,0,300000.0,281900,0,0,0,0.0,0.0,편의점,GS25,21400.0,"B카드 통신비 10% 할인까지 28만 1,900원 남았어요. 이번 주 편의점은 B카드로 결제하세요."
C0002,CARD_C,하나카드 MOVING카드 ALLDAY모드,2025-12,0,0,1,,0,1,0,0,,,,,,
C0002,CARD_D,삼성카드 삼성 iD SELECT ALL 카드,2025-12,0,0,0,400000.0,400000,0,0,0,0.0,0.0,편의점,GS25,21400.0,D카드 SELECT 7% 할인까지 40만 원 남았어요. 이번 주 편의점은 D카드로 결제하세요.
C0002,CARD_E,NH농협카드 올바른 FLEX 카드,2025-12,0,0,0,300000.0,300000,0,0,0,0.0,0.0,편의점,GS25,21400.0,E카드 스타벅스 50% 할인까지 30만 원 남았어요. 이번 주 편의점은 E카드로 결제하세요.
C0003,CARD_A,신한카드 Mr.Life,2025-12,23110,3,0,300000.0,276890,0,0,0,610.0,610.0,외식,고깃집,123900.0,"A카드 공과금·편의점 10% 할인까지 27만 6,900원 남았어요. 이번 주 외식은 A카드로 결제하세요."
C0003,CARD_B,KB국민카드 굿데이카드,2025-12,374290,15,1,600000.0,225710,1,3880,3880,8860.0,4980.0,외식,고깃집,123900.0,"B카드 외식·커피 10% 할인까지 22만 5,700원 남았어요. 이번 주 외식은 B카드로 결제하세요."
C0003,CARD_C,하나카드 MOVING카드 ALLDAY모드,2025-12,13900,1,1,,0,1,70,70,,,,,,
C0003,CARD_D,삼성카드 삼성 iD SELECT ALL 카드,2025-12,150120,3,0,400000.0,249880,1,10180,0,10180.0,10180.0,외식,고깃집,123900.0,"D카드 SELECT 7% 할인까지 24만 9,900원 남았어요. 이번 주 외식은 D카드로 결제하세요."
C0003,CARD_E,NH농협카드 올바른 FLEX 카드,2025-12,1170,1,0,300000.0,298830,0,0,0,0.0,0.0,교통비,카카오T,62700.0,"E카드 스타벅스 50% 할인까지 29만 8,800원 남았어요. 이번 주 교통비는 E카드로 결제하세요."
C0004,CARD_A,신한카드 Mr.Life,2025-12,0,0,0,300000.0,300000,0,0,0,0.0,0.0,외식,동네식당,79700.0,A카드 공과금·편의점 10% 할인까지 30만 원 남았어요. 이번 주 외식은 A카드로 결제하세요.
C0004,CARD_B,KB국민카드 굿데이카드,2025-12,0,0,0,300000.0,300000,0,0,0,0.0,0.0,교통비,티머니,52000.0,B카드 통신비 10% 할인까지 30만 원 남았어요. 이번 주 교통비는 B카드로 결제하세요.
C0004,CARD_C,하나카드 MOVING카드 ALLDAY모드,2025-12,0,0,1,,0,1,0,0,,,,,,
C0004,CARD_D,삼성카드 삼성 iD SELECT ALL 카드,2025-12,356600,23,0,400000.0,43400,1,14500,0,14500.0,14500.0,외식,동네식당,79700.0,"D카드 SELECT 7% 할인까지 4만 3,400원 남았어요. 이번 주 외식은 D카드로 결제하세요."
C0004,CARD_E,NH농협카드 올바른 FLEX 카드,2025-12,15540,2,0,300000.0,284460,0,0,0,0.0,0.0,교통비,티머니,52000.0,"E카드 스타벅스 50% 할인까지 28만 4,500원 남았어요. 이번 주 교통비는 E카드로 결제하세요."
C0005,CARD_A,신한카드 Mr.Life,2025-12,289600,1,0,300000.0,10400,0,0,0,0.0,0.0,장보기,롯데마트,574800.0,A카드 공과금·편의점 10% 할인까지 1만 400원 남았어요. 이번 주말 장보기는 A카드로 결제하세요.
C0005,CARD_B,KB국민카드 굿데이카드,2025-12,6530,1,0,300000.0,293470,1,650,0,650.0,650.0,커피,이디야커피,5500.0,"B카드 통신비 10% 할인까지 29만 3,500원 남았어요. 이번 주 커피는 B카드로 결제하세요."
C0005,CARD_C,하나카드 MOVING카드 ALLDAY모드,2025-12,799130,11,1,,0,1,4000,4000,,,,,,
C0005,CARD_D,삼성카드 삼성 iD SELECT ALL 카드,2025-12,0,0,0,400000.0,400000,0,0,0,0.0,0.0,장보기,롯데마트,574800.0,D카드 SELECT 7% 할인까지 40만 원 남았어요. 이번 주말 장보기는 D카드로 결제하세요.
C0005,CARD_E,NH농협카드 올바른 FLEX 카드,2025-12,53500,1,0,300000.0,246500,0,0,0,5000.0,5000.0,커피,이디야커피,5500.0,"E카드 스타벅스 50% 할인까지 24만 6,500원 남았어요. 이번 주 커피는 E카드로 결제하세요."
C0006,CARD_A,신한카드 Mr.Life,2025-12,169340,21,0,300000.0,130660,2,1370,0,1370.0,1370.0,외식,맘스터치,123000.0,A카드 공과금·편의점 10% 할인까지 13만 700원 남았어요. 이번 주 외식은 A카드로 결제하세요.
C0006,CARD_B,KB국민카드 굿데이카드,2025-12,0,0,0,300000.0,300000,0,0,0,0.0,0.0,교통비,카카오T,83400.0,B카드 통신비 10% 할인까지 30만 원 남았어요. 이번 주 교통비는 B카드로 결제하세요.
C0006,CARD_C,하나카드 MOVING카드 ALLDAY모드,2025-12,7480,1,1,,0,1,40,40,,,,,,
C0006,CARD_D,삼성카드 삼성 iD SELECT ALL 카드,2025-12,0,0,0,400000.0,400000,0,0,0,0.0,0.0,외식,맘스터치,123000.0,D카드 SELECT 7% 할인까지 40만 원 남았어요. 이번 주 외식은 D카드로 결제하세요.
C0006,CARD_E,NH농협카드 올바른 FLEX 카드,2025-12,0,0,0,300000.0,300000,0,0,0,0.0,0.0,교통비,카카오T,83400.0,E카드 스타벅스 50% 할인까지 30만 원 남았어요. 이번 주 교통비는 E카드로 결제하세요.
C0007,CARD_A,신한카드 Mr.Life,2025-12,48300,1,0,300000.0,251700,0,0,0,0.0,0.0,외식,김밥천국,38200.0,"A카드 공과금·편의점 10% 할인까지 25만 1,700원 남았어요. 이번 주 외식은 A카드로 결제하세요."
C0007,CARD_B,KB국민카드 굿데이카드,2025-12,730450,9,2,1200000.0,469550,3,6800,6800,6800.0,0.0,외식,김밥천국,38200.0,"B카드 학원비 10% 할인까지 46만 9,600원 남았어요. 이번 주 외식은 B카드로 결제하세요."
C0007,CARD_C,하나카드 MOVING카드 ALLDAY모드,2025-12,7780,1,1,,0,1,40,40,,,,,,
C0007,CARD_D,삼성카드 삼성 iD SELECT ALL 카드,2025-12,40600,2,0,400000.0,359400,0,0,0,5280.0,5280.0,외식,김밥천국,38200.0,"D카드 SELECT 7% 할인까지 35만 9,400원 남았어요. 이번 주 외식은 D카드로 결제하세요."
C0007,CARD_E,NH농협카드 올바른 FLEX 카드,2025-12,0,0,0,300000.0,300000,0,0,0,0.0,0.0,구독료,넷플릭스,17000.0,E카드 스타벅스 50% 할인까지 30만 원 남았어요. 이번 주 구독료는 E카드로 결제하세요.
C0008,CARD_A,신한카드 Mr.Life,2025-12,15350,2,0,300000.0,284650,0,0,0,140.0,140.0,편의점,GS25,4300.0,"A카드 공과금·편의점 10% 할인까지 28만 4,600원 남았어요. 이번 주 편의점은 A카드로 결제하세요."
C0008,CARD_B,KB국민카드 굿데이카드,2025-12,0,0,0,300000.0,300000,0,0,0,0.0,0.0,편의점,GS25,4300.0,B카드 통신비 10% 할인까지 30만 원 남았어요. 이번 주 편의점은 B카드로 결제하세요.
C0008,CARD_C,하나카드 MOVING카드 ALLDAY모드,2025-12,55990,2,1,,0,1,280,280,,,,,,
C0008,CARD_D,삼성카드 삼성 iD SELECT ALL 카드,2025-12,0,0,0,400000.0,400000,0,0,0,0.0,0.0,편의점,GS25,4300.0,D카드 SELECT 7% 할인까지 40만 원 남았어요. 이번 주 편의점은 D카드로 결제하세요.
C0008,CARD_E,NH농협카드 올바른 FLEX 카드,2025-12,38800,1,0,300000.0,261200,0,0,0,0.0,0.0,편의점,GS25,4300.0,"E카드 스타벅스 50% 할인까지 26만 1,200원 남았어요. 이번 주 편의점은 E카드로 결제하세요."
C0009,CARD_A,신한카드 Mr.Life,2025-12,0,0,0,300000.0,300000,0,0,0,0.0,0.0,온라인쇼핑,G마켓,72100.0,A카드 공과금·편의점 10% 할인까지 30만 원 남았어요. 이번 주 온라인쇼핑은 A카드로 결제하세요.
C0009,CARD_B,KB국민카드 굿데이카드,2025-12,219880,8,0,300000.0,80120,1,0,0,0.0,0.0,커피,투썸플레이스,8600.0,B카드 통신비 10% 할인까지 8만 100원 남았어요. 이번 주 커피는 B카드로 결제하세요.
C0009,CARD_C,하나카드 MOVING카드 ALLDAY모드,2025-12,7900,1,1,,0,1,40,40,,,,,,
C0009,CARD_D,삼성카드 삼성 iD SELECT ALL 카드,2025-12,0,0,0,400000.0,400000,0,0,0,0.0,0.0,구독료,네이버플러스 멤버십,18000.0,D카드 SELECT 7% 할인까지 40만 원 남았어요. 이번 주 구독료는 D카드로 결제하세요.
C0009,CARD_E,NH농협카드 올바른 FLEX 카드,2025-12,10900,1,0,300000.0,289100,0,0,0,0.0,0.0,구독료,네이버플러스 멤버십,18000.0,"E카드 스타벅스 50% 할인까지 28만 9,100원 남았어요. 이번 주 구독료는 E카드로 결제하세요."
C0010,CARD_A,신한카드 Mr.Life,2025-12,454430,8,1,500000.0,45570,3,5400,3400,5400.0,2000.0,커피,메가MGC커피,25800.0,"A카드 할인한도 월 3.4만 원까지 4만 5,600원 남았어요. 이번 주 커피는 A카드로 결제하세요."
C0010,CARD_B,KB국민카드 굿데이카드,2025-12,0,0,0,300000.0,300000,0,0,0,0.0,0.0,커피,메가MGC커피,25800.0,B카드 통신비 10% 할인까지 30만 원 남았어요. 이번 주 커피는 B카드로 결제하세요.
C0010,CARD_C,하나카드 MOVING카드 ALLDAY모드,2025-12,0,0,1,,0,1,0,0,,,,,,
C0010,CARD_D,삼성카드 삼성 iD SELECT ALL 카드,2025-12,0,0,0,400000.0,400000,0,0,0,0.0,0.0,구독료,넷플릭스,26900.0,D카드 SELECT 7% 할인까지 40만 원 남았어요. 이번 주 구독료는 D카드로 결제하세요.
C0010,CARD_E,NH농협카드 올바른 FLEX 카드,2025-12,23940,3,0,300000.0,276060,0,0,0,0.0,0.0,커피,메가MGC커피,25800.0,"E카드 스타벅스 50% 할인까지 27만 6,100원 남았어요. 이번 주 커피는 E카드로 결제하세요."
C0011,CARD_A,신한카드 Mr.Life,2025-12,602900,11,2,1000000.0,397100,3,5580,5580,5580.0,0.0,장보기,동네마트,792800.0,"A카드 할인한도 월 5만 원까지 39만 7,100원 남았어요. 이번 주말 장보기는 A카드로 결제하세요."
C0011,CARD_B,KB국민카드 굿데이카드,2025-12,0,0,0,300000.0,300000,0,0,0,0.0,0.0,편의점,CU,15400.0,B카드 통신비 10% 할인까지 30만 원 남았어요. 이번 주 편의점은 B카드로 결제하세요.
C0011,CARD_C,하나카드 MOVING카드 ALLDAY모드,2025-12,0,0,1,,0,1,0,0,,,,,,
C0011,CARD_D,삼성카드 삼성 iD SELECT ALL 카드,2025-12,0,0,0,400000.0,400000,0,0,0,0.0,0.0,장보기,동네마트,792800.0,D카드 SELECT 7% 할인까지 40만 원 남았어요. 이번 주말 장보기는 D카드로 결제하세요.
C0011,CARD_E,NH농협카드 올바른 FLEX 카드,2025-12,0,0,0,300000.0,300000,0,0,0,0.0,0.0,편의점,CU,15400.0,E카드 스타벅스 50% 할인까지 30만 원 남았어요. 이번 주 편의점은 E카드로 결제하세요.
C0012,CARD_A,신한카드 Mr.Life,2025-12,1115800,7,3,,0,3,0,0,,,,,,
C0012,CARD_B,KB국민카드 굿데이카드,2025-12,67500,1,0,300000.0,232500,0,0,0,3000.0,3000.0,외식,맘스터치,37600.0,"B카드 통신비 10% 할인까지 23만 2,500원 남았어요. 이번 주 외식은 B카드로 결제하세요."
C0012,CARD_C,하나카드 MOVING카드 ALLDAY모드,2025-12,0,0,1,,0,1,0,0,,,,,,
C0012,CARD_D,삼성카드 삼성 iD SELECT ALL 카드,2025-12,0,0,0,400000.0,400000,0,0,0,0.0,0.0,외식,맘스터치,37600.0,D카드 SELECT 7% 할인까지 40만 원 남았어요. 이번 주 외식은 D카드로 결제하세요.
C0012,CARD_E,NH농협카드 올바른 FLEX 카드,2025-12,0,0,0,300000.0,300000,0,0,0,0.0,0.0,온라인쇼핑,쿠팡,19900.0,E카드 스타벅스 50% 할인까지 30만 원 남았어요. 이번 주 온라인쇼핑은 E카드로 결제하세요.
C0013,CARD_A,신한카드 Mr.Life,2025-12,12240,2,0,300000.0,287760,0,0,0,130.0,130.0,외식,동네식당,105900.0,"A카드 공과금·편의점 10% 할인까지 28만 7,800원 남았어요. 이번 주 외식은 A카드로 결제하세요."
C0013,CARD_B,KB국민카드 굿데이카드,2025-12,343650,14,1,600000.0,256350,2,1940,720,1940.0,1230.0,외식,동네식당,105900.0,"B카드 외식·커피 10% 할인까지 25만 6,400원 남았어요. 이번 주 외식은 B카드로 결제하세요."
C0013,CARD_C,하나카드 MOVING카드 ALLDAY모드,2025-12,14900,1,1,,0,1,70,70,,,,,,
C0013,CARD_D,삼성카드 삼성 iD SELECT ALL 카드,2025-12,11100,1,0,400000.0,388900,0,0,0,850.0,850.0,배달 주문,배달의민족,112100.0,"D카드 SELECT 7% 할인까지 38만 8,900원 남았어요. 이번 주 배달 주문은 D카드로 결제하세요."
C0013,CARD_E,NH농협카드 올바른 FLEX 카드,2025-12,91120,4,0,300000.0,208880,0,0,0,4520.0,4520.0,배달 주문,배달의민족,112100.0,"E카드 스타벅스 50% 할인까지 20만 8,900원 남았어요. 이번 주 배달 주문은 E카드로 결제하세요."
C0014,CARD_A,신한카드 Mr.Life,2025-12,0,0,0,300000.0,300000,0,0,0,0.0,0.0,외식,파인다이닝 레스토랑,538500.0,A카드 공과금·편의점 10% 할인까지 30만 원 남았어요. 이번 주 외식은 A카드로 결제하세요.
C0014,CARD_B,KB국민카드 굿데이카드,2025-12,26500,1,0,300000.0,273500,0,0,0,0.0,0.0,외식,파인다이닝 레스토랑,538500.0,"B카드 통신비 10% 할인까지 27만 3,500원 남았어요. 이번 주 외식은 B카드로 결제하세요."
C0014,CARD_C,하나카드 MOVING카드 ALLDAY모드,2025-12,2073460,9,1,,0,1,20730,20730,,,,,,
C0014,CARD_D,삼성카드 삼성 iD SELECT ALL 카드,2025-12,0,0,0,400000.0,400000,0,0,0,0.0,0.0,외식,파인다이닝 레스토랑,538500.0,D카드 SELECT 7% 할인까지 40만 원 남았어요. 이번 주 외식은 D카드로 결제하세요.
C0014,CARD_E,NH농협카드 올바른 FLEX 카드,2025-12,40100,1,0,300000.0,259900,0,0,0,4010.0,4010.0,편의점,세븐일레븐,13000.0,"E카드 스타벅스 50% 할인까지 25만 9,900원 남았어요. 이번 주 편의점은 E카드로 결제하세요."
C0015,CARD_A,신한카드 Mr.Life,2025-12,0,0,0,300000.0,300000,0,0,0,0.0,0.0,편의점,CU,8800.0,A카드 공과금·편의점 10% 할인까지 30만 원 남았어요. 이번 주 편의점은 A카드로 결제하세요.
C0015,CARD_B,KB국민카드 굿데이카드,2025-12,0,0,0,300000.0,300000,0,0,0,0.0,0.0,편의점,CU,8800.0,B카드 통신비 10% 할인까지 30만 원 남았어요. 이번 주 편의점은 B카드로 결제하세요.
C0015,CARD_C,하나카드 MOVING카드 ALLDAY모드,2025-12,75660,5,1,,0,1,380,380,,,,,,
C0015,CARD_D,삼성카드 삼성 iD SELECT ALL 카드,2025-12,0,0,0,400000.0,400000,0,0,0,0.0,0.0,편의점,CU,8800.0,D카드 SELECT 7% 할인까지 40만 원 남았어요. 이번 주 편의점은 D카드로 결제하세요.
C0015,CARD_E,NH농협카드 올바른 FLEX 카드,2025-12,0,0,0,300000.0,300000,0,0,0,0.0,0.0,편의점,CU,8800.0,E카드 스타벅스 50% 할인까지 30만 원 남았어요. 이번 주 편의점은 E카드로 결제하세요.
C0016,CARD_A,신한카드 Mr.Life,2025-12,49000,1,0,300000.0,251000,0,0,0,0.0,0.0,장보기,동네마트,400200.0,"A카드 공과금·편의점 10% 할인까지 25만 1,000원 남았어요. 이번 주말 장보기는 A카드로 결제하세요."
C0016,CARD_B,KB국민카드 굿데이카드,2025-12,108900,2,0,300000.0,191100,0,0,0,2530.0,2530.0,외식,스시오마카세,218000.0,"B카드 통신비 10% 할인까지 19만 1,100원 남았어요. 이번 주 외식은 B카드로 결제하세요."
C0016,CARD_C,하나카드 MOVING카드 ALLDAY모드,2025-12,0,0,1,,0,1,0,0,,,,,,
C0016,CARD_D,삼성카드 삼성 iD SELECT ALL 카드,2025-12,0,0,0,400000.0,400000,0,0,0,0.0,0.0,장보기,동네마트,400200.0,D카드 SELECT 7% 할인까지 40만 원 남았어요. 이번 주말 장보기는 D카드로 결제하세요.
C0016,CARD_E,NH농협카드 올바른 FLEX 카드,2025-12,669990,11,1,,0,1,5660,5660,,,,,,
C0017,CARD_A,신한카드 Mr.Life,2025-12,2186480,21,3,,0,3,0,0,,,,,,
C0017,CARD_B,KB국민카드 굿데이카드,2025-12,12000,1,0,300000.0,288000,0,0,0,0.0,0.0,외식,고깃집,294800.0,"B카드 통신비 10% 할인까지 28만 8,000원 남았어요. 이번 주 외식은 B카드로 결제하세요."
C0017,CARD_C,하나카드 MOVING카드 ALLDAY모드,2025-12,11940,2,1,,0,1,60,60,,,,,,
C0017,CARD_D,삼성카드 삼성 iD SELECT ALL 카드,2025-12,16400,1,0,400000.0,383600,0,0,0,930.0,930.0,외식,고깃집,294800.0,"D카드 SELECT 7% 할인까지 38만 3,600원 남았어요. 이번 주 외식은 D카드로 결제하세요."
C0017,CARD_E,NH농협카드 올바른 FLEX 카드,2025-12,274900,3,0,300000.0,25100,0,0,0,5000.0,5000.0,온라인쇼핑,G마켓,214800.0,"E카드 스타벅스 50% 할인까지 2만 5,100원 남았어요. 이번 주 온라인쇼핑은 E카드로 결제하세요."
C0018,CARD_A,신한카드 Mr.Life,2025-12,1073990,23,3,,0,3,11610,11610,,,,,,
C0018,CARD_B,KB국민카드 굿데이카드,2025-12,30800,2,0,300000.0,269200,1,0,0,0.0,0.0,커피,스타벅스,58200.0,"B카드 통신비 10% 할인까지 26만 9,200원 남았어요. 이번 주 커피는 B카드로 결제하세요."
C0018,CARD_C,하나카드 MOVING카드 ALLDAY모드,2025-12,17100,1,1,,0,1,90,90,,,,,,
C0018,CARD_D,삼성카드 삼성 iD SELECT ALL 카드,2025-12,41200,2,0,400000.0,358800,0,0,0,2440.0,2440.0,배달 주문,배달의민족,285100.0,"D카드 SELECT 7% 할인까지 35만 8,800원 남았어요. 이번 주 배달 주문은 D카드로 결제하세요."
C0018,CARD_E,NH농협카드 올바른 FLEX 카드,2025-12,31400,2,0,300000.0,268600,0,0,0,2790.0,2790.0,커피,스타벅스,58200.0,"E카드 스타벅스 50% 할인까지 26만 8,600원 남았어요. 이번 주 커피는 E카드로 결제하세요."
C0019,CARD_A,신한카드 Mr.Life,2025-12,0,0,0,300000.0,300000,0,0,0,0.0,0.0,장보기,이마트,320400.0,A카드 공과금·편의점 10% 할인까지 30만 원 남았어요. 이번 주말 장보기는 A카드로 결제하세요.
C0019,CARD_B,KB국민카드 굿데이카드,2025-12,50200,1,0,300000.0,249800,0,0,0,0.0,0.0,외식,고깃집,32500.0,"B카드 통신비 10% 할인까지 24만 9,800원 남았어요. 이번 주 외식은 B카드로 결제하세요."
C0019,CARD_C,하나카드 MOVING카드 ALLDAY모드,2025-12,100780,5,1,,0,1,500,500,,,,,,
C0019,CARD_D,삼성카드 삼성 iD SELECT ALL 카드,2025-12,0,0,0,400000.0,400000,0,0,0,0.0,0.0,장보기,이마트,320400.0,D카드 SELECT 7% 할인까지 40만 원 남았어요. 이번 주말 장보기는 D카드로 결제하세요.
C0019,CARD_E,NH농협카드 올바른 FLEX 카드,2025-12,121300,2,0,300000.0,178700,0,0,0,2520.0,2520.0,온라인쇼핑,네이버쇼핑,165600.0,"E카드 스타벅스 50% 할인까지 17만 8,700원 남았어요. 이번 주 온라인쇼핑은 E카드로 결제하세요."
C0020,CARD_A,신한카드 Mr.Life,2025-12,1036240,10,3,,0,3,10860,10860,,,,,,
C0020,CARD_B,KB국민카드 굿데이카드,2025-12,0,0,0,300000.0,300000,0,0,0,0.0,0.0,외식,동네식당,637400.0,B카드 통신비 10% 할인까지 30만 원 남았어요. 이번 주 외식은 B카드로 결제하세요.
C0020,CARD_C,하나카드 MOVING카드 ALLDAY모드,2025-12,7360,1,1,,0,1,220,220,,,,,,
C0020,CARD_D,삼성카드 삼성 iD SELECT ALL 카드,2025-12,49600,1,0,400000.0,350400,0,0,0,3820.0,3820.0,외식,동네식당,637400.0,D카드 SELECT 7% 할인까지 35만 400원 남았어요. 이번 주 외식은 D카드로 결제하세요.
C0020,CARD_E,NH농협카드 올바른 FLEX 카드,2025-12,0,0,0,300000.0,300000,0,0,0,0.0,0.0,교통비,티머니,24600.0,E카드 스타벅스 50% 할인까지 30만 원 남았어요. 이번 주 교통비는 E카드로 결제하세요.
C0021,CARD_A,신한카드 Mr.Life,2025-12,0,0,0,300000.0,300000,0,0,0,0.0,0.0,온라인쇼핑,쿠팡,675200.0,A카드 공과금·편의점 10% 할인까지 30만 원 남았어요. 이번 주 온라인쇼핑은 A카드로 결제하세요.
C0021,CARD_B,KB국민카드 굿데이카드,2025-12,21200,1,0,300000.0,278800,0,0,0,0.0,0.0,편의점,CU,29100.0,"B카드 통신비 10% 할인까지 27만 8,800원 남았어요. 이번 주 편의점은 B카드로 결제하세요."
C0021,CARD_C,하나카드 MOVING카드 ALLDAY모드,2025-12,3900,1,1,,0,1,20,20,,,,,,
C0021,CARD_D,삼성카드 삼성 iD SELECT ALL 카드,2025-12,1709900,19,3,,0,3,26970,26970,,,,,,
C0021,CARD_E,NH농협카드 올바른 FLEX 카드,2025-12,189400,3,0,300000.0,110600,0,0,0,1640.0,1640.0,온라인쇼핑,쿠팡,675200.0,E카드 스타벅스 50% 할인까지 11만 600원 남았어요. 이번 주 온라인쇼핑은 E카드로 결제하세요.
C0022,CARD_A,신한카드 Mr.Life,2025-12,148000,2,0,300000.0,152000,2,0,0,0.0,0.0,외식,동네식당,109900.0,"A카드 공과금·편의점 10% 할인까지 15만 2,000원 남았어요. 이번 주 외식은 A카드로 결제하세요."
C0022,CARD_B,KB국민카드 굿데이카드,2025-12,0,0,0,300000.0,300000,0,0,0,0.0,0.0,외식,동네식당,109900.0,B카드 통신비 10% 할인까지 30만 원 남았어요. 이번 주 외식은 B카드로 결제하세요.
C0022,CARD_C,하나카드 MOVING카드 ALLDAY모드,2025-12,35700,1,1,,0,1,180,180,,,,,,
C0022,CARD_D,삼성카드 삼성 iD SELECT ALL 카드,2025-12,385890,11,0,400000.0,14110,3,6870,0,6870.0,6870.0,외식,동네식당,109900.0,"D카드 SELECT 7% 할인까지 1만 4,100원 남았어요. 이번 주 외식은 D카드로 결제하세요."
C0022,CARD_E,NH농협카드 올바른 FLEX 카드,2025-12,184700,1,0,300000.0,115300,0,0,0,0.0,0.0,커피,스타벅스,15900.0,"E카드 스타벅스 50% 할인까지 11만 5,300원 남았어요. 이번 주 커피는 E카드로 결제하세요."
C0023,CARD_A,신한카드 Mr.Life,2025-12,813690,13,2,1000000.0,186310,2,17180,17180,21450.0,4270.0,장보기,롯데마트,437000.0,"A카드 할인한도 월 5만 원까지 18만 6,300원 남았어요. 이번 주말 장보기는 A카드로 결제하세요."
C0023,CARD_B,KB국민카드 굿데이카드,2025-12,0,0,0,300000.0,300000,0,0,0,0.0,0.0,외식,맘스터치,37700.0,B카드 통신비 10% 할인까지 30만 원 남았어요. 이번 주 외식은 B카드로 결제하세요.
C0023,CARD_C,하나카드 MOVING카드 ALLDAY모드,2025-12,0,0,1,,0,1,0,0,,,,,,
C0023,CARD_D,삼성카드 삼성 iD SELECT ALL 카드,2025-12,3300,1,0,400000.0,396700,0,0,0,20.0,20.0,구독료,iCloud+,62600.0,"D카드 SELECT 7% 할인까지 39만 6,700원 남았어요. 이번 주 구독료는 D카드로 결제하세요."
C0023,CARD_E,NH농협카드 올바른 FLEX 카드,2025-12,10900,1,0,300000.0,289100,0,0,0,2180.0,2180.0,구독료,iCloud+,62600.0,"E카드 스타벅스 50% 할인까지 28만 9,100원 남았어요. 이번 주 구독료는 E카드로 결제하세요."
C0024,CARD_A,신한카드 Mr.Life,2025-12,352350,17,1,500000.0,147650,2,9950,7950,9950.0,2000.0,커피,메가MGC커피,32000.0,"A카드 할인한도 월 3.4만 원까지 14만 7,600원 남았어요. 이번 주 커피는 A카드로 결제하세요."
C0024,CARD_B,KB국민카드 굿데이카드,2025-12,1750,1,0,300000.0,298250,0,0,0,180.0,180.0,커피,메가MGC커피,32000.0,"B카드 통신비 10% 할인까지 29만 8,200원 남았어요. 이번 주 커피는 B카드로 결제하세요."
C0024,CARD_C,하나카드 MOVING카드 ALLDAY모드,2025-12,0,0,1,,0,1,0,0,,,,,,
C0024,CARD_D,삼성카드 삼성 iD SELECT ALL 카드,2025-12,0,0,0,400000.0,400000,1,0,0,0.0,0.0,배달 주문,쿠팡이츠,122700.0,D카드 SELECT 7% 할인까지 40만 원 남았어요. 이번 주 배달 주문은 D카드로 결제하세요.
C0024,CARD_E,NH농협카드 올바른 FLEX 카드,2025-12,2790,1,0,300000.0,297210,0,0,0,0.0,0.0,커피,메가MGC커피,32000.0,"E카드 스타벅스 50% 할인까지 29만 7,200원 남았어요. 이번 주 커피는 E카드로 결제하세요."
C0025,CARD_A,신한카드 Mr.Life,2025-12,17600,1,0,300000.0,282400,0,0,0,0.0,0.0,주유,SK에너지,265200.0,"A카드 공과금·편의점 10% 할인까지 28만 2,400원 남았어요. 이번 주말 주유는 A카드로 결제하세요."
C0025,CARD_B,KB국민카드 굿데이카드,2025-12,0,0,0,300000.0,300000,0,0,0,0.0,0.0,주유,SK에너지,265200.0,B카드 통신비 10% 할인까지 30만 원 남았어요. 이번 주말 주유는 B카드로 결제하세요.
C0025,CARD_C,하나카드 MOVING카드 ALLDAY모드,2025-12,0,0,1,,0,1,0,0,,,,,,
C0025,CARD_D,삼성카드 삼성 iD SELECT ALL 카드,2025-12,178100,1,0,400000.0,221900,0,0,0,6250.0,6250.0,주유,SK에너지,265200.0,"D카드 SELECT 7% 할인까지 22만 1,900원 남았어요. 이번 주말 주유는 D카드로 결제하세요."
C0025,CARD_E,NH농협카드 올바른 FLEX 카드,2025-12,422140,13,1,,0,1,3320,3320,,,,,,
C0026,CARD_A,신한카드 Mr.Life,2025-12,2698270,26,3,,0,3,30000,30000,,,,,,
C0026,CARD_B,KB국민카드 굿데이카드,2025-12,0,0,0,300000.0,300000,1,0,0,0.0,0.0,외식,한식뷔페,78200.0,B카드 통신비 10% 할인까지 30만 원 남았어요. 이번 주 외식은 B카드로 결제하세요.
C0026,CARD_C,하나카드 MOVING카드 ALLDAY모드,2025-12,0,0,1,,0,1,0,0,,,,,,
C0026,CARD_D,삼성카드 삼성 iD SELECT ALL 카드,2025-12,41800,1,0,400000.0,358200,0,0,0,3220.0,3220.0,온라인쇼핑,네이버쇼핑,1185100.0,"D카드 SELECT 7% 할인까지 35만 8,200원 남았어요. 이번 주 온라인쇼핑은 D카드로 결제하세요."
C0026,CARD_E,NH농협카드 올바른 FLEX 카드,2025-12,21800,1,0,300000.0,278200,0,0,0,1090.0,1090.0,온라인쇼핑,네이버쇼핑,1185100.0,"E카드 스타벅스 50% 할인까지 27만 8,200원 남았어요. 이번 주 온라인쇼핑은 E카드로 결제하세요."
C0027,CARD_A,신한카드 Mr.Life,2025-12,972400,22,2,1000000.0,27600,2,12810,12810,14280.0,1470.0,커피,스타벅스,10600.0,"A카드 할인한도 월 5만 원까지 2만 7,600원 남았어요. 이번 주 커피는 A카드로 결제하세요."
C0027,CARD_B,KB국민카드 굿데이카드,2025-12,0,0,0,300000.0,300000,0,0,0,0.0,0.0,커피,스타벅스,10600.0,B카드 통신비 10% 할인까지 30만 원 남았어요. 이번 주 커피는 B카드로 결제하세요.
C0027,CARD_C,하나카드 MOVING카드 ALLDAY모드,2025-12,60900,1,1,,0,1,300,300,,,,,,
C0027,CARD_D,삼성카드 삼성 iD SELECT ALL 카드,2025-12,0,0,0,400000.0,400000,0,0,0,0.0,0.0,생활용품 구매,오늘의집,259200.0,D카드 SELECT 7% 할인까지 40만 원 남았어요. 이번 주말 생활용품 구매는 D카드로 결제하세요.
C0027,CARD_E,NH농협카드 올바른 FLEX 카드,2025-12,0,0,0,300000.0,300000,0,0,0,0.0,0.0,커피,스타벅스,10600.0,E카드 스타벅스 50% 할인까지 30만 원 남았어요. 이번 주 커피는 E카드로 결제하세요.
C0028,CARD_A,신한카드 Mr.Life,2025-12,747720,14,2,1000000.0,252280,3,9840,9840,9840.0,0.0,외식,동네식당,56300.0,"A카드 할인한도 월 5만 원까지 25만 2,300원 남았어요. 이번 주 외식은 A카드로 결제하세요."
C0028,CARD_B,KB국민카드 굿데이카드,2025-12,127300,2,0,300000.0,172700,0,0,0,0.0,0.0,외식,동네식당,56300.0,"B카드 통신비 10% 할인까지 17만 2,700원 남았어요. 이번 주 외식은 B카드로 결제하세요."
C0028,CARD_C,하나카드 MOVING카드 ALLDAY모드,2025-12,0,0,1,,0,1,0,0,,,,,,
C0028,CARD_D,삼성카드 삼성 iD SELECT ALL 카드,2025-12,0,0,0,400000.0,400000,0,0,0,0.0,0.0,외식,동네식당,56300.0,D카드 SELECT 7% 할인까지 40만 원 남았어요. 이번 주 외식은 D카드로 결제하세요.
C0028,CARD_E,NH농협카드 올바른 FLEX 카드,2025-12,0,0,0,300000.0,300000,0,0,0,0.0,0.0,구독료,네이버플러스 멤버십,11500.0,E카드 스타벅스 50% 할인까지 30만 원 남았어요. 이번 주 구독료는 E카드로 결제하세요.
C0029,CARD_A,신한카드 Mr.Life,2025-12,1178000,14,3,,0,1,6090,10090,,,,,,
C0029,CARD_B,KB국민카드 굿데이카드,2025-12,113600,1,0,300000.0,186400,0,0,0,0.0,0.0,교통비,주차장,10100.0,"B카드 통신비 10% 할인까지 18만 6,400원 남았어요. 이번 주 교통비는 B카드로 결제하세요."
C0029,CARD_C,하나카드 MOVING카드 ALLDAY모드,2025-12,0,0,1,,0,1,0,0,,,,,,
C0029,CARD_D,삼성카드 삼성 iD SELECT ALL 카드,2025-12,2110,1,0,400000.0,397890,0,0,0,160.0,160.0,장보기,이마트,467600.0,"D카드 SELECT 7% 할인까지 39만 7,900원 남았어요. 이번 주말 장보기는 D카드로 결제하세요."
C0029,CARD_E,NH농협카드 올바른 FLEX 카드,2025-12,0,0,0,300000.0,300000,0,0,0,0.0,0.0,교통비,주차장,10100.0,E카드 스타벅스 50% 할인까지 30만 원 남았어요. 이번 주 교통비는 E카드로 결제하세요.
C0030,CARD_A,신한카드 Mr.Life,2025-12,176000,1,0,300000.0,124000,0,0,0,3000.0,3000.0,장보기,이마트,787100.0,"A카드 공과금·편의점 10% 할인까지 12만 4,000원 남았어요. 이번 주말 장보기는 A카드로 결제하세요."
C0030,CARD_B,KB국민카드 굿데이카드,2025-12,184100,1,0,300000.0,115900,0,0,0,0.0,0.0,외식,고깃집,62700.0,"B카드 통신비 10% 할인까지 11만 5,900원 남았어요. 이번 주 외식은 B카드로 결제하세요."
C0030,CARD_C,하나카드 MOVING카드 ALLDAY모드,2025-12,33700,1,1,,0,1,170,170,,,,,,
C0030,CARD_D,삼성카드 삼성 iD SELECT ALL 카드,2025-12,117200,1,0,400000.0,282800,0,0,0,7820.0,7820.0,장보기,이마트,787100.0,"D카드 SELECT 7% 할인까지 28만 2,800원 남았어요. 이번 주말 장보기는 D카드로 결제하세요."
C0030,CARD_E,NH농협카드 올바른 FLEX 카드,2025-12,1647300,24,1,,0,1,10740,10740,,,,,,
C0031,CARD_A,신한카드 Mr.Life,2025-12,0,0,0,300000.0,300000,0,0,0,0.0,0.0,장보기,동네마트,221300.0,A카드 공과금·편의점 10% 할인까지 30만 원 남았어요. 이번 주말 장보기는 A카드로 결제하세요.
C0031,CARD_B,KB국민카드 굿데이카드,2025-12,0,0,0,300000.0,300000,0,0,0,0.0,0.0,편의점,GS25,11700.0,B카드 통신비 10% 할인까지 30만 원 남았어요. 이번 주 편의점은 B카드로 결제하세요.
C0031,CARD_C,하나카드 MOVING카드 ALLDAY모드,2025-12,677150,12,1,,0,1,6770,6770,,,,,,
C0031,CARD_D,삼성카드 삼성 iD SELECT ALL 카드,2025-12,0,0,0,400000.0,400000,0,0,0,0.0,0.0,장보기,동네마트,221300.0,D카드 SELECT 7% 할인까지 40만 원 남았어요. 이번 주말 장보기는 D카드로 결제하세요.
C0031,CARD_E,NH농협카드 올바른 FLEX 카드,2025-12,0,0,0,300000.0,300000,0,0,0,0.0,0.0,편의점,GS25,11700.0,E카드 스타벅스 50% 할인까지 30만 원 남았어요. 이번 주 편의점은 E카드로 결제하세요.
C0032,CARD_A,신한카드 Mr.Life,2025-12,45200,1,0,300000.0,254800,0,0,0,1600.0,1600.0,장보기,하나로마트,463300.0,"A카드 공과금·편의점 10% 할인까지 25만 4,800원 남았어요. 이번 주말 장보기는 A카드로 결제하세요."
C0032,CARD_B,KB국민카드 굿데이카드,2025-12,8790,1,0,300000.0,291210,0,0,0,0.0,0.0,외식,아웃백스테이크하우스,58400.0,"B카드 통신비 10% 할인까지 29만 1,200원 남았어요. 이번 주 외식은 B카드로 결제하세요."
C0032,CARD_C,하나카드 MOVING카드 ALLDAY모드,2025-12,632100,9,1,,0,1,6320,6320,,,,,,
C0032,CARD_D,삼성카드 삼성 iD SELECT ALL 카드,2025-12,0,0,0,400000.0,400000,0,0,0,0.0,0.0,장보기,하나로마트,463300.0,D카드 SELECT 7% 할인까지 40만 원 남았어요. 이번 주말 장보기는 D카드로 결제하세요.
C0032,CARD_E,NH농협카드 올바른 FLEX 카드,2025-12,0,0,0,300000.0,300000,0,0,0,0.0,0.0,온라인쇼핑,네이버쇼핑,81500.0,E카드 스타벅스 50% 할인까지 30만 원 남았어요. 이번 주 온라인쇼핑은 E카드로 결제하세요.
C0033,CARD_A,신한카드 Mr.Life,2025-12,2037060,24,3,,0,3,30770,30770,,,,,,
C0033,CARD_B,KB국민카드 굿데이카드,2025-12,14900,1,0,300000.0,285100,0,0,0,0.0,0.0,편의점,GS25,15900.0,"B카드 통신비 10% 할인까지 28만 5,100원 남았어요. 이번 주 편의점은 B카드로 결제하세요."
C0033,CARD_C,하나카드 MOVING카드 ALLDAY모드,2025-12,379800,2,1,,0,1,1900,1900,,,,,,
C0033,CARD_D,삼성카드 삼성 iD SELECT ALL 카드,2025-12,147400,2,0,400000.0,252600,0,0,0,2320.0,2320.0,배달 주문,배달의민족,83300.0,"D카드 SELECT 7% 할인까지 25만 2,600원 남았어요. 이번 주 배달 주문은 D카드로 결제하세요."
C0033,CARD_E,NH농협카드 올바른 FLEX 카드,2025-12,0,0,0,300000.0,300000,0,0,0,0.0,0.0,배달 주문,배달의민족,83300.0,E카드 스타벅스 50% 할인까지 30만 원 남았어요. 이번 주 배달 주문은 E카드로 결제하세요.
C0034,CARD_A,신한카드 Mr.Life,2025-12,0,0,0,300000.0,300000,0,0,0,0.0,0.0,주유,알뜰주유소,400800.0,A카드 공과금·편의점 10% 할인까지 30만 원 남았어요. 이번 주말 주유는 A카드로 결제하세요.
C0034,CARD_B,KB국민카드 굿데이카드,2025-12,0,0,0,300000.0,300000,0,0,0,0.0,0.0,주유,알뜰주유소,400800.0,B카드 통신비 10% 할인까지 30만 원 남았어요. 이번 주말 주유는 B카드로 결제하세요.
C0034,CARD_C,하나카드 MOVING카드 ALLDAY모드,2025-12,898320,19,1,,0,1,9540,9540,,,,,,
C0034,CARD_D,삼성카드 삼성 iD SELECT ALL 카드,2025-12,76530,3,0,400000.0,323470,2,5890,0,5890.0,5890.0,주유,알뜰주유소,400800.0,"D카드 SELECT 7% 할인까지 32만 3,500원 남았어요. 이번 주말 주유는 D카드로 결제하세요."
C0034,CARD_E,NH농협카드 올바른 FLEX 카드,2025-12,90800,2,0,300000.0,209200,0,0,0,0.0,0.0,편의점,CU,24000.0,"E카드 스타벅스 50% 할인까지 20만 9,200원 남았어요. 이번 주 편의점은 E카드로 결제하세요."
C0035,CARD_A,신한카드 Mr.Life,2025-12,0,0,0,300000.0,300000,0,0,0,0.0,0.0,병원·약국,약국,91200.0,A카드 공과금·편의점 10% 할인까지 30만 원 남았어요. 이번 주 병원·약국은 A카드로 결제하세요.
C0035,CARD_B,KB국민카드 굿데이카드,2025-12,253700,1,0,300000.0,46300,0,0,0,0.0,0.0,교통비,카카오T,20500.0,"B카드 통신비 10% 할인까지 4만 6,300원 남았어요. 이번 주 교통비는 B카드로 결제하세요."
C0035,CARD_C,하나카드 MOVING카드 ALLDAY모드,2025-12,346140,7,1,,0,1,3460,3460,,,,,,
C0035,CARD_D,삼성카드 삼성 iD SELECT ALL 카드,2025-12,5420,1,0,400000.0,394580,0,0,0,420.0,420.0,병원·약국,약국,91200.0,"D카드 SELECT 7% 할인까지 39만 4,600원 남았어요. 이번 주 병원·약국은 D카드로 결제하세요."
C0035,CARD_E,NH농협카드 올바른 FLEX 카드,2025-12,0,0,0,300000.0,300000,0,0,0,0.0,0.0,교통비,카카오T,20500.0,E카드 스타벅스 50% 할인까지 30만 원 남았어요. 이번 주 교통비는 E카드로 결제하세요.
C0036,CARD_A,신한카드 Mr.Life,2025-12,355100,14,1,500000.0,144900,2,20000,10000,20000.0,10000.0,커피,빽다방,16900.0,"A카드 할인한도 월 3.4만 원까지 14만 4,900원 남았어요. 이번 주 커피는 A카드로 결제하세요."
C0036,CARD_B,KB국민카드 굿데이카드,2025-12,0,0,0,300000.0,300000,0,0,0,0.0,0.0,커피,빽다방,16900.0,B카드 통신비 10% 할인까지 30만 원 남았어요. 이번 주 커피는 B카드로 결제하세요.
C0036,CARD_C,하나카드 MOVING카드 ALLDAY모드,2025-12,0,0,1,,0,1,0,0,,,,,,
C0036,CARD_D,삼성카드 삼성 iD SELECT ALL 카드,2025-12,0,0,0,400000.0,400000,0,0,0,0.0,0.0,편의점,CU,14800.0,D카드 SELECT 7% 할인까지 40만 원 남았어요. 이번 주 편의점은 D카드로 결제하세요.
C0036,CARD_E,NH농협카드 올바른 FLEX 카드,2025-12,3110,1,0,300000.0,296890,0,0,0,220.0,220.0,커피,빽다방,16900.0,"E카드 스타벅스 50% 할인까지 29만 6,900원 남았어요. 이번 주 커피는 E카드로 결제하세요."
C0037,CARD_A,신한카드 Mr.Life,2025-12,0,0,0,300000.0,300000,0,0,0,0.0,0.0,외식,동네식당,75100.0,A카드 공과금·편의점 10% 할인까지 30만 원 남았어요. 이번 주 외식은 A카드로 결제하세요.
C0037,CARD_B,KB국민카드 굿데이카드,2025-12,260700,8,0,300000.0,39300,3,1470,0,0.0,0.0,외식,동네식당,75100.0,"B카드 통신비 10% 할인까지 3만 9,300원 남았어요. 이번 주 외식은 B카드로 결제하세요."
C0037,CARD_C,하나카드 MOVING카드 ALLDAY모드,2025-12,88500,1,1,,0,1,440,440,,,,,,
C0037,CARD_D,삼성카드 삼성 iD SELECT ALL 카드,2025-12,4730,1,0,400000.0,395270,0,0,0,30.0,30.0,배달 주문,쿠팡이츠,87000.0,"D카드 SELECT 7% 할인까지 39만 5,300원 남았어요. 이번 주 배달 주문은 D카드로 결제하세요."
C0037,CARD_E,NH농협카드 올바른 FLEX 카드,2025-12,188270,2,0,300000.0,111730,0,0,0,0.0,0.0,배달 주문,쿠팡이츠,87000.0,"E카드 스타벅스 50% 할인까지 11만 1,700원 남았어요. 이번 주 배달 주문은 E카드로 결제하세요."
C0038,CARD_A,신한카드 Mr.Life,2025-12,604020,10,2,1000000.0,395980,3,10220,7220,10220.0,3000.0,외식,서브웨이,88200.0,"A카드 할인한도 월 5만 원까지 39만 6,000원 남았어요. 이번 주 외식은 A카드로 결제하세요."
C0038,CARD_B,KB국민카드 굿데이카드,2025-12,0,0,0,300000.0,300000,0,0,0,0.0,0.0,외식,서브웨이,88200.0,B카드 통신비 10% 할인까지 30만 원 남았어요. 이번 주 외식은 B카드로 결제하세요.
C0038,CARD_C,하나카드 MOVING카드 ALLDAY모드,2025-12,0,0,1,,0,1,0,0,,,,,,
C0038,CARD_D,삼성카드 삼성 iD SELECT ALL 카드,2025-12,6320,1,0,400000.0,393680,0,0,0,490.0,490.0,생활용품 구매,오늘의집,789500.0,"D카드 SELECT 7% 할인까지 39만 3,700원 남았어요. 이번 주말 생활용품 구매는 D카드로 결제하세요."
C0038,CARD_E,NH농협카드 올바른 FLEX 카드,2025-12,0,0,0,300000.0,300000,0,0,0,0.0,0.0,커피,스타벅스,17300.0,E카드 스타벅스 50% 할인까지 30만 원 남았어요. 이번 주 커피는 E카드로 결제하세요.
C0039,CARD_A,신한카드 Mr.Life,2025-12,412410,14,1,500000.0,87590,2,11510,11100,11510.0,410.0,편의점,세븐일레븐,27400.0,"A카드 할인한도 월 3.4만 원까지 8만 7,600원 남았어요. 이번 주 편의점은 A카드로 결제하세요."
C0039,CARD_B,KB국민카드 굿데이카드,2025-12,0,0,0,300000.0,300000,0,0,0,0.0,0.0,편의점,세븐일레븐,27400.0,B카드 통신비 10% 할인까지 30만 원 남았어요. 이번 주 편의점은 B카드로 결제하세요.
C0039,CARD_C,하나카드 MOVING카드 ALLDAY모드,2025-12,0,0,1,,0,1,0,0,,,,,,
C0039,CARD_D,삼성카드 삼성 iD SELECT ALL 카드,2025-12,150100,1,0,400000.0,249900,0,0,0,6050.0,6050.0,구독료,웨이브,100300.0,"D카드 SELECT 7% 할인까지 24만 9,900원 남았어요. 이번 주 구독료는 D카드로 결제하세요."
C0039,CARD_E,NH농협카드 올바른 FLEX 카드,2025-12,109800,3,0,300000.0,190200,0,0,0,2180.0,2180.0,구독료,웨이브,100300.0,E카드 스타벅스 50% 할인까지 19만 200원 남았어요. 이번 주 구독료는 E카드로 결제하세요.
C0040,CARD_A,신한카드 Mr.Life,2025-12,1735970,24,3,,0,3,37360,37360,,,,,,
C0040,CARD_B,KB국민카드 굿데이카드,2025-12,191500,3,0,300000.0,108500,0,0,0,0.0,0.0,편의점,CU,28200.0,"B카드 통신비 10% 할인까지 10만 8,500원 남았어요. 이번 주 편의점은 B카드로 결제하세요."
C0040,CARD_C,하나카드 MOVING카드 ALLDAY모드,2025-12,12200,1,1,,0,1,60,60,,,,,,
C0040,CARD_D,삼성카드 삼성 iD SELECT ALL 카드,2025-12,0,0,0,400000.0,400000,0,0,0,0.0,0.0,편의점,CU,28200.0,D카드 SELECT 7% 할인까지 40만 원 남았어요. 이번 주 편의점은 D카드로 결제하세요.
C0040,CARD_E,NH농협카드 올바른 FLEX 카드,2025-12,0,0,0,300000.0,300000,0,0,0,0.0,0.0,편의점,CU,28200.0,E카드 스타벅스 50% 할인까지 30만 원 남았어요. 이번 주 편의점은 E카드로 결제하세요.
C0041,CARD_A,신한카드 Mr.Life,2025-12,3396800,14,3,,0,3,5000,5000,,,,,,
C0041,CARD_B,KB국민카드 굿데이카드,2025-12,0,0,0,300000.0,300000,0,0,0,0.0,0.0,외식,스시오마카세,673600.0,B카드 통신비 10% 할인까지 30만 원 남았어요. 이번 주 외식은 B카드로 결제하세요.
C0041,CARD_C,하나카드 MOVING카드 ALLDAY모드,2025-12,0,0,1,,0,1,0,0,,,,,,
C0041,CARD_D,삼성카드 삼성 iD SELECT ALL 카드,2025-12,205300,2,0,400000.0,194700,0,0,0,3090.0,3090.0,외식,스시오마카세,673600.0,"D카드 SELECT 7% 할인까지 19만 4,700원 남았어요. 이번 주 외식은 D카드로 결제하세요."
C0041,CARD_E,NH농협카드 올바른 FLEX 카드,2025-12,0,0,0,300000.0,300000,0,0,0,0.0,0.0,편의점,세븐일레븐,23400.0,E카드 스타벅스 50% 할인까지 30만 원 남았어요. 이번 주 편의점은 E카드로 결제하세요.
C0042,CARD_A,신한카드 Mr.Life,2025-12,2586790,29,3,,0,3,22100,22100,,,,,,
C0042,CARD_B,KB국민카드 굿데이카드,2025-12,85810,2,0,300000.0,214190,0,0,0,0.0,0.0,외식,고깃집,393200.0,"B카드 통신비 10% 할인까지 21만 4,200원 남았어요. 이번 주 외식은 B카드로 결제하세요."
C0042,CARD_C,하나카드 MOVING카드 ALLDAY모드,2025-12,49240,2,1,,0,1,430,430,,,,,,
C0042,CARD_D,삼성카드 삼성 iD SELECT ALL 카드,2025-12,14200,1,0,400000.0,385800,0,0,0,100.0,100.0,외식,고깃집,393200.0,"D카드 SELECT 7% 할인까지 38만 5,800원 남았어요. 이번 주 외식은 D카드로 결제하세요."
C0042,CARD_E,NH농협카드 올바른 FLEX 카드,2025-12,51500,1,0,300000.0,248500,0,0,0,3610.0,3610.0,편의점,CU,50700.0,"E카드 스타벅스 50% 할인까지 24만 8,500원 남았어요. 이번 주 편의점은 E카드로 결제하세요."
C0043,CARD_A,신한카드 Mr.Life,2025-12,29280,2,0,300000.0,270720,0,0,0,0.0,0.0,커피,폴바셋,43200.0,A카드 공과금·편의점 10% 할인까지 27만 700원 남았어요. 이번 주 커피는 A카드로 결제하세요.
C0043,CARD_B,KB국민카드 굿데이카드,2025-12,71170,2,0,300000.0,228830,0,0,0,3390.0,3390.0,커피,폴바셋,43200.0,"B카드 통신비 10% 할인까지 22만 8,800원 남았어요. 이번 주 커피는 B카드로 결제하세요."
C0043,CARD_C,하나카드 MOVING카드 ALLDAY모드,2025-12,1087140,15,1,,0,1,11000,11000,,,,,,
C0043,CARD_D,삼성카드 삼성 iD SELECT ALL 카드,2025-12,0,0,0,400000.0,400000,0,0,0,0.0,0.0,온라인쇼핑,네이버쇼핑,254400.0,D카드 SELECT 7% 할인까지 40만 원 남았어요. 이번 주 온라인쇼핑은 D카드로 결제하세요.
C0043,CARD_E,NH농협카드 올바른 FLEX 카드,2025-12,19600,1,0,300000.0,280400,0,0,0,980.0,980.0,커피,폴바셋,43200.0,E카드 스타벅스 50% 할인까지 28만 400원 남았어요. 이번 주 커피는 E카드로 결제하세요.
C0044,CARD_A,신한카드 Mr.Life,2025-12,19200,1,0,300000.0,280800,1,1920,0,1920.0,1920.0,온라인쇼핑,쿠팡,667200.0,A카드 공과금·편의점 10% 할인까지 28만 800원 남았어요. 이번 주 온라인쇼핑은 A카드로 결제하세요.
C0044,CARD_B,KB국민카드 굿데이카드,2025-12,1073770,26,2,1200000.0,126230,3,8290,8290,8290.0,0.0,외식,서브웨이,190900.0,"B카드 학원비 10% 할인까지 12만 6,200원 남았어요. 이번 주 외식은 B카드로 결제하세요."
C0044,CARD_C,하나카드 MOVING카드 ALLDAY모드,2025-12,0,0,1,,0,1,0,0,,,,,,
C0044,CARD_D,삼성카드 삼성 iD SELECT ALL 카드,2025-12,18720,2,0,400000.0,381280,0,0,0,1360.0,1360.0,온라인쇼핑,쿠팡,667200.0,"D카드 SELECT 7% 할인까지 38만 1,300원 남았어요. 이번 주 온라인쇼핑은 D카드로 결제하세요."
C0044,CARD_E,NH농협카드 올바른 FLEX 카드,2025-12,0,0,0,300000.0,300000,0,0,0,0.0,0.0,온라인쇼핑,쿠팡,667200.0,E카드 스타벅스 50% 할인까지 30만 원 남았어요. 이번 주 온라인쇼핑은 E카드로 결제하세요.
C0045,CARD_A,신한카드 Mr.Life,2025-12,837500,10,2,1000000.0,162500,2,12000,12000,15000.0,3000.0,장보기,이마트,561200.0,"A카드 할인한도 월 5만 원까지 16만 2,500원 남았어요. 이번 주말 장보기는 A카드로 결제하세요."
C0045,CARD_B,KB국민카드 굿데이카드,2025-12,0,0,0,300000.0,300000,0,0,0,0.0,0.0,외식,한식뷔페,23100.0,B카드 통신비 10% 할인까지 30만 원 남았어요. 이번 주 외식은 B카드로 결제하세요.
C0045,CARD_C,하나카드 MOVING카드 ALLDAY모드,2025-12,86550,4,1,,0,1,430,430,,,,,,
C0045,CARD_D,삼성카드 삼성 iD SELECT ALL 카드,2025-12,0,0,0,400000.0,400000,0,0,0,0.0,0.0,장보기,이마트,561200.0,D카드 SELECT 7% 할인까지 40만 원 남았어요. 이번 주말 장보기는 D카드로 결제하세요.
C0045,CARD_E,NH농협카드 올바른 FLEX 카드,2025-12,0,0,0,300000.0,300000,0,0,0,0.0,0.0,구독료,넷플릭스,17000.0,E카드 스타벅스 50% 할인까지 30만 원 남았어요. 이번 주 구독료는 E카드로 결제하세요.
C0046,CARD_A,신한카드 Mr.Life,2025-12,3640,1,0,300000.0,296360,0,0,0,0.0,0.0,커피,스타벅스,19200.0,"A카드 공과금·편의점 10% 할인까지 29만 6,400원 남았어요. 이번 주 커피는 A카드로 결제하세요."
C0046,CARD_B,KB국민카드 굿데이카드,2025-12,41800,2,0,300000.0,258200,0,0,0,0.0,0.0,교통비,티머니,76500.0,"B카드 통신비 10% 할인까지 25만 8,200원 남았어요. 이번 주 교통비는 B카드로 결제하세요."
C0046,CARD_C,하나카드 MOVING카드 ALLDAY모드,2025-12,108630,19,1,,0,1,1580,1580,,,,,,
C0046,CARD_D,삼성카드 삼성 iD SELECT ALL 카드,2025-12,78390,3,0,400000.0,321610,0,0,0,3480.0,3480.0,외식,동네식당,95400.0,"D카드 SELECT 7% 할인까지 32만 1,600원 남았어요. 이번 주 외식은 D카드로 결제하세요."
C0046,CARD_E,NH농협카드 올바른 FLEX 카드,2025-12,3610,2,0,300000.0,296390,0,0,0,250.0,250.0,교통비,티머니,76500.0,"E카드 스타벅스 50% 할인까지 29만 6,400원 남았어요. 이번 주 교통비는 E카드로 결제하세요."
C0047,CARD_A,신한카드 Mr.Life,2025-12,891770,15,2,1000000.0,108230,2,7340,7340,10340.0,3000.0,장보기,쿠팡프레시,368000.0,"A카드 할인한도 월 5만 원까지 10만 8,200원 남았어요. 이번 주말 장보기는 A카드로 결제하세요."
C0047,CARD_B,KB국민카드 굿데이카드,2025-12,77400,1,0,300000.0,222600,0,0,0,0.0,0.0,외식,고깃집,109500.0,"B카드 통신비 10% 할인까지 22만 2,600원 남았어요. 이번 주 외식은 B카드로 결제하세요."
C0047,CARD_C,하나카드 MOVING카드 ALLDAY모드,2025-12,0,0,1,,0,1,0,0,,,,,,
C0047,CARD_D,삼성카드 삼성 iD SELECT ALL 카드,2025-12,0,0,0,400000.0,400000,0,0,0,0.0,0.0,장보기,쿠팡프레시,368000.0,D카드 SELECT 7% 할인까지 40만 원 남았어요. 이번 주말 장보기는 D카드로 결제하세요.
C0047,CARD_E,NH농협카드 올바른 FLEX 카드,2025-12,5420,1,0,300000.0,294580,0,0,0,0.0,0.0,커피,메가MGC커피,5000.0,"E카드 스타벅스 50% 할인까지 29만 4,600원 남았어요. 이번 주 커피는 E카드로 결제하세요."
C0048,CARD_A,신한카드 Mr.Life,2025-12,0,0,0,300000.0,300000,0,0,0,0.0,0.0,장보기,동네마트,476500.0,A카드 공과금·편의점 10% 할인까지 30만 원 남았어요. 이번 주말 장보기는 A카드로 결제하세요.
C0048,CARD_B,KB국민카드 굿데이카드,2025-12,498180,12,1,600000.0,101820,2,3630,1580,3630.0,2050.0,외식,김밥천국,26400.0,"B카드 외식·커피 10% 할인까지 10만 1,800원 남았어요. 이번 주 외식은 B카드로 결제하세요."
C0048,CARD_C,하나카드 MOVING카드 ALLDAY모드,2025-12,37300,1,1,,0,1,190,190,,,,,,
C0048,CARD_D,삼성카드 삼성 iD SELECT ALL 카드,2025-12,37900,1,0,400000.0,362100,0,0,0,2920.0,2920.0,장보기,동네마트,476500.0,"D카드 SELECT 7% 할인까지 36만 2,100원 남았어요. 이번 주말 장보기는 D카드로 결제하세요."
C0048,CARD_E,NH농협카드 올바른 FLEX 카드,2025-12,0,0,0,300000.0,300000,0,0,0,0.0,0.0,구독료,넷플릭스,30900.0,E카드 스타벅스 50% 할인까지 30만 원 남았어요. 이번 주 구독료는 E카드로 결제하세요.
C0049,CARD_A,신한카드 Mr.Life,2025-12,562450,18,2,1000000.0,437550,0,0,6860,6860.0,0.0,편의점,GS25,16100.0,"A카드 할인한도 월 5만 원까지 43만 7,600원 남았어요. 이번 주 편의점은 A카드로 결제하세요."
C0049,CARD_B,KB국민카드 굿데이카드,2025-12,0,0,0,300000.0,300000,0,0,0,0.0,0.0,편의점,GS25,16100.0,B카드 통신비 10% 할인까지 30만 원 남았어요. 이번 주 편의점은 B카드로 결제하세요.
C0049,CARD_C,하나카드 MOVING카드 ALLDAY모드,2025-12,0,0,1,,0,1,0,0,,,,,,
C0049,CARD_D,삼성카드 삼성 iD SELECT ALL 카드,2025-12,107400,1,0,400000.0,292600,0,0,0,750.0,750.0,배달 주문,배달의민족,181000.0,"D카드 SELECT 7% 할인까지 29만 2,600원 남았어요. 이번 주 배달 주문은 D카드로 결제하세요."
C0049,CARD_E,NH농협카드 올바른 FLEX 카드,2025-12,2940,1,0,300000.0,297060,0,0,0,210.0,210.0,배달 주문,배달의민족,181000.0,"E카드 스타벅스 50% 할인까지 29만 7,100원 남았어요. 이번 주 배달 주문은 E카드로 결제하세요."
C0050,CARD_A,신한카드 Mr.Life,2025-12,0,0,0,300000.0,300000,0,0,0,0.0,0.0,장보기,쿠팡프레시,341700.0,A카드 공과금·편의점 10% 할인까지 30만 원 남았어요. 이번 주말 장보기는 A카드로 결제하세요.
C0050,CARD_B,KB국민카드 굿데이카드,2025-12,53900,1,0,300000.0,246100,0,0,0,1900.0,1900.0,주유,S-OIL,244200.0,"B카드 통신비 10% 할인까지 24만 6,100원 남았어요. 이번 주말 주유는 B카드로 결제하세요."
C0050,CARD_C,하나카드 MOVING카드 ALLDAY모드,2025-12,207300,2,1,,0,1,1040,1040,,,,,,
C0050,CARD_D,삼성카드 삼성 iD SELECT ALL 카드,2025-12,545100,7,1,800000.0,254900,2,18250,15820,18250.0,2440.0,장보기,쿠팡프레시,341700.0,"D카드 SELECT 한도 월 1만 원까지 25만 4,900원 남았어요. 이번 주말 장보기는 D카드로 결제하세요."
C0050,CARD_E,NH농협카드 올바른 FLEX 카드,2025-12,59000,1,0,300000.0,241000,0,0,0,0.0,0.0,커피,메가MGC커피,3600.0,"E카드 스타벅스 50% 할인까지 24만 1,000원 남았어요. 이번 주 커피는 E카드로 결제하세요."
C0051,CARD_A,신한카드 Mr.Life,2025-12,65500,1,0,300000.0,234500,1,0,0,0.0,0.0,외식,동네식당,160900.0,"A카드 공과금·편의점 10% 할인까지 23만 4,500원 남았어요. 이번 주 외식은 A카드로 결제하세요."
C0051,CARD_B,KB국민카드 굿데이카드,2025-12,1880400,2,3,,0,0,0,0,,,,,,
C0051,CARD_C,하나카드 MOVING카드 ALLDAY모드,2025-12,380400,1,1,,0,1,1900,1900,,,,,,
C0051,CARD_D,삼성카드 삼성 iD SELECT ALL 카드,2025-12,3029600,13,3,,0,3,36210,36210,,,,,,
C0051,CARD_E,NH농협카드 올바른 FLEX 카드,2025-12,0,0,0,300000.0,300000,0,0,0,0.0,0.0,커피,투썸플레이스,28800.0,E카드 스타벅스 50% 할인까지 30만 원 남았어요. 이번 주 커피는 E카드로 결제하세요.
C0052,CARD_A,신한카드 Mr.Life,2025-12,14210,2,0,300000.0,285790,0,0,0,0.0,0.0,커피,스타벅스,17700.0,"A카드 공과금·편의점 10% 할인까지 28만 5,800원 남았어요. 이번 주 커피는 A카드로 결제하세요."
C0052,CARD_B,KB국민카드 굿데이카드,2025-12,0,0,0,300000.0,300000,0,0,0,0.0,0.0,교통비,티머니,37300.0,B카드 통신비 10% 할인까지 30만 원 남았어요. 이번 주 교통비는 B카드로 결제하세요.
C0052,CARD_C,하나카드 MOVING카드 ALLDAY모드,2025-12,2890,1,1,,0,1,10,10,,,,,,
C0052,CARD_D,삼성카드 삼성 iD SELECT ALL 카드,2025-12,0,0,0,400000.0,400000,0,0,0,0.0,0.0,외식,동네식당,80500.0,D카드 SELECT 7% 할인까지 40만 원 남았어요. 이번 주 외식은 D카드로 결제하세요.
C0052,CARD_E,NH농협카드 올바른 FLEX 카드,2025-12,436500,26,1,,0,1,6560,6560,,,,,,
C0053,CARD_A,신한카드 Mr.Life,2025-12,139800,3,0,300000.0,160200,0,0,0,0.0,0.0,장보기,롯데마트,257000.0,A카드 공과금·편의점 10% 할인까지 16만 200원 남았어요. 이번 주말 장보기는 A카드로 결제하세요.
C0053,CARD_B,KB국민카드 굿데이카드,2025-12,0,0,0,300000.0,300000,0,0,0,0.0,0.0,교통비,티머니,17900.0,B카드 통신비 10% 할인까지 30만 원 남았어요. 이번 주 교통비는 B카드로 결제하세요.
C0053,CARD_C,하나카드 MOVING카드 ALLDAY모드,2025-12,0,0,1,,0,1,0,0,,,,,,
C0053,CARD_D,삼성카드 삼성 iD SELECT ALL 카드,2025-12,62900,1,0,400000.0,337100,0,0,0,4840.0,4840.0,장보기,롯데마트,257000.0,"D카드 SELECT 7% 할인까지 33만 7,100원 남았어요. 이번 주말 장보기는 D카드로 결제하세요."
C0053,CARD_E,NH농협카드 올바른 FLEX 카드,2025-12,1622260,13,1,,0,1,10200,10200,,,,,,
C0054,CARD_A,신한카드 Mr.Life,2025-12,0,0,0,300000.0,300000,0,0,0,0.0,0.0,외식,동네식당,569100.0,A카드 공과금·편의점 10% 할인까지 30만 원 남았어요. 이번 주 외식은 A카드로 결제하세요.
C0054,CARD_B,KB국민카드 굿데이카드,2025-12,0,0,0,300000.0,300000,0,0,0,0.0,0.0,외식,동네식당,569100.0,B카드 통신비 10% 할인까지 30만 원 남았어요. 이번 주 외식은 B카드로 결제하세요.
C0054,CARD_C,하나카드 MOVING카드 ALLDAY모드,2025-12,0,0,1,,0,1,0,0,,,,,,
C0054,CARD_D,삼성카드 삼성 iD SELECT ALL 카드,2025-12,1071290,16,2,1200000.0,128710,2,21440,21440,26440.0,5000.0,외식,동네식당,569100.0,"D카드 SELECT 한도 월 1.5만 원까지 12만 8,700원 남았어요. 이번 주 외식은 D카드로 결제하세요."
C0054,CARD_E,NH농협카드 올바른 FLEX 카드,2025-12,0,0,0,300000.0,300000,1,0,0,0.0,0.0,배달 주문,배달의민족,69900.0,E카드 스타벅스 50% 할인까지 30만 원 남았어요. 이번 주 배달 주문은 E카드로 결제하세요.
C0055,CARD_A,신한카드 Mr.Life,2025-12,76400,2,0,300000.0,223600,0,0,0,3000.0,3000.0,외식,맘스터치,189400.0,"A카드 공과금·편의점 10% 할인까지 22만 3,600원 남았어요. 이번 주 외식은 A카드로 결제하세요."
C0055,CARD_B,KB국민카드 굿데이카드,2025-12,0,0,0,300000.0,300000,0,0,0,0.0,0.0,외식,맘스터치,189400.0,B카드 통신비 10% 할인까지 30만 원 남았어요. 이번 주 외식은 B카드로 결제하세요.
C0055,CARD_C,하나카드 MOVING카드 ALLDAY모드,2025-12,0,0,1,,0,1,0,0,,,,,,
C0055,CARD_D,삼성카드 삼성 iD SELECT ALL 카드,2025-12,2078670,9,3,,0,3,29550,29550,,,,,,
C0055,CARD_E,NH농협카드 올바른 FLEX 카드,2025-12,0,0,0,300000.0,300000,0,0,0,0.0,0.0,커피,빽다방,11300.0,E카드 스타벅스 50% 할인까지 30만 원 남았어요. 이번 주 커피는 E카드로 결제하세요.
C0056,CARD_A,신한카드 Mr.Life,2025-12,102800,1,0,300000.0,197200,1,3000,0,3000.0,3000.0,장보기,롯데마트,690800.0,"A카드 공과금·편의점 10% 할인까지 19만 7,200원 남았어요. 이번 주말 장보기는 A카드로 결제하세요."
C0056,CARD_B,KB국민카드 굿데이카드,2025-12,623820,8,2,1200000.0,576180,2,5480,5480,5480.0,0.0,외식,파인다이닝 레스토랑,127100.0,"B카드 학원비 10% 할인까지 57만 6,200원 남았어요. 이번 주 외식은 B카드로 결제하세요."
C0056,CARD_C,하나카드 MOVING카드 ALLDAY모드,2025-12,0,0,1,,0,1,0,0,,,,,,
C0056,CARD_D,삼성카드 삼성 iD SELECT ALL 카드,2025-12,0,0,0,400000.0,400000,0,0,0,0.0,0.0,장보기,롯데마트,690800.0,D카드 SELECT 7% 할인까지 40만 원 남았어요. 이번 주말 장보기는 D카드로 결제하세요.
C0056,CARD_E,NH농협카드 올바른 FLEX 카드,2025-12,0,0,0,300000.0,300000,0,0,0,0.0,0.0,편의점,CU,9500.0,E카드 스타벅스 50% 할인까지 30만 원 남았어요. 이번 주 편의점은 E카드로 결제하세요.
C0057,CARD_A,신한카드 Mr.Life,2025-12,3176820,13,3,,0,3,370,370,,,,,,
C0057,CARD_B,KB국민카드 굿데이카드,2025-12,0,0,0,300000.0,300000,0,0,0,0.0,0.0,외식,동네식당,61400.0,B카드 통신비 10% 할인까지 30만 원 남았어요. 이번 주 외식은 B카드로 결제하세요.
C0057,CARD_C,하나카드 MOVING카드 ALLDAY모드,2025-12,80500,1,1,,0,1,400,400,,,,,,
C0057,CARD_D,삼성카드 삼성 iD SELECT ALL 카드,2025-12,17100,1,0,400000.0,382900,0,0,0,1320.0,1320.0,장보기,마켓컬리,653400.0,"D카드 SELECT 7% 할인까지 38만 2,900원 남았어요. 이번 주말 장보기는 D카드로 결제하세요."
C0057,CARD_E,NH농협카드 올바른 FLEX 카드,2025-12,0,0,0,300000.0,300000,0,0,0,0.0,0.0,배달 주문,배달의민족,66000.0,E카드 스타벅스 50% 할인까지 30만 원 남았어요. 이번 주 배달 주문은 E카드로 결제하세요.
C0058,CARD_A,신한카드 Mr.Life,2025-12,0,0,0,300000.0,300000,2,0,0,0.0,0.0,편의점,GS25,17600.0,A카드 공과금·편의점 10% 할인까지 30만 원 남았어요. 이번 주 편의점은 A카드로 결제하세요.
C0058,CARD_B,KB국민카드 굿데이카드,2025-12,0,0,0,300000.0,300000,0,0,0,0.0,0.0,편의점,GS25,17600.0,B카드 통신비 10% 할인까지 30만 원 남았어요. 이번 주 편의점은 B카드로 결제하세요.
C0058,CARD_C,하나카드 MOVING카드 ALLDAY모드,2025-12,0,0,1,,0,1,0,0,,,,,,
C0058,CARD_D,삼성카드 삼성 iD SELECT ALL 카드,2025-12,0,0,0,400000.0,400000,2,0,0,0.0,0.0,편의점,GS25,17600.0,D카드 SELECT 7% 할인까지 40만 원 남았어요. 이번 주 편의점은 D카드로 결제하세요.
C0058,CARD_E,NH농협카드 올바른 FLEX 카드,2025-12,2026210,15,1,,0,1,8880,8880,,,,,,
C0059,CARD_A,신한카드 Mr.Life,2025-12,262200,8,0,300000.0,37800,3,6150,0,3000.0,3000.0,장보기,동네마트,589500.0,"A카드 공과금·편의점 10% 할인까지 3만 7,800원 남았어요. 이번 주말 장보기는 A카드로 결제하세요."
C0059,CARD_B,KB국민카드 굿데이카드,2025-12,0,0,0,300000.0,300000,0,0,0,0.0,0.0,외식,맘스터치,48900.0,B카드 통신비 10% 할인까지 30만 원 남았어요. 이번 주 외식은 B카드로 결제하세요.
C0059,CARD_C,하나카드 MOVING카드 ALLDAY모드,2025-12,41900,1,1,,0,1,210,210,,,,,,
C0059,CARD_D,삼성카드 삼성 iD SELECT ALL 카드,2025-12,17900,1,0,400000.0,382100,0,0,0,1380.0,1380.0,장보기,동네마트,589500.0,"D카드 SELECT 7% 할인까지 38만 2,100원 남았어요. 이번 주말 장보기는 D카드로 결제하세요."
C0059,CARD_E,NH농협카드 올바른 FLEX 카드,2025-12,33200,1,0,300000.0,266800,0,0,0,0.0,0.0,배달 주문,배달의민족,61000.0,"E카드 스타벅스 50% 할인까지 26만 6,800원 남았어요. 이번 주 배달 주문은 E카드로 결제하세요."
C0060,CARD_A,신한카드 Mr.Life,2025-12,818800,2,2,1000000.0,181200,0,0,4870,4870.0,0.0,외식,동네식당,78900.0,"A카드 할인한도 월 5만 원까지 18만 1,200원 남았어요. 이번 주 외식은 A카드로 결제하세요."
C0060,CARD_B,KB국민카드 굿데이카드,2025-12,0,0,0,300000.0,300000,0,0,0,0.0,0.0,외식,동네식당,78900.0,B카드 통신비 10% 할인까지 30만 원 남았어요. 이번 주 외식은 B카드로 결제하세요.
C0060,CARD_C,하나카드 MOVING카드 ALLDAY모드,2025-12,30000,1,1,,0,1,150,150,,,,,,
C0060,CARD_D,삼성카드 삼성 iD SELECT ALL 카드,2025-12,1628240,10,3,,0,3,23730,23730,,,,,,
C0060,CARD_E,NH농협카드 올바른 FLEX 카드,2025-12,250700,1,0,300000.0,49300,0,0,0,0.0,0.0,구독료,디즈니플러스,38700.0,"E카드 스타벅스 50% 할인까지 4만 9,300원 남았어요. 이번 주 구독료는 E카드로 결제하세요."
C0061,CARD_A,신한카드 Mr.Life,2025-12,3860,1,0,300000.0,296140,0,0,0,390.0,390.0,장보기,쿠팡프레시,139800.0,"A카드 공과금·편의점 10% 할인까지 29만 6,100원 남았어요. 이번 주말 장보기는 A카드로 결제하세요."
C0061,CARD_B,KB국민카드 굿데이카드,2025-12,0,0,0,300000.0,300000,0,0,0,0.0,0.0,편의점,CU,9200.0,B카드 통신비 10% 할인까지 30만 원 남았어요. 이번 주 편의점은 B카드로 결제하세요.
C0061,CARD_C,하나카드 MOVING카드 ALLDAY모드,2025-12,108760,8,1,,0,1,1090,1090,,,,,,
C0061,CARD_D,삼성카드 삼성 iD SELECT ALL 카드,2025-12,0,0,0,400000.0,400000,0,0,0,0.0,0.0,구독료,iCloud+,93600.0,D카드 SELECT 7% 할인까지 40만 원 남았어요. 이번 주 구독료는 D카드로 결제하세요.
C0061,CARD_E,NH농협카드 올바른 FLEX 카드,2025-12,0,0,0,300000.0,300000,0,0,0,0.0,0.0,구독료,iCloud+,93600.0,E카드 스타벅스 50% 할인까지 30만 원 남았어요. 이번 주 구독료는 E카드로 결제하세요.
C0062,CARD_A,신한카드 Mr.Life,2025-12,608070,21,2,1000000.0,391930,3,17690,17690,17690.0,0.0,온라인쇼핑,쿠팡,856900.0,"A카드 할인한도 월 5만 원까지 39만 1,900원 남았어요. 이번 주 온라인쇼핑은 A카드로 결제하세요."
C0062,CARD_B,KB국민카드 굿데이카드,2025-12,15700,1,0,300000.0,284300,0,0,0,0.0,0.0,외식,동네식당,52900.0,"B카드 통신비 10% 할인까지 28만 4,300원 남았어요. 이번 주 외식은 B카드로 결제하세요."
C0062,CARD_C,하나카드 MOVING카드 ALLDAY모드,2025-12,138900,2,1,,0,1,690,690,,,,,,
C0062,CARD_D,삼성카드 삼성 iD SELECT ALL 카드,2025-12,0,0,0,400000.0,400000,0,0,0,0.0,0.0,온라인쇼핑,쿠팡,856900.0,D카드 SELECT 7% 할인까지 40만 원 남았어요. 이번 주 온라인쇼핑은 D카드로 결제하세요.
C0062,CARD_E,NH농협카드 올바른 FLEX 카드,2025-12,0,0,0,300000.0,300000,0,0,0,0.0,0.0,온라인쇼핑,쿠팡,856900.0,E카드 스타벅스 50% 할인까지 30만 원 남았어요. 이번 주 온라인쇼핑은 E카드로 결제하세요.
C0063,CARD_A,신한카드 Mr.Life,2025-12,756840,14,2,1000000.0,243160,3,11640,11640,11640.0,0.0,커피,스타벅스,46100.0,"A카드 할인한도 월 5만 원까지 24만 3,200원 남았어요. 이번 주 커피는 A카드로 결제하세요."
C0063,CARD_B,KB국민카드 굿데이카드,2025-12,0,0,0,300000.0,300000,0,0,0,0.0,0.0,커피,스타벅스,46100.0,B카드 통신비 10% 할인까지 30만 원 남았어요. 이번 주 커피는 B카드로 결제하세요.
C0063,CARD_C,하나카드 MOVING카드 ALLDAY모드,2025-12,5080,1,1,,0,1,30,30,,,,,,
C0063,CARD_D,삼성카드 삼성 iD SELECT ALL 카드,2025-12,0,0,0,400000.0,400000,0,0,0,0.0,0.0,장보기,마켓컬리,196000.0,D카드 SELECT 7% 할인까지 40만 원 남았어요. 이번 주말 장보기는 D카드로 결제하세요.
C0063,CARD_E,NH농협카드 올바른 FLEX 카드,2025-12,0,0,0,300000.0,300000,0,0,0,0.0,0.0,커피,스타벅스,46100.0,E카드 스타벅스 50% 할인까지 30만 원 남았어요. 이번 주 커피는 E카드로 결제하세요.
C0064,CARD_A,신한카드 Mr.Life,2025-12,153200,1,0,300000.0,146800,0,0,0,0.0,0.0,장보기,쿠팡프레시,389300.0,"A카드 공과금·편의점 10% 할인까지 14만 6,800원 남았어요. 이번 주말 장보기는 A카드로 결제하세요."
C0064,CARD_B,KB국민카드 굿데이카드,2025-12,113300,2,0,300000.0,186700,0,0,0,0.0,0.0,커피,폴바셋,14700.0,"B카드 통신비 10% 할인까지 18만 6,700원 남았어요. 이번 주 커피는 B카드로 결제하세요."
C0064,CARD_C,하나카드 MOVING카드 ALLDAY모드,2025-12,476530,10,1,,0,1,4770,4770,,,,,,
C0064,CARD_D,삼성카드 삼성 iD SELECT ALL 카드,2025-12,0,0,0,400000.0,400000,0,0,0,0.0,0.0,장보기,쿠팡프레시,389300.0,D카드 SELECT 7% 할인까지 40만 원 남았어요. 이번 주말 장보기는 D카드로 결제하세요.
C0064,CARD_E,NH농협카드 올바른 FLEX 카드,2025-12,0,0,0,300000.0,300000,0,0,0,0.0,0.0,커피,폴바셋,14700.0,E카드 스타벅스 50% 할인까지 30만 원 남았어요. 이번 주 커피는 E카드로 결제하세요.
C0065,CARD_A,신한카드 Mr.Life,2025-12,0,0,0,300000.0,300000,1,0,0,0.0,0.0,외식,스시오마카세,1165000.0,A카드 공과금·편의점 10% 할인까지 30만 원 남았어요. 이번 주 외식은 A카드로 결제하세요.
C0065,CARD_B,KB국민카드 굿데이카드,2025-12,168700,2,0,300000.0,131300,0,0,0,0.0,0.0,외식,스시오마카세,1165000.0,"B카드 통신비 10% 할인까지 13만 1,300원 남았어요. 이번 주 외식은 B카드로 결제하세요."
C0065,CARD_C,하나카드 MOVING카드 ALLDAY모드,2025-12,25700,2,1,,0,1,130,130,,,,,,
C0065,CARD_D,삼성카드 삼성 iD SELECT ALL 카드,2025-12,218600,1,0,400000.0,181400,0,0,0,8530.0,8530.0,외식,스시오마카세,1165000.0,"D카드 SELECT 7% 할인까지 18만 1,400원 남았어요. 이번 주 외식은 D카드로 결제하세요."
C0065,CARD_E,NH농협카드 올바른 FLEX 카드,2025-12,1742830,21,1,,0,1,9360,9360,,,,,,
C0066,CARD_A,신한카드 Mr.Life,2025-12,63500,1,0,300000.0,236500,0,0,0,3000.0,3000.0,장보기,동네마트,270000.0,"A카드 공과금·편의점 10% 할인까지 23만 6,500원 남았어요. 이번 주말 장보기는 A카드로 결제하세요."
C0066,CARD_B,KB국민카드 굿데이카드,2025-12,0,0,0,300000.0,300000,0,0,0,0.0,0.0,교통비,티머니,30900.0,B카드 통신비 10% 할인까지 30만 원 남았어요. 이번 주 교통비는 B카드로 결제하세요.
C0066,CARD_C,하나카드 MOVING카드 ALLDAY모드,2025-12,0,0,1,,0,1,0,0,,,,,,
C0066,CARD_D,삼성카드 삼성 iD SELECT ALL 카드,2025-12,0,0,0,400000.0,400000,0,0,0,0.0,0.0,장보기,동네마트,270000.0,D카드 SELECT 7% 할인까지 40만 원 남았어요. 이번 주말 장보기는 D카드로 결제하세요.
C0066,CARD_E,NH농협카드 올바른 FLEX 카드,2025-12,409230,10,1,,0,1,6470,6470,,,,,,
C0067,CARD_A,신한카드 Mr.Life,2025-12,0,0,0,300000.0,300000,0,0,0,0.0,0.0,외식,동네식당,47600.0,A카드 공과금·편의점 10% 할인까지 30만 원 남았어요. 이번 주 외식은 A카드로 결제하세요.
C0067,CARD_B,KB국민카드 굿데이카드,2025-12,6910,1,0,300000.0,293090,0,0,0,0.0,0.0,외식,동네식당,47600.0,"B카드 통신비 10% 할인까지 29만 3,100원 남았어요. 이번 주 외식은 B카드로 결제하세요."
C0067,CARD_C,하나카드 MOVING카드 ALLDAY모드,2025-12,2393440,17,1,,0,1,24020,24020,,,,,,
C0067,CARD_D,삼성카드 삼성 iD SELECT ALL 카드,2025-12,1440,1,0,400000.0,398560,0,0,0,10.0,10.0,외식,동네식당,47600.0,"D카드 SELECT 7% 할인까지 39만 8,600원 남았어요. 이번 주 외식은 D카드로 결제하세요."
C0067,CARD_E,NH농협카드 올바른 FLEX 카드,2025-12,140300,2,0,300000.0,159700,0,0,0,3290.0,3290.0,온라인쇼핑,쿠팡,106500.0,"E카드 스타벅스 50% 할인까지 15만 9,700원 남았어요. 이번 주 온라인쇼핑은 E카드로 결제하세요."
C0068,CARD_A,신한카드 Mr.Life,2025-12,166360,12,0,300000.0,133640,1,1330,0,1330.0,1330.0,편의점,GS25,14800.0,"A카드 공과금·편의점 10% 할인까지 13만 3,600원 남았어요. 이번 주 편의점은 A카드로 결제하세요."
C0068,CARD_B,KB국민카드 굿데이카드,2025-12,0,0,0,300000.0,300000,0,0,0,0.0,0.0,편의점,GS25,14800.0,B카드 통신비 10% 할인까지 30만 원 남았어요. 이번 주 편의점은 B카드로 결제하세요.
C0068,CARD_C,하나카드 MOVING카드 ALLDAY모드,2025-12,0,0,1,,0,1,0,0,,,,,,
C0068,CARD_D,삼성카드 삼성 iD SELECT ALL 카드,2025-12,0,0,0,400000.0,400000,0,0,0,0.0,0.0,배달 주문,배달의민족,96800.0,D카드 SELECT 7% 할인까지 40만 원 남았어요. 이번 주 배달 주문은 D카드로 결제하세요.
C0068,CARD_E,NH농협카드 올바른 FLEX 카드,2025-12,62400,2,0,300000.0,237600,0,0,0,580.0,580.0,배달 주문,배달의민족,96800.0,"E카드 스타벅스 50% 할인까지 23만 7,600원 남았어요. 이번 주 배달 주문은 E카드로 결제하세요."
C0069,CARD_A,신한카드 Mr.Life,2025-12,0,0,0,300000.0,300000,0,0,0,0.0,0.0,온라인쇼핑,네이버쇼핑,1591200.0,A카드 공과금·편의점 10% 할인까지 30만 원 남았어요. 이번 주 온라인쇼핑은 A카드로 결제하세요.
C0069,CARD_B,KB국민카드 굿데이카드,2025-12,1760280,26,3,,0,3,5490,5490,,,,,,
C0069,CARD_C,하나카드 MOVING카드 ALLDAY모드,2025-12,94800,2,1,,0,1,1500,1500,,,,,,
C0069,CARD_D,삼성카드 삼성 iD SELECT ALL 카드,2025-12,0,0,0,400000.0,400000,1,0,0,0.0,0.0,온라인쇼핑,네이버쇼핑,1591200.0,D카드 SELECT 7% 할인까지 40만 원 남았어요. 이번 주 온라인쇼핑은 D카드로 결제하세요.
C0069,CARD_E,NH농협카드 올바른 FLEX 카드,2025-12,271700,5,0,300000.0,28300,1,1880,0,1880.0,1880.0,온라인쇼핑,네이버쇼핑,1591200.0,"E카드 스타벅스 50% 할인까지 2만 8,300원 남았어요. 이번 주 온라인쇼핑은 E카드로 결제하세요."
C0070,CARD_A,신한카드 Mr.Life,2025-12,0,0,0,300000.0,300000,0,0,0,0.0,0.0,커피,스타벅스,28900.0,A카드 공과금·편의점 10% 할인까지 30만 원 남았어요. 이번 주 커피는 A카드로 결제하세요.
C0070,CARD_B,KB국민카드 굿데이카드,2025-12,41300,1,0,300000.0,258700,0,0,0,0.0,0.0,커피,스타벅스,28900.0,"B카드 통신비 10% 할인까지 25만 8,700원 남았어요. 이번 주 커피는 B카드로 결제하세요."
C0070,CARD_C,하나카드 MOVING카드 ALLDAY모드,2025-12,1136700,19,1,,0,1,11490,11490,,,,,,
C0070,CARD_D,삼성카드 삼성 iD SELECT ALL 카드,2025-12,63610,3,0,400000.0,336390,1,3620,0,3620.0,3620.0,외식,김밥천국,117100.0,"D카드 SELECT 7% 할인까지 33만 6,400원 남았어요. 이번 주 외식은 D카드로 결제하세요."
C0070,CARD_E,NH농협카드 올바른 FLEX 카드,2025-12,0,0,0,300000.0,300000,0,0,0,0.0,0.0,커피,스타벅스,28900.0,E카드 스타벅스 50% 할인까지 30만 원 남았어요. 이번 주 커피는 E카드로 결제하세요.
C0071,CARD_A,신한카드 Mr.Life,2025-12,0,0,0,300000.0,300000,0,0,0,0.0,0.0,외식,김밥천국,294500.0,A카드 공과금·편의점 10% 할인까지 30만 원 남았어요. 이번 주 외식은 A카드로 결제하세요.
C0071,CARD_B,KB국민카드 굿데이카드,2025-12,0,0,0,300000.0,300000,0,0,0,0.0,0.0,외식,김밥천국,294500.0,B카드 통신비 10% 할인까지 30만 원 남았어요. 이번 주 외식은 B카드로 결제하세요.
C0071,CARD_C,하나카드 MOVING카드 ALLDAY모드,2025-12,85400,1,1,,0,1,430,430,,,,,,
C0071,CARD_D,삼성카드 삼성 iD SELECT ALL 카드,2025-12,2617200,11,3,,0,3,29570,29570,,,,,,
C0071,CARD_E,NH농협카드 올바른 FLEX 카드,2025-12,2710,1,0,300000.0,297290,0,0,0,190.0,190.0,교통비,주차장,16700.0,"E카드 스타벅스 50% 할인까지 29만 7,300원 남았어요. 이번 주 교통비는 E카드로 결제하세요."
C0072,CARD_A,신한카드 Mr.Life,2025-12,0,0,0,300000.0,300000,0,0,0,0.0,0.0,장보기,이마트,253900.0,A카드 공과금·편의점 10% 할인까지 30만 원 남았어요. 이번 주말 장보기는 A카드로 결제하세요.
C0072,CARD_B,KB국민카드 굿데이카드,2025-12,0,0,0,300000.0,300000,0,0,0,0.0,0.0,외식,서브웨이,18000.0,B카드 통신비 10% 할인까지 30만 원 남았어요. 이번 주 외식은 B카드로 결제하세요.
C0072,CARD_C,하나카드 MOVING카드 ALLDAY모드,2025-12,0,0,1,,0,1,0,0,,,,,,
C0072,CARD_D,삼성카드 삼성 iD SELECT ALL 카드,2025-12,0,0,0,400000.0,400000,0,0,0,0.0,0.0,장보기,이마트,253900.0,D카드 SELECT 7% 할인까지 40만 원 남았어요. 이번 주말 장보기는 D카드로 결제하세요.
C0072,CARD_E,NH농협카드 올바른 FLEX 카드,2025-12,440460,12,1,,0,1,5000,5000,,,,,,
C0073,CARD_A,신한카드 Mr.Life,2025-12,9430,1,0,300000.0,290570,0,0,0,0.0,0.0,외식,스시오마카세,526700.0,A카드 공과금·편의점 10% 할인까지 29만 600원 남았어요. 이번 주 외식은 A카드로 결제하세요.
C0073,CARD_B,KB국민카드 굿데이카드,2025-12,0,0,0,300000.0,300000,0,0,0,0.0,0.0,외식,스시오마카세,526700.0,B카드 통신비 10% 할인까지 30만 원 남았어요. 이번 주 외식은 B카드로 결제하세요.
C0073,CARD_C,하나카드 MOVING카드 ALLDAY모드,2025-12,194900,2,1,,0,1,970,970,,,,,,
C0073,CARD_D,삼성카드 삼성 iD SELECT ALL 카드,2025-12,3162300,15,3,,0,3,37140,37140,,,,,,
C0073,CARD_E,NH농협카드 올바른 FLEX 카드,2025-12,0,0,0,300000.0,300000,0,0,0,0.0,0.0,구독료,네이버플러스 멤버십,32300.0,E카드 스타벅스 50% 할인까지 30만 원 남았어요. 이번 주 구독료는 E카드로 결제하세요.
C0074,CARD_A,신한카드 Mr.Life,2025-12,0,0,0,300000.0,300000,0,0,0,0.0,0.0,외식,서브웨이,99000.0,A카드 공과금·편의점 10% 할인까지 30만 원 남았어요. 이번 주 외식은 A카드로 결제하세요.
C0074,CARD_B,KB국민카드 굿데이카드,2025-12,0,0,0,300000.0,300000,0,0,0,0.0,0.0,외식,서브웨이,99000.0,B카드 통신비 10% 할인까지 30만 원 남았어요. 이번 주 외식은 B카드로 결제하세요.
C0074,CARD_C,하나카드 MOVING카드 ALLDAY모드,2025-12,7130,1,1,,0,1,40,40,,,,,,
C0074,CARD_D,삼성카드 삼성 iD SELECT ALL 카드,2025-12,36020,2,0,400000.0,363980,0,0,0,2310.0,2310.0,외식,서브웨이,99000.0,"D카드 SELECT 7% 할인까지 36만 4,000원 남았어요. 이번 주 외식은 D카드로 결제하세요."
C0074,CARD_E,NH농협카드 올바른 FLEX 카드,2025-12,151470,9,0,300000.0,148530,1,910,0,910.0,910.0,교통비,주차장,16900.0,"E카드 스타벅스 50% 할인까지 14만 8,500원 남았어요. 이번 주 교통비는 E카드로 결제하세요."
C0075,CARD_A,신한카드 Mr.Life,2025-12,56800,1,0,300000.0,243200,0,0,0,0.0,0.0,장보기,이마트,388700.0,"A카드 공과금·편의점 10% 할인까지 24만 3,200원 남았어요. 이번 주말 장보기는 A카드로 결제하세요."
C0075,CARD_B,KB국민카드 굿데이카드,2025-12,0,0,0,300000.0,300000,0,0,0,0.0,0.0,외식,스시오마카세,51100.0,B카드 통신비 10% 할인까지 30만 원 남았어요. 이번 주 외식은 B카드로 결제하세요.
C0075,CARD_C,하나카드 MOVING카드 ALLDAY모드,2025-12,1291060,8,1,,0,1,12910,12910,,,,,,
C0075,CARD_D,삼성카드 삼성 iD SELECT ALL 카드,2025-12,8490,1,0,400000.0,391510,0,0,0,60.0,60.0,장보기,이마트,388700.0,"D카드 SELECT 7% 할인까지 39만 1,500원 남았어요. 이번 주말 장보기는 D카드로 결제하세요."
C0075,CARD_E,NH농협카드 올바른 FLEX 카드,2025-12,0,0,0,300000.0,300000,0,0,0,0.0,0.0,편의점,GS25,3900.0,E카드 스타벅스 50% 할인까지 30만 원 남았어요. 이번 주 편의점은 E카드로 결제하세요.
C0076,CARD_A,신한카드 Mr.Life,2025-12,926600,18,2,1000000.0,73400,3,12890,12890,12890.0,0.0,커피,메가MGC커피,17700.0,"A카드 할인한도 월 5만 원까지 7만 3,400원 남았어요. 이번 주 커피는 A카드로 결제하세요."
C0076,CARD_B,KB국민카드 굿데이카드,2025-12,394100,1,1,600000.0,205900,0,0,0,0.0,0.0,커피,메가MGC커피,17700.0,"B카드 외식·커피 10% 할인까지 20만 5,900원 남았어요. 이번 주 커피는 B카드로 결제하세요."
C0076,CARD_C,하나카드 MOVING카드 ALLDAY모드,2025-12,13200,1,1,,0,1,70,70,,,,,,
C0076,CARD_D,삼성카드 삼성 iD SELECT ALL 카드,2025-12,80700,2,0,400000.0,319300,0,0,0,4830.0,4830.0,외식,동네식당,115000.0,"D카드 SELECT 7% 할인까지 31만 9,300원 남았어요. 이번 주 외식은 D카드로 결제하세요."
C0076,CARD_E,NH농협카드 올바른 FLEX 카드,2025-12,2410,1,0,300000.0,297590,0,0,0,0.0,0.0,커피,메가MGC커피,17700.0,"E카드 스타벅스 50% 할인까지 29만 7,600원 남았어요. 이번 주 커피는 E카드로 결제하세요."
C0077,CARD_A,신한카드 Mr.Life,2025-12,0,0,0,300000.0,300000,0,0,0,0.0,0.0,장보기,쿠팡프레시,650200.0,A카드 공과금·편의점 10% 할인까지 30만 원 남았어요. 이번 주말 장보기는 A카드로 결제하세요.
C0077,CARD_B,KB국민카드 굿데이카드,2025-12,153800,4,0,300000.0,146200,0,0,0,3440.0,3440.0,외식,서브웨이,105500.0,"B카드 통신비 10% 할인까지 14만 6,200원 남았어요. 이번 주 외식은 B카드로 결제하세요."
C0077,CARD_C,하나카드 MOVING카드 ALLDAY모드,2025-12,0,0,1,,0,1,0,0,,,,,,
C0077,CARD_D,삼성카드 삼성 iD SELECT ALL 카드,2025-12,9850,1,0,400000.0,390150,0,0,0,760.0,760.0,장보기,쿠팡프레시,650200.0,D카드 SELECT 7% 할인까지 39만 200원 남았어요. 이번 주말 장보기는 D카드로 결제하세요.
C0077,CARD_E,NH농협카드 올바른 FLEX 카드,2025-12,1735150,16,1,,0,1,6720,6720,,,,,,
C0078,CARD_A,신한카드 Mr.Life,2025-12,2520,1,0,300000.0,297480,0,0,0,0.0,0.0,커피,빽다방,10700.0,"A카드 공과금·편의점 10% 할인까지 29만 7,500원 남았어요. 이번 주 커피는 A카드로 결제하세요."
C0078,CARD_B,KB국민카드 굿데이카드,2025-12,0,0,0,300000.0,300000,0,0,0,0.0,0.0,커피,빽다방,10700.0,B카드 통신비 10% 할인까지 30만 원 남았어요. 이번 주 커피는 B카드로 결제하세요.
C0078,CARD_C,하나카드 MOVING카드 ALLDAY모드,2025-12,37400,1,1,,0,1,190,190,,,,,,
C0078,CARD_D,삼성카드 삼성 iD SELECT ALL 카드,2025-12,461260,15,1,800000.0,338740,1,14840,14840,14840.0,0.0,외식,김밥천국,41100.0,"D카드 SELECT 한도 월 1만 원까지 33만 8,700원 남았어요. 이번 주 외식은 D카드로 결제하세요."
C0078,CARD_E,NH농협카드 올바른 FLEX 카드,2025-12,35900,1,0,300000.0,264100,0,0,0,0.0,0.0,커피,빽다방,10700.0,"E카드 스타벅스 50% 할인까지 26만 4,100원 남았어요. 이번 주 커피는 E카드로 결제하세요."
C0079,CARD_A,신한카드 Mr.Life,2025-12,673210,11,2,1000000.0,326790,0,0,9380,12380.0,3000.0,병원·약국,내과의원,89600.0,"A카드 할인한도 월 5만 원까지 32만 6,800원 남았어요. 이번 주 병원·약국은 A카드로 결제하세요."
C0079,CARD_B,KB국민카드 굿데이카드,2025-12,0,0,0,300000.0,300000,0,0,0,0.0,0.0,편의점,CU,3300.0,B카드 통신비 10% 할인까지 30만 원 남았어요. 이번 주 편의점은 B카드로 결제하세요.
C0079,CARD_C,하나카드 MOVING카드 ALLDAY모드,2025-12,0,0,1,,0,1,0,0,,,,,,
C0079,CARD_D,삼성카드 삼성 iD SELECT ALL 카드,2025-12,0,0,0,400000.0,400000,0,0,0,0.0,0.0,병원·약국,내과의원,89600.0,D카드 SELECT 7% 할인까지 40만 원 남았어요. 이번 주 병원·약국은 D카드로 결제하세요.
C0079,CARD_E,NH농협카드 올바른 FLEX 카드,2025-12,46600,1,0,300000.0,253400,0,0,0,0.0,0.0,편의점,CU,3300.0,"E카드 스타벅스 50% 할인까지 25만 3,400원 남았어요. 이번 주 편의점은 E카드로 결제하세요."
C0080,CARD_A,신한카드 Mr.Life,2025-12,0,0,0,300000.0,300000,0,0,0,0.0,0.0,주유,S-OIL,232700.0,A카드 공과금·편의점 10% 할인까지 30만 원 남았어요. 이번 주말 주유는 A카드로 결제하세요.
C0080,CARD_B,KB국민카드 굿데이카드,2025-12,54700,1,0,300000.0,245300,0,0,0,1930.0,1930.0,주유,S-OIL,232700.0,"B카드 통신비 10% 할인까지 24만 5,300원 남았어요. 이번 주말 주유는 B카드로 결제하세요."
C0080,CARD_C,하나카드 MOVING카드 ALLDAY모드,2025-12,286190,9,1,,0,1,1500,1500,,,,,,
C0080,CARD_D,삼성카드 삼성 iD SELECT ALL 카드,2025-12,187900,1,0,400000.0,212100,0,0,0,1320.0,1320.0,주유,S-OIL,232700.0,"D카드 SELECT 7% 할인까지 21만 2,100원 남았어요. 이번 주말 주유는 D카드로 결제하세요."
C0080,CARD_E,NH농협카드 올바른 FLEX 카드,2025-12,0,0,0,300000.0,300000,0,0,0,0.0,0.0,교통비,티머니,15600.0,E카드 스타벅스 50% 할인까지 30만 원 남았어요. 이번 주 교통비는 E카드로 결제하세요.
C0081,CARD_A,신한카드 Mr.Life,2025-12,0,0,0,300000.0,300000,0,0,0,0.0,0.0,커피,컴포즈커피,28800.0,A카드 공과금·편의점 10% 할인까지 30만 원 남았어요. 이번 주 커피는 A카드로 결제하세요.
C0081,CARD_B,KB국민카드 굿데이카드,2025-12,0,0,0,300000.0,300000,0,0,0,0.0,0.0,커피,컴포즈커피,28800.0,B카드 통신비 10% 할인까지 30만 원 남았어요. 이번 주 커피는 B카드로 결제하세요.
C0081,CARD_C,하나카드 MOVING카드 ALLDAY모드,2025-12,0,0,1,,0,1,0,0,,,,,,
C0081,CARD_D,삼성카드 삼성 iD SELECT ALL 카드,2025-12,3630,2,0,400000.0,396370,0,0,0,30.0,30.0,배달 주문,배달의민족,106800.0,"D카드 SELECT 7% 할인까지 39만 6,400원 남았어요. 이번 주 배달 주문은 D카드로 결제하세요."
C0081,CARD_E,NH농협카드 올바른 FLEX 카드,2025-12,1143520,21,1,,0,1,8320,8320,,,,,,
C0082,CARD_A,신한카드 Mr.Life,2025-12,966600,10,2,1000000.0,33400,3,11550,8550,11550.0,3000.0,편의점,GS25,26400.0,"A카드 할인한도 월 5만 원까지 3만 3,400원 남았어요. 이번 주 편의점은 A카드로 결제하세요."
C0082,CARD_B,KB국민카드 굿데이카드,2025-12,351470,3,1,600000.0,248530,0,0,0,910.0,910.0,편의점,GS25,26400.0,"B카드 외식·커피 10% 할인까지 24만 8,500원 남았어요. 이번 주 편의점은 B카드로 결제하세요."
C0082,CARD_C,하나카드 MOVING카드 ALLDAY모드,2025-12,268790,4,1,,0,1,1340,1340,,,,,,
C0082,CARD_D,삼성카드 삼성 iD SELECT ALL 카드,2025-12,5180,1,0,400000.0,394820,0,0,0,400.0,400.0,편의점,GS25,26400.0,"D카드 SELECT 7% 할인까지 39만 4,800원 남았어요. 이번 주 편의점은 D카드로 결제하세요."
C0082,CARD_E,NH농협카드 올바른 FLEX 카드,2025-12,0,0,0,300000.0,300000,0,0,0,0.0,0.0,편의점,GS25,26400.0,E카드 스타벅스 50% 할인까지 30만 원 남았어요. 이번 주 편의점은 E카드로 결제하세요.
C0083,CARD_A,신한카드 Mr.Life,2025-12,0,0,0,300000.0,300000,0,0,0,0.0,0.0,장보기,동네마트,279400.0,A카드 공과금·편의점 10% 할인까지 30만 원 남았어요. 이번 주말 장보기는 A카드로 결제하세요.
C0083,CARD_B,KB국민카드 굿데이카드,2025-12,0,0,0,300000.0,300000,0,0,0,0.0,0.0,외식,동네식당,62700.0,B카드 통신비 10% 할인까지 30만 원 남았어요. 이번 주 외식은 B카드로 결제하세요.
C0083,CARD_C,하나카드 MOVING카드 ALLDAY모드,2025-12,756080,15,1,,0,1,7560,7560,,,,,,
C0083,CARD_D,삼성카드 삼성 iD SELECT ALL 카드,2025-12,95300,1,0,400000.0,304700,0,0,0,7340.0,7340.0,장보기,동네마트,279400.0,"D카드 SELECT 7% 할인까지 30만 4,700원 남았어요. 이번 주말 장보기는 D카드로 결제하세요."
C0083,CARD_E,NH농협카드 올바른 FLEX 카드,2025-12,97500,1,0,300000.0,202500,0,0,0,0.0,0.0,구독료,마이크로소프트 365,25100.0,"E카드 스타벅스 50% 할인까지 20만 2,500원 남았어요. 이번 주 구독료는 E카드로 결제하세요."
C0084,CARD_A,신한카드 Mr.Life,2025-12,0,0,0,300000.0,300000,1,0,0,0.0,0.0,장보기,동네마트,522800.0,A카드 공과금·편의점 10% 할인까지 30만 원 남았어요. 이번 주말 장보기는 A카드로 결제하세요.
C0084,CARD_B,KB국민카드 굿데이카드,2025-12,348930,3,1,600000.0,251070,0,0,0,5000.0,5000.0,외식,동네식당,110000.0,"B카드 외식·커피 10% 할인까지 25만 1,100원 남았어요. 이번 주 외식은 B카드로 결제하세요."
C0084,CARD_C,하나카드 MOVING카드 ALLDAY모드,2025-12,0,0,1,,0,1,0,0,,,,,,
C0084,CARD_D,삼성카드 삼성 iD SELECT ALL 카드,2025-12,704400,11,1,800000.0,95600,1,14000,14000,20000.0,6000.0,장보기,동네마트,522800.0,"D카드 SELECT 한도 월 1만 원까지 9만 5,600원 남았어요. 이번 주말 장보기는 D카드로 결제하세요."
C0084,CARD_E,NH농협카드 올바른 FLEX 카드,2025-12,0,0,0,300000.0,300000,0,0,0,0.0,0.0,교통비,카카오T,21800.0,E카드 스타벅스 50% 할인까지 30만 원 남았어요. 이번 주 교통비는 E카드로 결제하세요.
C0085,CARD_A,신한카드 Mr.Life,2025-12,304900,2,1,500000.0,195100,0,0,0,0.0,0.0,편의점,이마트24,26800.0,"A카드 할인한도 월 3.4만 원까지 19만 5,100원 남았어요. 이번 주 편의점은 A카드로 결제하세요."
C0085,CARD_B,KB국민카드 굿데이카드,2025-12,1454130,17,3,,0,3,5780,5780,,,,,,
C0085,CARD_C,하나카드 MOVING카드 ALLDAY모드,2025-12,42100,2,1,,0,1,210,210,,,,,,
C0085,CARD_D,삼성카드 삼성 iD SELECT ALL 카드,2025-12,61300,1,0,400000.0,338700,0,0,0,4720.0,4720.0,배달 주문,쿠팡이츠,65800.0,"D카드 SELECT 7% 할인까지 33만 8,700원 남았어요. 이번 주 배달 주문은 D카드로 결제하세요."
C0085,CARD_E,NH농협카드 올바른 FLEX 카드,2025-12,0,0,0,300000.0,300000,0,0,0,0.0,0.0,배달 주문,쿠팡이츠,65800.0,E카드 스타벅스 50% 할인까지 30만 원 남았어요. 이번 주 배달 주문은 E카드로 결제하세요.
C0086,CARD_A,신한카드 Mr.Life,2025-12,296250,13,0,300000.0,3750,1,2940,0,2940.0,2940.0,외식,고깃집,162800.0,"A카드 공과금·편의점 10% 할인까지 3,800원 남았어요. 이번 주 외식은 A카드로 결제하세요."
C0086,CARD_B,KB국민카드 굿데이카드,2025-12,84200,1,0,300000.0,215800,0,0,0,0.0,0.0,외식,고깃집,162800.0,"B카드 통신비 10% 할인까지 21만 5,800원 남았어요. 이번 주 외식은 B카드로 결제하세요."
C0086,CARD_C,하나카드 MOVING카드 ALLDAY모드,2025-12,6930,2,1,,0,1,30,30,,,,,,
C0086,CARD_D,삼성카드 삼성 iD SELECT ALL 카드,2025-12,12900,1,0,400000.0,387100,0,0,0,990.0,990.0,외식,고깃집,162800.0,"D카드 SELECT 7% 할인까지 38만 7,100원 남았어요. 이번 주 외식은 D카드로 결제하세요."
C0086,CARD_E,NH농협카드 올바른 FLEX 카드,2025-12,5790,1,0,300000.0,294210,0,0,0,0.0,0.0,교통비,티머니,53700.0,"E카드 스타벅스 50% 할인까지 29만 4,200원 남았어요. 이번 주 교통비는 E카드로 결제하세요."
C0087,CARD_A,신한카드 Mr.Life,2025-12,827140,12,2,1000000.0,172860,3,19040,14000,19040.0,5040.0,주유,SK에너지,215000.0,"A카드 할인한도 월 5만 원까지 17만 2,900원 남았어요. 이번 주말 주유는 A카드로 결제하세요."
C0087,CARD_B,KB국민카드 굿데이카드,2025-12,74690,2,0,300000.0,225310,0,0,0,0.0,0.0,주유,SK에너지,215000.0,"B카드 통신비 10% 할인까지 22만 5,300원 남았어요. 이번 주말 주유는 B카드로 결제하세요."
C0087,CARD_C,하나카드 MOVING카드 ALLDAY모드,2025-12,14000,1,1,,0,1,70,70,,,,,,
C0087,CARD_D,삼성카드 삼성 iD SELECT ALL 카드,2025-12,0,0,0,400000.0,400000,0,0,0,0.0,0.0,주유,SK에너지,215000.0,D카드 SELECT 7% 할인까지 40만 원 남았어요. 이번 주말 주유는 D카드로 결제하세요.
C0087,CARD_E,NH농협카드 올바른 FLEX 카드,2025-12,0,0,0,300000.0,300000,0,0,0,0.0,0.0,교통비,세차장,15700.0,E카드 스타벅스 50% 할인까지 30만 원 남았어요. 이번 주 교통비는 E카드로 결제하세요.
C0088,CARD_A,신한카드 Mr.Life,2025-12,24300,1,0,300000.0,275700,0,0,0,0.0,0.0,편의점,GS25,38300.0,"A카드 공과금·편의점 10% 할인까지 27만 5,700원 남았어요. 이번 주 편의점은 A카드로 결제하세요."
C0088,CARD_B,KB국민카드 굿데이카드,2025-12,540740,19,1,600000.0,59260,3,6030,1030,6030.0,5000.0,편의점,GS25,38300.0,"B카드 외식·커피 10% 할인까지 5만 9,300원 남았어요. 이번 주 편의점은 B카드로 결제하세요."
C0088,CARD_C,하나카드 MOVING카드 ALLDAY모드,2025-12,0,0,1,,0,1,0,0,,,,,,
C0088,CARD_D,삼성카드 삼성 iD SELECT ALL 카드,2025-12,0,0,0,400000.0,400000,0,0,0,0.0,0.0,편의점,GS25,38300.0,D카드 SELECT 7% 할인까지 40만 원 남았어요. 이번 주 편의점은 D카드로 결제하세요.
C0088,CARD_E,NH농협카드 올바른 FLEX 카드,2025-12,95100,2,0,300000.0,204900,0,0,0,0.0,0.0,편의점,GS25,38300.0,"E카드 스타벅스 50% 할인까지 20만 4,900원 남았어요. 이번 주 편의점은 E카드로 결제하세요."
C0089,CARD_A,신한카드 Mr.Life,2025-12,1950,1,0,300000.0,298050,0,0,0,200.0,200.0,외식,고깃집,58600.0,"A카드 공과금·편의점 10% 할인까지 29만 8,000원 남았어요. 이번 주 외식은 A카드로 결제하세요."
C0089,CARD_B,KB국민카드 굿데이카드,2025-12,51700,1,0,300000.0,248300,0,0,0,3000.0,3000.0,외식,고깃집,58600.0,"B카드 통신비 10% 할인까지 24만 8,300원 남았어요. 이번 주 외식은 B카드로 결제하세요."
C0089,CARD_C,하나카드 MOVING카드 ALLDAY모드,2025-12,533760,12,1,,0,1,5340,5340,,,,,,
C0089,CARD_D,삼성카드 삼성 iD SELECT ALL 카드,2025-12,0,0,0,400000.0,400000,0,0,0,0.0,0.0,생활용품 구매,이케아,2987900.0,D카드 SELECT 7% 할인까지 40만 원 남았어요. 이번 주말 생활용품 구매는 D카드로 결제하세요.
C0089,CARD_E,NH농협카드 올바른 FLEX 카드,2025-12,192600,2,0,300000.0,107400,0,0,0,0.0,0.0,편의점,GS25,10100.0,"E카드 스타벅스 50% 할인까지 10만 7,400원 남았어요. 이번 주 편의점은 E카드로 결제하세요."
C0090,CARD_A,신한카드 Mr.Life,2025-12,0,0,0,300000.0,300000,0,0,0,0.0,0.0,병원·약국,건강기능식품,206200.0,A카드 공과금·편의점 10% 할인까지 30만 원 남았어요. 이번 주 병원·약국은 A카드로 결제하세요.
C0090,CARD_B,KB국민카드 굿데이카드,2025-12,43800,1,0,300000.0,256200,0,0,0,0.0,0.0,편의점,CU,16800.0,"B카드 통신비 10% 할인까지 25만 6,200원 남았어요. 이번 주 편의점은 B카드로 결제하세요."
C0090,CARD_C,하나카드 MOVING카드 ALLDAY모드,2025-12,821730,15,1,,0,1,8220,8220,,,,,,
C0090,CARD_D,삼성카드 삼성 iD SELECT ALL 카드,2025-12,0,0,0,400000.0,400000,1,0,0,0.0,0.0,병원·약국,건강기능식품,206200.0,D카드 SELECT 7% 할인까지 40만 원 남았어요. 이번 주 병원·약국은 D카드로 결제하세요.
C0090,CARD_E,NH농협카드 올바른 FLEX 카드,2025-12,0,0,0,300000.0,300000,0,0,0,0.0,0.0,편의점,CU,16800.0,E카드 스타벅스 50% 할인까지 30만 원 남았어요. 이번 주 편의점은 E카드로 결제하세요.
C0091,CARD_A,신한카드 Mr.Life,2025-12,883700,21,2,1000000.0,116300,3,16900,16900,16900.0,0.0,온라인쇼핑,쿠팡,884700.0,"A카드 할인한도 월 5만 원까지 11만 6,300원 남았어요. 이번 주 온라인쇼핑은 A카드로 결제하세요."
C0091,CARD_B,KB국민카드 굿데이카드,2025-12,0,0,0,300000.0,300000,0,0,0,0.0,0.0,외식,동네식당,66500.0,B카드 통신비 10% 할인까지 30만 원 남았어요. 이번 주 외식은 B카드로 결제하세요.
C0091,CARD_C,하나카드 MOVING카드 ALLDAY모드,2025-12,39100,1,1,,0,1,200,200,,,,,,
C0091,CARD_D,삼성카드 삼성 iD SELECT ALL 카드,2025-12,0,0,0,400000.0,400000,0,0,0,0.0,0.0,온라인쇼핑,쿠팡,884700.0,D카드 SELECT 7% 할인까지 40만 원 남았어요. 이번 주 온라인쇼핑은 D카드로 결제하세요.
C0091,CARD_E,NH농협카드 올바른 FLEX 카드,2025-12,0,0,0,300000.0,300000,1,0,0,0.0,0.0,온라인쇼핑,쿠팡,884700.0,E카드 스타벅스 50% 할인까지 30만 원 남았어요. 이번 주 온라인쇼핑은 E카드로 결제하세요.
C0092,CARD_A,신한카드 Mr.Life,2025-12,3452840,25,3,,0,3,19650,19650,,,,,,
C0092,CARD_B,KB국민카드 굿데이카드,2025-12,56350,2,0,300000.0,243650,0,0,0,0.0,0.0,외식,김밥천국,64000.0,"B카드 통신비 10% 할인까지 24만 3,600원 남았어요. 이번 주 외식은 B카드로 결제하세요."
C0092,CARD_C,하나카드 MOVING카드 ALLDAY모드,2025-12,0,0,1,,0,1,0,0,,,,,,
C0092,CARD_D,삼성카드 삼성 iD SELECT ALL 카드,2025-12,245300,1,0,400000.0,154700,1,8720,0,8720.0,8720.0,장보기,코스트코,577900.0,"D카드 SELECT 7% 할인까지 15만 4,700원 남았어요. 이번 주말 장보기는 D카드로 결제하세요."
C0092,CARD_E,NH농협카드 올바른 FLEX 카드,2025-12,27450,2,0,300000.0,272550,0,0,0,10110.0,10110.0,온라인쇼핑,쿠팡,546700.0,"E카드 스타벅스 50% 할인까지 27만 2,600원 남았어요. 이번 주 온라인쇼핑은 E카드로 결제하세요."
C0093,CARD_A,신한카드 Mr.Life,2025-12,88700,2,0,300000.0,211300,0,0,0,0.0,0.0,주유,현대오일뱅크,281600.0,"A카드 공과금·편의점 10% 할인까지 21만 1,300원 남았어요. 이번 주말 주유는 A카드로 결제하세요."
C0093,CARD_B,KB국민카드 굿데이카드,2025-12,20500,1,0,300000.0,279500,0,0,0,0.0,0.0,주유,현대오일뱅크,281600.0,"B카드 통신비 10% 할인까지 27만 9,500원 남았어요. 이번 주말 주유는 B카드로 결제하세요."
C0093,CARD_C,하나카드 MOVING카드 ALLDAY모드,2025-12,546500,11,1,,0,1,5570,5570,,,,,,
C0093,CARD_D,삼성카드 삼성 iD SELECT ALL 카드,2025-12,55200,1,0,400000.0,344800,0,0,0,5520.0,5520.0,주유,현대오일뱅크,281600.0,"D카드 SELECT 7% 할인까지 34만 4,800원 남았어요. 이번 주말 주유는 D카드로 결제하세요."
C0093,CARD_E,NH농협카드 올바른 FLEX 카드,2025-12,21300,1,0,300000.0,278700,0,0,0,2130.0,2130.0,구독료,웨이브,26100.0,"E카드 스타벅스 50% 할인까지 27만 8,700원 남았어요. 이번 주 구독료는 E카드로 결제하세요."
C0094,CARD_A,신한카드 Mr.Life,2025-12,0,0,0,300000.0,300000,0,0,0,0.0,0.0,온라인쇼핑,네이버쇼핑,64500.0,A카드 공과금·편의점 10% 할인까지 30만 원 남았어요. 이번 주 온라인쇼핑은 A카드로 결제하세요.
C0094,CARD_B,KB국민카드 굿데이카드,2025-12,590230,11,1,600000.0,9770,1,3000,3000,4910.0,1910.0,교통비,티머니,10800.0,"B카드 외식·커피 10% 할인까지 9,800원 남았어요. 이번 주 교통비는 B카드로 결제하세요."
C0094,CARD_C,하나카드 MOVING카드 ALLDAY모드,2025-12,0,0,1,,0,1,0,0,,,,,,
C0094,CARD_D,삼성카드 삼성 iD SELECT ALL 카드,2025-12,7890,1,0,400000.0,392110,0,0,0,4000.0,4000.0,구독료,쿠팡와우,31000.0,"D카드 SELECT 7% 할인까지 39만 2,100원 남았어요. 이번 주 구독료는 D카드로 결제하세요."
C0094,CARD_E,NH농협카드 올바른 FLEX 카드,2025-12,0,0,0,300000.0,300000,0,0,0,0.0,0.0,구독료,쿠팡와우,31000.0,E카드 스타벅스 50% 할인까지 30만 원 남았어요. 이번 주 구독료는 E카드로 결제하세요.
C0095,CARD_A,신한카드 Mr.Life,2025-12,73500,1,0,300000.0,226500,0,0,0,2590.0,2590.0,주유,SK에너지,279600.0,"A카드 공과금·편의점 10% 할인까지 22만 6,500원 남았어요. 이번 주말 주유는 A카드로 결제하세요."
C0095,CARD_B,KB국민카드 굿데이카드,2025-12,620490,11,2,1200000.0,579510,2,6370,6370,6370.0,0.0,주유,SK에너지,279600.0,"B카드 학원비 10% 할인까지 57만 9,500원 남았어요. 이번 주말 주유는 B카드로 결제하세요."
C0095,CARD_C,하나카드 MOVING카드 ALLDAY모드,2025-12,0,0,1,,0,1,0,0,,,,,,
C0095,CARD_D,삼성카드 삼성 iD SELECT ALL 카드,2025-12,0,0,0,400000.0,400000,0,0,0,0.0,0.0,주유,SK에너지,279600.0,D카드 SELECT 7% 할인까지 40만 원 남았어요. 이번 주말 주유는 D카드로 결제하세요.
C0095,CARD_E,NH농협카드 올바른 FLEX 카드,2025-12,118750,2,0,300000.0,181250,0,0,0,0.0,0.0,편의점,세븐일레븐,17600.0,"E카드 스타벅스 50% 할인까지 18만 1,200원 남았어요. 이번 주 편의점은 E카드로 결제하세요."
C0096,CARD_A,신한카드 Mr.Life,2025-12,0,0,0,300000.0,300000,0,0,0,0.0,0.0,온라인쇼핑,쿠팡,149400.0,A카드 공과금·편의점 10% 할인까지 30만 원 남았어요. 이번 주 온라인쇼핑은 A카드로 결제하세요.
C0096,CARD_B,KB국민카드 굿데이카드,2025-12,0,0,0,300000.0,300000,0,0,0,0.0,0.0,교통비,주차장,17100.0,B카드 통신비 10% 할인까지 30만 원 남았어요. 이번 주 교통비는 B카드로 결제하세요.
C0096,CARD_C,하나카드 MOVING카드 ALLDAY모드,2025-12,972200,1,1,,0,1,4860,4860,,,,,,
C0096,CARD_D,삼성카드 삼성 iD SELECT ALL 카드,2025-12,1230000,7,3,,0,3,35000,35000,,,,,,
C0096,CARD_E,NH농협카드 올바른 FLEX 카드,2025-12,0,0,0,300000.0,300000,0,0,0,0.0,0.0,배달 주문,쿠팡이츠,112600.0,E카드 스타벅스 50% 할인까지 30만 원 남았어요. 이번 주 배달 주문은 E카드로 결제하세요.
C0097,CARD_A,신한카드 Mr.Life,2025-12,0,0,0,300000.0,300000,0,0,0,0.0,0.0,장보기,롯데마트,307100.0,A카드 공과금·편의점 10% 할인까지 30만 원 남았어요. 이번 주말 장보기는 A카드로 결제하세요.
C0097,CARD_B,KB국민카드 굿데이카드,2025-12,11900,1,0,300000.0,288100,0,0,0,0.0,0.0,편의점,CU,13100.0,"B카드 통신비 10% 할인까지 28만 8,100원 남았어요. 이번 주 편의점은 B카드로 결제하세요."
C0097,CARD_C,하나카드 MOVING카드 ALLDAY모드,2025-12,414420,12,1,,0,1,4140,4140,,,,,,
C0097,CARD_D,삼성카드 삼성 iD SELECT ALL 카드,2025-12,0,0,0,400000.0,400000,0,0,0,0.0,0.0,장보기,롯데마트,307100.0,D카드 SELECT 7% 할인까지 40만 원 남았어요. 이번 주말 장보기는 D카드로 결제하세요.
C0097,CARD_E,NH농협카드 올바른 FLEX 카드,2025-12,0,0,0,300000.0,300000,0,0,0,0.0,0.0,편의점,CU,13100.0,E카드 스타벅스 50% 할인까지 30만 원 남았어요. 이번 주 편의점은 E카드로 결제하세요.
C0098,CARD_A,신한카드 Mr.Life,2025-12,239900,2,0,300000.0,60100,0,0,0,1930.0,1930.0,장보기,이마트,882500.0,A카드 공과금·편의점 10% 할인까지 6만 100원 남았어요. 이번 주말 장보기는 A카드로 결제하세요.
C0098,CARD_B,KB국민카드 굿데이카드,2025-12,14900,1,0,300000.0,285100,1,0,0,0.0,0.0,외식,동네식당,60300.0,"B카드 통신비 10% 할인까지 28만 5,100원 남았어요. 이번 주 외식은 B카드로 결제하세요."
C0098,CARD_C,하나카드 MOVING카드 ALLDAY모드,2025-12,1370470,23,1,,0,1,13700,13700,,,,,,
C0098,CARD_D,삼성카드 삼성 iD SELECT ALL 카드,2025-12,0,0,0,400000.0,400000,0,0,0,0.0,0.0,장보기,이마트,882500.0,D카드 SELECT 7% 할인까지 40만 원 남았어요. 이번 주말 장보기는 D카드로 결제하세요.
C0098,CARD_E,NH농협카드 올바른 FLEX 카드,2025-12,0,0,0,300000.0,300000,0,0,0,0.0,0.0,온라인쇼핑,쿠팡,178100.0,E카드 스타벅스 50% 할인까지 30만 원 남았어요. 이번 주 온라인쇼핑은 E카드로 결제하세요.
C0099,CARD_A,신한카드 Mr.Life,2025-12,0,0,0,300000.0,300000,0,0,0,0.0,0.0,편의점,GS25,7100.0,A카드 공과금·편의점 10% 할인까지 30만 원 남았어요. 이번 주 편의점은 A카드로 결제하세요.
C0099,CARD_B,KB국민카드 굿데이카드,2025-12,2470,1,0,300000.0,297530,0,0,0,0.0,0.0,편의점,GS25,7100.0,"B카드 통신비 10% 할인까지 29만 7,500원 남았어요. 이번 주 편의점은 B카드로 결제하세요."
C0099,CARD_C,하나카드 MOVING카드 ALLDAY모드,2025-12,68700,6,1,,0,1,690,690,,,,,,
C0099,CARD_D,삼성카드 삼성 iD SELECT ALL 카드,2025-12,0,0,0,400000.0,400000,0,0,0,0.0,0.0,편의점,GS25,7100.0,D카드 SELECT 7% 할인까지 40만 원 남았어요. 이번 주 편의점은 D카드로 결제하세요.
C0100,CARD_A,신한카드 Mr.Life,2025-12,0,0,0,300000.0,300000,0,0,0,0.0,0.0,장보기,동네마트,272700.0,A카드 공과금·편의점 10% 할인까지 30만 원 남았어요. 이번 주말 장보기는 A카드로 결제하세요.
C0100,CARD_B,KB국민카드 굿데이카드,2025-12,655710,12,2,1200000.0,544290,3,10650,10650,10650.0,0.0,외식,동네식당,67800.0,"B카드 학원비 10% 할인까지 54만 4,300원 남았어요. 이번 주 외식은 B카드로 결제하세요."
C0100,CARD_C,하나카드 MOVING카드 ALLDAY모드,2025-12,0,0,1,,0,1,0,0,,,,,,
C0100,CARD_D,삼성카드 삼성 iD SELECT ALL 카드,2025-12,3020,1,0,400000.0,396980,0,0,0,20.0,20.0,장보기,동네마트,272700.0,"D카드 SELECT 7% 할인까지 39만 7,000원 남았어요. 이번 주말 장보기는 D카드로 결제하세요."
C0100,CARD_E,NH농협카드 올바른 FLEX 카드,2025-12,127000,2,0,300000.0,173000,0,0,0,2980.0,2980.0,구독료,유튜브 프리미엄,35100.0,"E카드 스타벅스 50% 할인까지 17만 3,000원 남았어요. 이번 주 구독료는 E카드로 결제하세요."
C0101,CARD_A,신한카드 Mr.Life,2025-12,24150,2,0,300000.0,275850,0,0,0,2090.0,2090.0,편의점,CU,7700.0,"A카드 공과금·편의점 10% 할인까지 27만 5,800원 남았어요. 이번 주 편의점은 A카드로 결제하세요."
C0101,CARD_B,KB국민카드 굿데이카드,2025-12,0,0,0,300000.0,300000,0,0,0,0.0,0.0,편의점,CU,7700.0,B카드 통신비 10% 할인까지 30만 원 남았어요. 이번 주 편의점은 B카드로 결제하세요.
C0101,CARD_C,하나카드 MOVING카드 ALLDAY모드,2025-12,0,0,1,,0,1,0,0,,,,,,
C0101,CARD_D,삼성카드 삼성 iD SELECT ALL 카드,2025-12,0,0,0,400000.0,400000,0,0,0,0.0,0.0,편의점,CU,7700.0,D카드 SELECT 7% 할인까지 40만 원 남았어요. 이번 주 편의점은 D카드로 결제하세요.
C0101,CARD_E,NH농협카드 올바른 FLEX 카드,2025-12,320800,13,1,,0,0,0,3130,,,,,,
C0102,CARD_A,신한카드 Mr.Life,2025-12,337740,11,1,500000.0,162260,2,0,0,0.0,0.0,커피,컴포즈커피,7800.0,"A카드 할인한도 월 3.4만 원까지 16만 2,300원 남았어요. 이번 주 커피는 A카드로 결제하세요."
C0102,CARD_B,KB국민카드 굿데이카드,2025-12,0,0,0,300000.0,300000,0,0,0,0.0,0.0,커피,컴포즈커피,7800.0,B카드 통신비 10% 할인까지 30만 원 남았어요. 이번 주 커피는 B카드로 결제하세요.
C0102,CARD_C,하나카드 MOVING카드 ALLDAY모드,2025-12,0,0,1,,0,1,0,0,,,,,,
C0102,CARD_D,삼성카드 삼성 iD SELECT ALL 카드,2025-12,0,0,0,400000.0,400000,0,0,0,0.0,0.0,장보기,동네마트,65800.0,D카드 SELECT 7% 할인까지 40만 원 남았어요. 이번 주말 장보기는 D카드로 결제하세요.
C0102,CARD_E,NH농협카드 올바른 FLEX 카드,2025-12,0,0,0,300000.0,300000,0,0,0,0.0,0.0,커피,컴포즈커피,7800.0,E카드 스타벅스 50% 할인까지 30만 원 남았어요. 이번 주 커피는 E카드로 결제하세요.
C0103,CARD_A,신한카드 Mr.Life,2025-12,269960,20,0,300000.0,30040,2,7690,0,5690.0,5690.0,커피,스타벅스,36200.0,A카드 공과금·편의점 10% 할인까지 3만 원 남았어요. 이번 주 커피는 A카드로 결제하세요.
C0103,CARD_B,KB국민카드 굿데이카드,2025-12,44760,2,0,300000.0,255240,0,0,0,0.0,0.0,커피,스타벅스,36200.0,"B카드 통신비 10% 할인까지 25만 5,200원 남았어요. 이번 주 커피는 B카드로 결제하세요."
C0103,CARD_C,하나카드 MOVING카드 ALLDAY모드,2025-12,7460,2,1,,0,1,40,40,,,,,,
C0103,CARD_D,삼성카드 삼성 iD SELECT ALL 카드,2025-12,67320,4,0,400000.0,332680,0,0,0,4990.0,4990.0,배달 주문,쿠팡이츠,227400.0,"D카드 SELECT 7% 할인까지 33만 2,700원 남았어요. 이번 주 배달 주문은 D카드로 결제하세요."
C0103,CARD_E,NH농협카드 올바른 FLEX 카드,2025-12,0,0,0,300000.0,300000,0,0,0,0.0,0.0,배달 주문,쿠팡이츠,227400.0,E카드 스타벅스 50% 할인까지 30만 원 남았어요. 이번 주 배달 주문은 E카드로 결제하세요.
C0104,CARD_A,신한카드 Mr.Life,2025-12,1070810,15,3,,0,3,7230,7230,,,,,,
C0104,CARD_B,KB국민카드 굿데이카드,2025-12,0,0,0,300000.0,300000,0,0,0,0.0,0.0,커피,동네로스터리,14200.0,B카드 통신비 10% 할인까지 30만 원 남았어요. 이번 주 커피는 B카드로 결제하세요.
C0104,CARD_C,하나카드 MOVING카드 ALLDAY모드,2025-12,0,0,1,,0,1,0,0,,,,,,
C0104,CARD_D,삼성카드 삼성 iD SELECT ALL 카드,2025-12,58000,1,0,400000.0,342000,0,0,0,4470.0,4470.0,온라인쇼핑,쿠팡,118200.0,"D카드 SELECT 7% 할인까지 34만 2,000원 남았어요. 이번 주 온라인쇼핑은 D카드로 결제하세요."
C0104,CARD_E,NH농협카드 올바른 FLEX 카드,2025-12,10200,1,0,300000.0,289800,0,0,0,0.0,0.0,커피,동네로스터리,14200.0,"E카드 스타벅스 50% 할인까지 28만 9,800원 남았어요. 이번 주 커피는 E카드로 결제하세요."
C0105,CARD_A,신한카드 Mr.Life,2025-12,142000,1,0,300000.0,158000,0,0,0,0.0,0.0,외식,서브웨이,83200.0,"A카드 공과금·편의점 10% 할인까지 15만 8,000원 남았어요. 이번 주 외식은 A카드로 결제하세요."
C0105,CARD_B,KB국민카드 굿데이카드,2025-12,179600,2,0,300000.0,120400,0,0,0,0.0,0.0,외식,서브웨이,83200.0,B카드 통신비 10% 할인까지 12만 400원 남았어요. 이번 주 외식은 B카드로 결제하세요.
C0105,CARD_C,하나카드 MOVING카드 ALLDAY모드,2025-12,591270,5,1,,0,1,2960,2960,,,,,,
C0105,CARD_D,삼성카드 삼성 iD SELECT ALL 카드,2025-12,0,0,0,400000.0,400000,0,0,0,0.0,0.0,외식,서브웨이,83200.0,D카드 SELECT 7% 할인까지 40만 원 남았어요. 이번 주 외식은 D카드로 결제하세요.
C0105,CARD_E,NH농협카드 올바른 FLEX 카드,2025-12,0,0,0,300000.0,300000,0,0,0,0.0,0.0,커피,컴포즈커피,7100.0,E카드 스타벅스 50% 할인까지 30만 원 남았어요. 이번 주 커피는 E카드로 결제하세요.
C0106,CARD_A,신한카드 Mr.Life,2025-12,1598440,15,3,,0,3,10880,10880,,,,,,
C0106,CARD_B,KB국민카드 굿데이카드,2025-12,12100,1,0,300000.0,287900,0,0,0,0.0,0.0,외식,서브웨이,94600.0,"B카드 통신비 10% 할인까지 28만 7,900원 남았어요. 이번 주 외식은 B카드로 결제하세요."
C0106,CARD_C,하나카드 MOVING카드 ALLDAY모드,2025-12,0,0,1,,0,1,0,0,,,,,,
C0106,CARD_D,삼성카드 삼성 iD SELECT ALL 카드,2025-12,116300,1,0,400000.0,283700,0,0,0,7810.0,7810.0,구독료,어도비 Creative Cloud,55300.0,"D카드 SELECT 7% 할인까지 28만 3,700원 남았어요. 이번 주 구독료는 D카드로 결제하세요."
C0106,CARD_E,NH농협카드 올바른 FLEX 카드,2025-12,17000,1,0,300000.0,283000,0,0,0,3400.0,3400.0,구독료,어도비 Creative Cloud,55300.0,"E카드 스타벅스 50% 할인까지 28만 3,000원 남았어요. 이번 주 구독료는 E카드로 결제하세요."
C0107,CARD_A,신한카드 Mr.Life,2025-12,0,0,0,300000.0,300000,0,0,0,0.0,0.0,외식,스시오마카세,171600.0,A카드 공과금·편의점 10% 할인까지 30만 원 남았어요. 이번 주 외식은 A카드로 결제하세요.
C0107,CARD_B,KB국민카드 굿데이카드,2025-12,0,0,0,300000.0,300000,0,0,0,0.0,0.0,외식,스시오마카세,171600.0,B카드 통신비 10% 할인까지 30만 원 남았어요. 이번 주 외식은 B카드로 결제하세요.
C0107,CARD_C,하나카드 MOVING카드 ALLDAY모드,2025-12,0,0,1,,0,1,0,0,,,,,,
C0107,CARD_D,삼성카드 삼성 iD SELECT ALL 카드,2025-12,0,0,0,400000.0,400000,0,0,0,0.0,0.0,외식,스시오마카세,171600.0,D카드 SELECT 7% 할인까지 40만 원 남았어요. 이번 주 외식은 D카드로 결제하세요.
C0107,CARD_E,NH농협카드 올바른 FLEX 카드,2025-12,2313430,13,1,,0,1,8230,8230,,,,,,
C0108,CARD_A,신한카드 Mr.Life,2025-12,3704960,14,3,,0,3,9160,9160,,,,,,
C0108,CARD_B,KB국민카드 굿데이카드,2025-12,0,0,0,300000.0,300000,0,0,0,0.0,0.0,외식,스시오마카세,487000.0,B카드 통신비 10% 할인까지 30만 원 남았어요. 이번 주 외식은 B카드로 결제하세요.
C0108,CARD_C,하나카드 MOVING카드 ALLDAY모드,2025-12,68200,1,1,,0,1,340,340,,,,,,
C0108,CARD_D,삼성카드 삼성 iD SELECT ALL 카드,2025-12,122000,3,0,400000.0,278000,0,0,0,6620.0,6620.0,외식,스시오마카세,487000.0,"D카드 SELECT 7% 할인까지 27만 8,000원 남았어요. 이번 주 외식은 D카드로 결제하세요."
C0108,CARD_E,NH농협카드 올바른 FLEX 카드,2025-12,273900,4,0,300000.0,26100,0,0,0,3240.0,3240.0,배달 주문,배달의민족,51800.0,"E카드 스타벅스 50% 할인까지 2만 6,100원 남았어요. 이번 주 배달 주문은 E카드로 결제하세요."
C0109,CARD_A,신한카드 Mr.Life,2025-12,19800,1,0,300000.0,280200,0,0,0,0.0,0.0,장보기,이마트,483300.0,A카드 공과금·편의점 10% 할인까지 28만 200원 남았어요. 이번 주말 장보기는 A카드로 결제하세요.
C0109,CARD_B,KB국민카드 굿데이카드,2025-12,48420,2,0,300000.0,251580,0,0,0,0.0,0.0,편의점,세븐일레븐,6500.0,"B카드 통신비 10% 할인까지 25만 1,600원 남았어요. 이번 주 편의점은 B카드로 결제하세요."
C0109,CARD_C,하나카드 MOVING카드 ALLDAY모드,2025-12,375960,7,1,,0,1,1880,1880,,,,,,
C0109,CARD_D,삼성카드 삼성 iD SELECT ALL 카드,2025-12,55800,1,0,400000.0,344200,0,0,0,4300.0,4300.0,장보기,이마트,483300.0,"D카드 SELECT 7% 할인까지 34만 4,200원 남았어요. 이번 주말 장보기는 D카드로 결제하세요."
C0109,CARD_E,NH농협카드 올바른 FLEX 카드,2025-12,6130,2,0,300000.0,293870,1,0,0,0.0,0.0,편의점,세븐일레븐,6500.0,"E카드 스타벅스 50% 할인까지 29만 3,900원 남았어요. 이번 주 편의점은 E카드로 결제하세요."
C0110,CARD_A,신한카드 Mr.Life,2025-12,1128750,17,3,,0,2,25000,35000,,,,,,
C0110,CARD_B,KB국민카드 굿데이카드,2025-12,0,0,0,300000.0,300000,0,0,0,0.0,0.0,외식,맘스터치,137000.0,B카드 통신비 10% 할인까지 30만 원 남았어요. 이번 주 외식은 B카드로 결제하세요.
C0110,CARD_C,하나카드 MOVING카드 ALLDAY모드,2025-12,53500,1,1,,0,1,270,270,,,,,,
C0110,CARD_D,삼성카드 삼성 iD SELECT ALL 카드,2025-12,0,0,0,400000.0,400000,0,0,0,0.0,0.0,외식,맘스터치,137000.0,D카드 SELECT 7% 할인까지 40만 원 남았어요. 이번 주 외식은 D카드로 결제하세요.
C0110,CARD_E,NH농협카드 올바른 FLEX 카드,2025-12,50300,1,0,300000.0,249700,0,0,0,0.0,0.0,온라인쇼핑,쿠팡,188200.0,"E카드 스타벅스 50% 할인까지 24만 9,700원 남았어요. 이번 주 온라인쇼핑은 E카드로 결제하세요."
C0111,CARD_A,신한카드 Mr.Life,2025-12,0,0,0,300000.0,300000,0,0,0,0.0,0.0,장보기,동네마트,149300.0,A카드 공과금·편의점 10% 할인까지 30만 원 남았어요. 이번 주말 장보기는 A카드로 결제하세요.
C0111,CARD_B,KB국민카드 굿데이카드,2025-12,214660,12,0,300000.0,85340,3,6810,0,1810.0,1810.0,교통비,주차장,21800.0,"B카드 통신비 10% 할인까지 8만 5,300원 남았어요. 이번 주 교통비는 B카드로 결제하세요."
C0111,CARD_C,하나카드 MOVING카드 ALLDAY모드,2025-12,0,0,1,,0,1,0,0,,,,,,
C0111,CARD_D,삼성카드 삼성 iD SELECT ALL 카드,2025-12,25090,2,0,400000.0,374910,0,0,0,5180.0,5180.0,구독료,멜론,57800.0,"D카드 SELECT 7% 할인까지 37만 4,900원 남았어요. 이번 주 구독료는 D카드로 결제하세요."
C0111,CARD_E,NH농협카드 올바른 FLEX 카드,2025-12,0,0,0,300000.0,300000,0,0,0,0.0,0.0,구독료,멜론,57800.0,E카드 스타벅스 50% 할인까지 30만 원 남았어요. 이번 주 구독료는 E카드로 결제하세요.
C0112,CARD_A,신한카드 Mr.Life,2025-12,516020,19,2,1000000.0,483980,1,5360,5360,5360.0,0.0,커피,스타벅스,10500.0,"A카드 할인한도 월 5만 원까지 48만 4,000원 남았어요. 이번 주 커피는 A카드로 결제하세요."
C0112,CARD_B,KB국민카드 굿데이카드,2025-12,12860,2,0,300000.0,287140,0,0,0,1290.0,1290.0,교통비,티머니,103400.0,"B카드 통신비 10% 할인까지 28만 7,100원 남았어요. 이번 주 교통비는 B카드로 결제하세요."
C0112,CARD_C,하나카드 MOVING카드 ALLDAY모드,2025-12,0,0,1,,0,1,0,0,,,,,,
C0112,CARD_D,삼성카드 삼성 iD SELECT ALL 카드,2025-12,11770,2,0,400000.0,388230,0,0,0,80.0,80.0,편의점,세븐일레븐,10800.0,"D카드 SELECT 7% 할인까지 38만 8,200원 남았어요. 이번 주 편의점은 D카드로 결제하세요."
C0112,CARD_E,NH농협카드 올바른 FLEX 카드,2025-12,12990,2,0,300000.0,287010,0,0,0,140.0,140.0,교통비,티머니,103400.0,"E카드 스타벅스 50% 할인까지 28만 7,000원 남았어요. 이번 주 교통비는 E카드로 결제하세요."
C0113,CARD_A,신한카드 Mr.Life,2025-12,342760,9,1,500000.0,157240,3,13170,10000,13170.0,3170.0,온라인쇼핑,네이버쇼핑,258200.0,"A카드 할인한도 월 3.4만 원까지 15만 7,200원 남았어요. 이번 주 온라인쇼핑은 A카드로 결제하세요."
C0113,CARD_B,KB국민카드 굿데이카드,2025-12,35200,1,0,300000.0,264800,0,0,0,0.0,0.0,커피,투썸플레이스,23000.0,"B카드 통신비 10% 할인까지 26만 4,800원 남았어요. 이번 주 커피는 B카드로 결제하세요."
C0113,CARD_C,하나카드 MOVING카드 ALLDAY모드,2025-12,47500,2,1,,0,1,240,240,,,,,,
C0113,CARD_D,삼성카드 삼성 iD SELECT ALL 카드,2025-12,6020,1,0,400000.0,393980,0,0,0,40.0,40.0,온라인쇼핑,네이버쇼핑,258200.0,"D카드 SELECT 7% 할인까지 39만 4,000원 남았어요. 이번 주 온라인쇼핑은 D카드로 결제하세요."
C0113,CARD_E,NH농협카드 올바른 FLEX 카드,2025-12,19300,1,0,300000.0,280700,0,0,0,0.0,0.0,온라인쇼핑,네이버쇼핑,258200.0,E카드 스타벅스 50% 할인까지 28만 700원 남았어요. 이번 주 온라인쇼핑은 E카드로 결제하세요.
C0114,CARD_A,신한카드 Mr.Life,2025-12,19600,1,0,300000.0,280400,0,0,0,0.0,0.0,온라인쇼핑,쿠팡,1285600.0,A카드 공과금·편의점 10% 할인까지 28만 400원 남았어요. 이번 주 온라인쇼핑은 A카드로 결제하세요.
C0114,CARD_B,KB국민카드 굿데이카드,2025-12,902810,24,2,1200000.0,297190,3,5950,5950,5950.0,0.0,외식,동네식당,112200.0,"B카드 학원비 10% 할인까지 29만 7,200원 남았어요. 이번 주 외식은 B카드로 결제하세요."
C0114,CARD_C,하나카드 MOVING카드 ALLDAY모드,2025-12,103300,2,1,,0,1,520,520,,,,,,
C0114,CARD_D,삼성카드 삼성 iD SELECT ALL 카드,2025-12,88100,3,0,400000.0,311900,0,0,0,5070.0,5070.0,온라인쇼핑,쿠팡,1285600.0,"D카드 SELECT 7% 할인까지 31만 1,900원 남았어요. 이번 주 온라인쇼핑은 D카드로 결제하세요."
C0114,CARD_E,NH농협카드 올바른 FLEX 카드,2025-12,0,0,0,300000.0,300000,0,0,0,0.0,0.0,온라인쇼핑,쿠팡,1285600.0,E카드 스타벅스 50% 할인까지 30만 원 남았어요. 이번 주 온라인쇼핑은 E카드로 결제하세요.
C0115,CARD_A,신한카드 Mr.Life,2025-12,0,0,0,300000.0,300000,0,0,0,0.0,0.0,외식,파인다이닝 레스토랑,329300.0,A카드 공과금·편의점 10% 할인까지 30만 원 남았어요. 이번 주 외식은 A카드로 결제하세요.
C0115,CARD_B,KB국민카드 굿데이카드,2025-12,0,0,0,300000.0,300000,1,0,0,0.0,0.0,교통비,티머니,21600.0,B카드 통신비 10% 할인까지 30만 원 남았어요. 이번 주 교통비는 B카드로 결제하세요.
C0115,CARD_C,하나카드 MOVING카드 ALLDAY모드,2025-12,0,0,1,,0,1,0,0,,,,,,
C0115,CARD_D,삼성카드 삼성 iD SELECT ALL 카드,2025-12,1731420,7,3,,0,3,17990,17990,,,,,,
C0115,CARD_E,NH농협카드 올바른 FLEX 카드,2025-12,2340,1,0,300000.0,297660,0,0,0,160.0,160.0,교통비,티머니,21600.0,"E카드 스타벅스 50% 할인까지 29만 7,700원 남았어요. 이번 주 교통비는 E카드로 결제하세요."
C0116,CARD_A,신한카드 Mr.Life,2025-12,165980,4,0,300000.0,134020,0,0,0,3410.0,3410.0,편의점,CU,2700.0,"A카드 공과금·편의점 10% 할인까지 13만 4,000원 남았어요. 이번 주 편의점은 A카드로 결제하세요."
C0116,CARD_B,KB국민카드 굿데이카드,2025-12,0,0,0,300000.0,300000,0,0,0,0.0,0.0,편의점,CU,2700.0,B카드 통신비 10% 할인까지 30만 원 남았어요. 이번 주 편의점은 B카드로 결제하세요.
C0116,CARD_C,하나카드 MOVING카드 ALLDAY모드,2025-12,0,0,1,,0,1,0,0,,,,,,
C0116,CARD_D,삼성카드 삼성 iD SELECT ALL 카드,2025-12,87400,1,0,400000.0,312600,0,0,0,7000.0,7000.0,편의점,CU,2700.0,"D카드 SELECT 7% 할인까지 31만 2,600원 남았어요. 이번 주 편의점은 D카드로 결제하세요."
C0116,CARD_E,NH농협카드 올바른 FLEX 카드,2025-12,0,0,0,300000.0,300000,0,0,0,0.0,0.0,편의점,CU,2700.0,E카드 스타벅스 50% 할인까지 30만 원 남았어요. 이번 주 편의점은 E카드로 결제하세요.
C0117,CARD_A,신한카드 Mr.Life,2025-12,25170,2,0,300000.0,274830,0,0,0,510.0,510.0,장보기,마켓컬리,375200.0,"A카드 공과금·편의점 10% 할인까지 27만 4,800원 남았어요. 이번 주말 장보기는 A카드로 결제하세요."
C0117,CARD_B,KB국민카드 굿데이카드,2025-12,0,0,0,300000.0,300000,0,0,0,0.0,0.0,외식,한식뷔페,58400.0,B카드 통신비 10% 할인까지 30만 원 남았어요. 이번 주 외식은 B카드로 결제하세요.
C0117,CARD_C,하나카드 MOVING카드 ALLDAY모드,2025-12,283900,1,1,,0,1,1420,1420,,,,,,
C0117,CARD_D,삼성카드 삼성 iD SELECT ALL 카드,2025-12,0,0,0,400000.0,400000,0,0,0,0.0,0.0,장보기,마켓컬리,375200.0,D카드 SELECT 7% 할인까지 40만 원 남았어요. 이번 주말 장보기는 D카드로 결제하세요.
C0117,CARD_E,NH농협카드 올바른 FLEX 카드,2025-12,487580,11,1,,0,1,6810,6810,,,,,,
C0118,CARD_A,신한카드 Mr.Life,2025-12,1299280,11,3,,0,1,4090,11090,,,,,,
C0118,CARD_B,KB국민카드 굿데이카드,2025-12,0,0,0,300000.0,300000,0,0,0,0.0,0.0,편의점,세븐일레븐,11600.0,B카드 통신비 10% 할인까지 30만 원 남았어요. 이번 주 편의점은 B카드로 결제하세요.
C0118,CARD_C,하나카드 MOVING카드 ALLDAY모드,2025-12,0,0,1,,0,1,0,0,,,,,,
C0118,CARD_D,삼성카드 삼성 iD SELECT ALL 카드,2025-12,0,0,0,400000.0,400000,0,0,0,0.0,0.0,장보기,이마트,298900.0,D카드 SELECT 7% 할인까지 40만 원 남았어요. 이번 주말 장보기는 D카드로 결제하세요.
C0118,CARD_E,NH농협카드 올바른 FLEX 카드,2025-12,32500,1,0,300000.0,267500,0,0,0,3250.0,3250.0,편의점,세븐일레븐,11600.0,"E카드 스타벅스 50% 할인까지 26만 7,500원 남았어요. 이번 주 편의점은 E카드로 결제하세요."
C0119,CARD_A,신한카드 Mr.Life,2025-12,0,0,0,300000.0,300000,0,0,0,0.0,0.0,병원·약국,약국,34700.0,A카드 공과금·편의점 10% 할인까지 30만 원 남았어요. 이번 주 병원·약국은 A카드로 결제하세요.
C0119,CARD_B,KB국민카드 굿데이카드,2025-12,0,0,0,300000.0,300000,0,0,0,0.0,0.0,외식,스시오마카세,76000.0,B카드 통신비 10% 할인까지 30만 원 남았어요. 이번 주 외식은 B카드로 결제하세요.
C0119,CARD_C,하나카드 MOVING카드 ALLDAY모드,2025-12,316890,11,1,,0,1,3170,3170,,,,,,
C0119,CARD_D,삼성카드 삼성 iD SELECT ALL 카드,2025-12,0,0,0,400000.0,400000,0,0,0,0.0,0.0,병원·약국,약국,34700.0,D카드 SELECT 7% 할인까지 40만 원 남았어요. 이번 주 병원·약국은 D카드로 결제하세요.
C0119,CARD_E,NH농협카드 올바른 FLEX 카드,2025-12,0,0,0,300000.0,300000,0,0,0,0.0,0.0,배달 주문,배달의민족,29400.0,E카드 스타벅스 50% 할인까지 30만 원 남았어요. 이번 주 배달 주문은 E카드로 결제하세요.
C0120,CARD_A,신한카드 Mr.Life,2025-12,680350,18,2,1000000.0,319650,2,9150,9150,9150.0,0.0,온라인쇼핑,네이버쇼핑,308700.0,"A카드 할인한도 월 5만 원까지 31만 9,600원 남았어요. 이번 주 온라인쇼핑은 A카드로 결제하세요."
C0120,CARD_B,KB국민카드 굿데이카드,2025-12,42330,2,0,300000.0,257670,0,0,0,3000.0,3000.0,외식,고깃집,164400.0,"B카드 통신비 10% 할인까지 25만 7,700원 남았어요. 이번 주 외식은 B카드로 결제하세요."
C0120,CARD_C,하나카드 MOVING카드 ALLDAY모드,2025-12,15230,2,1,,0,1,80,80,,,,,,
C0120,CARD_D,삼성카드 삼성 iD SELECT ALL 카드,2025-12,61200,3,0,400000.0,338800,0,0,0,4710.0,4710.0,온라인쇼핑,네이버쇼핑,308700.0,"D카드 SELECT 7% 할인까지 33만 8,800원 남았어요. 이번 주 온라인쇼핑은 D카드로 결제하세요."
C0120,CARD_E,NH농협카드 올바른 FLEX 카드,2025-12,0,0,0,300000.0,300000,0,0,0,0.0,0.0,온라인쇼핑,네이버쇼핑,308700.0,E카드 스타벅스 50% 할인까지 30만 원 남았어요. 이번 주 온라인쇼핑은 E카드로 결제하세요.
C0121,CARD_A,신한카드 Mr.Life,2025-12,0,0,0,300000.0,300000,0,0,0,0.0,0.0,장보기,동네마트,374400.0,A카드 공과금·편의점 10% 할인까지 30만 원 남았어요. 이번 주말 장보기는 A카드로 결제하세요.
C0121,CARD_B,KB국민카드 굿데이카드,2025-12,0,0,0,300000.0,300000,0,0,0,0.0,0.0,편의점,CU,16200.0,B카드 통신비 10% 할인까지 30만 원 남았어요. 이번 주 편의점은 B카드로 결제하세요.
C0121,CARD_C,하나카드 MOVING카드 ALLDAY모드,2025-12,42200,1,1,,0,1,210,210,,,,,,
C0121,CARD_D,삼성카드 삼성 iD SELECT ALL 카드,2025-12,0,0,0,400000.0,400000,0,0,0,0.0,0.0,장보기,동네마트,374400.0,D카드 SELECT 7% 할인까지 40만 원 남았어요. 이번 주말 장보기는 D카드로 결제하세요.
C0121,CARD_E,NH농협카드 올바른 FLEX 카드,2025-12,754920,13,1,,0,1,16310,16310,,,,,,
C0122,CARD_A,신한카드 Mr.Life,2025-12,0,0,0,300000.0,300000,0,0,0,0.0,0.0,커피,빽다방,6300.0,A카드 공과금·편의점 10% 할인까지 30만 원 남았어요. 이번 주 커피는 A카드로 결제하세요.
C0122,CARD_B,KB국민카드 굿데이카드,2025-12,0,0,0,300000.0,300000,0,0,0,0.0,0.0,교통비,티머니,15000.0,B카드 통신비 10% 할인까지 30만 원 남았어요. 이번 주 교통비는 B카드로 결제하세요.
C0122,CARD_C,하나카드 MOVING카드 ALLDAY모드,2025-12,960870,20,1,,0,1,9890,9890,,,,,,
C0122,CARD_D,삼성카드 삼성 iD SELECT ALL 카드,2025-12,309190,2,0,400000.0,90810,0,0,0,7500.0,7500.0,배달 주문,쿠팡이츠,57500.0,D카드 SELECT 7% 할인까지 9만 800원 남았어요. 이번 주 배달 주문은 D카드로 결제하세요.
C0122,CARD_E,NH농협카드 올바른 FLEX 카드,2025-12,0,0,0,300000.0,300000,0,0,0,0.0,0.0,교통비,티머니,15000.0,E카드 스타벅스 50% 할인까지 30만 원 남았어요. 이번 주 교통비는 E카드로 결제하세요.
C0123,CARD_A,신한카드 Mr.Life,2025-12,61720,3,0,300000.0,238280,2,0,0,0.0,0.0,외식,한식뷔페,96200.0,"A카드 공과금·편의점 10% 할인까지 23만 8,300원 남았어요. 이번 주 외식은 A카드로 결제하세요."
C0123,CARD_B,KB국민카드 굿데이카드,2025-12,472700,17,1,600000.0,127300,1,3640,3640,8640.0,5000.0,외식,한식뷔페,96200.0,"B카드 외식·커피 10% 할인까지 12만 7,300원 남았어요. 이번 주 외식은 B카드로 결제하세요."
C0123,CARD_C,하나카드 MOVING카드 ALLDAY모드,2025-12,8300,1,1,,0,1,40,40,,,,,,
C0123,CARD_D,삼성카드 삼성 iD SELECT ALL 카드,2025-12,143600,3,0,400000.0,256400,0,0,0,7930.0,7930.0,외식,한식뷔페,96200.0,"D카드 SELECT 7% 할인까지 25만 6,400원 남았어요. 이번 주 외식은 D카드로 결제하세요."
C0123,CARD_E,NH농협카드 올바른 FLEX 카드,2025-12,4310,1,0,300000.0,295690,0,0,0,0.0,0.0,커피,스타벅스,23600.0,"E카드 스타벅스 50% 할인까지 29만 5,700원 남았어요. 이번 주 커피는 E카드로 결제하세요."
C0124,CARD_A,신한카드 Mr.Life,2025-12,0,0,0,300000.0,300000,0,0,0,0.0,0.0,장보기,쿠팡프레시,921800.0,A카드 공과금·편의점 10% 할인까지 30만 원 남았어요. 이번 주말 장보기는 A카드로 결제하세요.
C0124,CARD_B,KB국민카드 굿데이카드,2025-12,25600,1,0,300000.0,274400,0,0,0,0.0,0.0,외식,이자카야,63100.0,"B카드 통신비 10% 할인까지 27만 4,400원 남았어요. 이번 주 외식은 B카드로 결제하세요."
C0124,CARD_C,하나카드 MOVING카드 ALLDAY모드,2025-12,837660,12,1,,0,1,8380,8380,,,,,,
C0124,CARD_D,삼성카드 삼성 iD SELECT ALL 카드,2025-12,0,0,0,400000.0,400000,0,0,0,0.0,0.0,장보기,쿠팡프레시,921800.0,D카드 SELECT 7% 할인까지 40만 원 남았어요. 이번 주말 장보기는 D카드로 결제하세요.
C0124,CARD_E,NH농협카드 올바른 FLEX 카드,2025-12,74100,1,0,300000.0,225900,0,0,0,0.0,0.0,배달 주문,배달의민족,64100.0,"E카드 스타벅스 50% 할인까지 22만 5,900원 남았어요. 이번 주 배달 주문은 E카드로 결제하세요."
C0125,CARD_A,신한카드 Mr.Life,2025-12,0,0,0,300000.0,300000,0,0,0,0.0,0.0,장보기,이마트,125900.0,A카드 공과금·편의점 10% 할인까지 30만 원 남았어요. 이번 주말 장보기는 A카드로 결제하세요.
C0125,CARD_B,KB국민카드 굿데이카드,2025-12,0,0,0,300000.0,300000,0,0,0,0.0,0.0,외식,동네식당,18600.0,B카드 통신비 10% 할인까지 30만 원 남았어요. 이번 주 외식은 B카드로 결제하세요.
C0125,CARD_C,하나카드 MOVING카드 ALLDAY모드,2025-12,332500,9,1,,0,1,3320,3320,,,,,,
C0125,CARD_D,삼성카드 삼성 iD SELECT ALL 카드,2025-12,0,0,0,400000.0,400000,0,0,0,0.0,0.0,장보기,이마트,125900.0,D카드 SELECT 7% 할인까지 40만 원 남았어요. 이번 주말 장보기는 D카드로 결제하세요.
C0125,CARD_E,NH농협카드 올바른 FLEX 카드,2025-12,0,0,0,300000.0,300000,0,0,0,0.0,0.0,배달 주문,배달의민족,29900.0,E카드 스타벅스 50% 할인까지 30만 원 남았어요. 이번 주 배달 주문은 E카드로 결제하세요.
C0126,CARD_A,신한카드 Mr.Life,2025-12,117700,1,0,300000.0,182300,0,0,0,0.0,0.0,장보기,마켓컬리,405400.0,"A카드 공과금·편의점 10% 할인까지 18만 2,300원 남았어요. 이번 주말 장보기는 A카드로 결제하세요."
C0126,CARD_B,KB국민카드 굿데이카드,2025-12,47300,1,0,300000.0,252700,0,0,0,0.0,0.0,외식,맘스터치,22200.0,"B카드 통신비 10% 할인까지 25만 2,700원 남았어요. 이번 주 외식은 B카드로 결제하세요."
C0126,CARD_C,하나카드 MOVING카드 ALLDAY모드,2025-12,0,0,1,,0,1,0,0,,,,,,
C0126,CARD_D,삼성카드 삼성 iD SELECT ALL 카드,2025-12,2318710,15,3,,0,2,31230,36230,,,,,,
C0126,CARD_E,NH농협카드 올바른 FLEX 카드,2025-12,226300,2,0,300000.0,73700,0,0,0,3240.0,3240.0,온라인쇼핑,쿠팡,35000.0,"E카드 스타벅스 50% 할인까지 7만 3,700원 남았어요. 이번 주 온라인쇼핑은 E카드로 결제하세요."
C0127,CARD_A,신한카드 Mr.Life,2025-12,1099300,20,3,,0,3,39080,39080,,,,,,
C0127,CARD_B,KB국민카드 굿데이카드,2025-12,0,0,0,300000.0,300000,0,0,0,0.0,0.0,편의점,세븐일레븐,24600.0,B카드 통신비 10% 할인까지 30만 원 남았어요. 이번 주 편의점은 B카드로 결제하세요.
C0127,CARD_C,하나카드 MOVING카드 ALLDAY모드,2025-12,98640,3,1,,0,1,490,490,,,,,,
C0127,CARD_D,삼성카드 삼성 iD SELECT ALL 카드,2025-12,43100,1,0,400000.0,356900,0,0,0,4310.0,4310.0,온라인쇼핑,쿠팡,1480500.0,"D카드 SELECT 7% 할인까지 35만 6,900원 남았어요. 이번 주 온라인쇼핑은 D카드로 결제하세요."
C0127,CARD_E,NH농협카드 올바른 FLEX 카드,2025-12,7770,1,0,300000.0,292230,1,540,0,540.0,540.0,온라인쇼핑,쿠팡,1480500.0,"E카드 스타벅스 50% 할인까지 29만 2,200원 남았어요. 이번 주 온라인쇼핑은 E카드로 결제하세요."
C0128,CARD_A,신한카드 Mr.Life,2025-12,1584890,19,3,,0,0,0,7730,,,,,,
C0128,CARD_B,KB국민카드 굿데이카드,2025-12,10000,1,0,300000.0,290000,0,0,0,0.0,0.0,편의점,CU,19900.0,B카드 통신비 10% 할인까지 29만 원 남았어요. 이번 주 편의점은 B카드로 결제하세요.
C0128,CARD_C,하나카드 MOVING카드 ALLDAY모드,2025-12,28920,2,1,,0,1,140,140,,,,,,
C0128,CARD_D,삼성카드 삼성 iD SELECT ALL 카드,2025-12,7310,1,0,400000.0,392690,0,0,0,560.0,560.0,편의점,CU,19900.0,"D카드 SELECT 7% 할인까지 39만 2,700원 남았어요. 이번 주 편의점은 D카드로 결제하세요."
C0128,CARD_E,NH농협카드 올바른 FLEX 카드,2025-12,30420,2,0,300000.0,269580,0,0,0,350.0,350.0,편의점,CU,19900.0,"E카드 스타벅스 50% 할인까지 26만 9,600원 남았어요. 이번 주 편의점은 E카드로 결제하세요."
C0129,CARD_A,신한카드 Mr.Life,2025-12,91510,3,0,300000.0,208490,0,0,0,0.0,0.0,편의점,CU,5900.0,"A카드 공과금·편의점 10% 할인까지 20만 8,500원 남았어요. 이번 주 편의점은 A카드로 결제하세요."
C0129,CARD_B,KB국민카드 굿데이카드,2025-12,0,0,0,300000.0,300000,0,0,0,0.0,0.0,편의점,CU,5900.0,B카드 통신비 10% 할인까지 30만 원 남았어요. 이번 주 편의점은 B카드로 결제하세요.
C0129,CARD_C,하나카드 MOVING카드 ALLDAY모드,2025-12,0,0,1,,0,1,0,0,,,,,,
C0129,CARD_D,삼성카드 삼성 iD SELECT ALL 카드,2025-12,7650,1,0,400000.0,392350,0,0,0,50.0,50.0,편의점,CU,5900.0,"D카드 SELECT 7% 할인까지 39만 2,400원 남았어요. 이번 주 편의점은 D카드로 결제하세요."
C0129,CARD_E,NH농협카드 올바른 FLEX 카드,2025-12,0,0,0,300000.0,300000,0,0,0,0.0,0.0,편의점,CU,5900.0,E카드 스타벅스 50% 할인까지 30만 원 남았어요. 이번 주 편의점은 E카드로 결제하세요.
C0130,CARD_A,신한카드 Mr.Life,2025-12,0,0,0,300000.0,300000,0,0,0,0.0,0.0,온라인쇼핑,알리익스프레스,213900.0,A카드 공과금·편의점 10% 할인까지 30만 원 남았어요. 이번 주 온라인쇼핑은 A카드로 결제하세요.
C0130,CARD_B,KB국민카드 굿데이카드,2025-12,0,0,0,300000.0,300000,0,0,0,0.0,0.0,커피,스타벅스,14700.0,B카드 통신비 10% 할인까지 30만 원 남았어요. 이번 주 커피는 B카드로 결제하세요.
C0130,CARD_C,하나카드 MOVING카드 ALLDAY모드,2025-12,653800,15,1,,0,1,6540,6540,,,,,,
C0130,CARD_D,삼성카드 삼성 iD SELECT ALL 카드,2025-12,382240,3,0,400000.0,17760,0,0,0,9680.0,9680.0,구독료,티빙,61600.0,"D카드 SELECT 7% 할인까지 1만 7,800원 남았어요. 이번 주 구독료는 D카드로 결제하세요."
C0130,CARD_E,NH농협카드 올바른 FLEX 카드,2025-12,282060,2,0,300000.0,17940,0,0,0,5250.0,5250.0,구독료,티빙,61600.0,"E카드 스타벅스 50% 할인까지 1만 7,900원 남았어요. 이번 주 구독료는 E카드로 결제하세요."
C0131,CARD_A,신한카드 Mr.Life,2025-12,0,0,0,300000.0,300000,0,0,0,0.0,0.0,장보기,동네마트,224800.0,A카드 공과금·편의점 10% 할인까지 30만 원 남았어요. 이번 주말 장보기는 A카드로 결제하세요.
C0131,CARD_B,KB국민카드 굿데이카드,2025-12,0,0,0,300000.0,300000,0,0,0,0.0,0.0,외식,서브웨이,25200.0,B카드 통신비 10% 할인까지 30만 원 남았어요. 이번 주 외식은 B카드로 결제하세요.
C0131,CARD_C,하나카드 MOVING카드 ALLDAY모드,2025-12,379900,5,1,,0,1,1900,1900,,,,,,
C0131,CARD_D,삼성카드 삼성 iD SELECT ALL 카드,2025-12,0,0,0,400000.0,400000,0,0,0,0.0,0.0,장보기,동네마트,224800.0,D카드 SELECT 7% 할인까지 40만 원 남았어요. 이번 주말 장보기는 D카드로 결제하세요.
C0131,CARD_E,NH농협카드 올바른 FLEX 카드,2025-12,0,0,0,300000.0,300000,0,0,0,0.0,0.0,커피,메가MGC커피,1000.0,E카드 스타벅스 50% 할인까지 30만 원 남았어요. 이번 주 커피는 E카드로 결제하세요.
C0132,CARD_A,신한카드 Mr.Life,2025-12,699600,15,2,1000000.0,300400,2,17250,17250,20250.0,3000.0,장보기,마켓컬리,444400.0,A카드 할인한도 월 5만 원까지 30만 400원 남았어요. 이번 주말 장보기는 A카드로 결제하세요.
C0132,CARD_B,KB국민카드 굿데이카드,2025-12,0,0,0,300000.0,300000,0,0,0,0.0,0.0,외식,서브웨이,30600.0,B카드 통신비 10% 할인까지 30만 원 남았어요. 이번 주 외식은 B카드로 결제하세요.
C0132,CARD_C,하나카드 MOVING카드 ALLDAY모드,2025-12,0,0,1,,0,1,0,0,,,,,,
C0132,CARD_D,삼성카드 삼성 iD SELECT ALL 카드,2025-12,0,0,0,400000.0,400000,0,0,0,0.0,0.0,장보기,마켓컬리,444400.0,D카드 SELECT 7% 할인까지 40만 원 남았어요. 이번 주말 장보기는 D카드로 결제하세요.
C0132,CARD_E,NH농협카드 올바른 FLEX 카드,2025-12,0,0,0,300000.0,300000,0,0,0,0.0,0.0,온라인쇼핑,쿠팡,52300.0,E카드 스타벅스 50% 할인까지 30만 원 남았어요. 이번 주 온라인쇼핑은 E카드로 결제하세요.
C0133,CARD_A,신한카드 Mr.Life,2025-12,9600,1,0,300000.0,290400,0,0,0,0.0,0.0,커피,스타벅스,22000.0,A카드 공과금·편의점 10% 할인까지 29만 400원 남았어요. 이번 주 커피는 A카드로 결제하세요.
C0133,CARD_B,KB국민카드 굿데이카드,2025-12,667350,13,2,1200000.0,532650,1,580,3590,3590.0,0.0,커피,스타벅스,22000.0,"B카드 학원비 10% 할인까지 53만 2,600원 남았어요. 이번 주 커피는 B카드로 결제하세요."
C0133,CARD_C,하나카드 MOVING카드 ALLDAY모드,2025-12,0,0,1,,0,1,0,0,,,,,,
C0133,CARD_D,삼성카드 삼성 iD SELECT ALL 카드,2025-12,10900,1,0,400000.0,389100,0,0,0,80.0,80.0,구독료,스포티파이,76500.0,"D카드 SELECT 7% 할인까지 38만 9,100원 남았어요. 이번 주 구독료는 D카드로 결제하세요."
C0133,CARD_E,NH농협카드 올바른 FLEX 카드,2025-12,30800,1,0,300000.0,269200,0,0,0,0.0,0.0,구독료,스포티파이,76500.0,"E카드 스타벅스 50% 할인까지 26만 9,200원 남았어요. 이번 주 구독료는 E카드로 결제하세요."
C0134,CARD_A,신한카드 Mr.Life,2025-12,0,0,0,300000.0,300000,0,0,0,0.0,0.0,온라인쇼핑,쿠팡,763000.0,A카드 공과금·편의점 10% 할인까지 30만 원 남았어요. 이번 주 온라인쇼핑은 A카드로 결제하세요.
C0134,CARD_B,KB국민카드 굿데이카드,2025-12,610380,11,2,1200000.0,589620,3,620,620,620.0,0.0,외식,한식뷔페,46500.0,"B카드 학원비 10% 할인까지 58만 9,600원 남았어요. 이번 주 외식은 B카드로 결제하세요."
C0134,CARD_C,하나카드 MOVING카드 ALLDAY모드,2025-12,0,0,1,,0,1,0,0,,,,,,
C0134,CARD_D,삼성카드 삼성 iD SELECT ALL 카드,2025-12,0,0,0,400000.0,400000,0,0,0,0.0,0.0,온라인쇼핑,쿠팡,763000.0,D카드 SELECT 7% 할인까지 40만 원 남았어요. 이번 주 온라인쇼핑은 D카드로 결제하세요.
C0134,CARD_E,NH농협카드 올바른 FLEX 카드,2025-12,37100,1,0,300000.0,262900,1,1860,0,1860.0,1860.0,온라인쇼핑,쿠팡,763000.0,"E카드 스타벅스 50% 할인까지 26만 2,900원 남았어요. 이번 주 온라인쇼핑은 E카드로 결제하세요."
C0135,CARD_A,신한카드 Mr.Life,2025-12,316550,10,1,500000.0,183450,2,5320,3320,5320.0,2000.0,외식,김밥천국,111400.0,"A카드 할인한도 월 3.4만 원까지 18만 3,400원 남았어요. 이번 주 외식은 A카드로 결제하세요."
C0135,CARD_B,KB국민카드 굿데이카드,2025-12,0,0,0,300000.0,300000,0,0,0,0.0,0.0,외식,김밥천국,111400.0,B카드 통신비 10% 할인까지 30만 원 남았어요. 이번 주 외식은 B카드로 결제하세요.
C0135,CARD_C,하나카드 MOVING카드 ALLDAY모드,2025-12,34300,1,1,,0,1,170,170,,,,,,
C0135,CARD_D,삼성카드 삼성 iD SELECT ALL 카드,2025-12,0,0,0,400000.0,400000,0,0,0,0.0,0.0,구독료,쿠팡와우,83700.0,D카드 SELECT 7% 할인까지 40만 원 남았어요. 이번 주 구독료는 D카드로 결제하세요.
C0135,CARD_E,NH농협카드 올바른 FLEX 카드,2025-12,0,0,0,300000.0,300000,0,0,0,0.0,0.0,구독료,쿠팡와우,83700.0,E카드 스타벅스 50% 할인까지 30만 원 남았어요. 이번 주 구독료는 E카드로 결제하세요.
C0136,CARD_A,신한카드 Mr.Life,2025-12,1782940,8,3,,0,3,4580,4580,,,,,,
C0136,CARD_B,KB국민카드 굿데이카드,2025-12,7240,1,0,300000.0,292760,0,0,0,0.0,0.0,외식,동네식당,76300.0,"B카드 통신비 10% 할인까지 29만 2,800원 남았어요. 이번 주 외식은 B카드로 결제하세요."
C0136,CARD_C,하나카드 MOVING카드 ALLDAY모드,2025-12,11600,1,1,,0,1,60,60,,,,,,
C0136,CARD_D,삼성카드 삼성 iD SELECT ALL 카드,2025-12,14400,2,0,400000.0,385600,0,0,0,1020.0,1020.0,병원·약국,건강기능식품,176900.0,"D카드 SELECT 7% 할인까지 38만 5,600원 남았어요. 이번 주 병원·약국은 D카드로 결제하세요."
C0136,CARD_E,NH농협카드 올바른 FLEX 카드,2025-12,0,0,0,300000.0,300000,0,0,0,0.0,0.0,커피,스타벅스,8700.0,E카드 스타벅스 50% 할인까지 30만 원 남았어요. 이번 주 커피는 E카드로 결제하세요.
C0137,CARD_A,신한카드 Mr.Life,2025-12,0,0,0,300000.0,300000,0,0,0,0.0,0.0,병원·약국,약국,89400.0,A카드 공과금·편의점 10% 할인까지 30만 원 남았어요. 이번 주 병원·약국은 A카드로 결제하세요.
C0137,CARD_B,KB국민카드 굿데이카드,2025-12,0,0,0,300000.0,300000,0,0,0,0.0,0.0,교통비,티머니,9700.0,B카드 통신비 10% 할인까지 30만 원 남았어요. 이번 주 교통비는 B카드로 결제하세요.
C0137,CARD_C,하나카드 MOVING카드 ALLDAY모드,2025-12,163140,6,1,,0,1,1660,1660,,,,,,
C0137,CARD_D,삼성카드 삼성 iD SELECT ALL 카드,2025-12,0,0,0,400000.0,400000,0,0,0,0.0,0.0,병원·약국,약국,89400.0,D카드 SELECT 7% 할인까지 40만 원 남았어요. 이번 주 병원·약국은 D카드로 결제하세요.
C0137,CARD_E,NH농협카드 올바른 FLEX 카드,2025-12,0,0,0,300000.0,300000,0,0,0,0.0,0.0,배달 주문,배달의민족,64400.0,E카드 스타벅스 50% 할인까지 30만 원 남았어요. 이번 주 배달 주문은 E카드로 결제하세요.
C0138,CARD_A,신한카드 Mr.Life,2025-12,251250,14,0,300000.0,48750,1,5080,0,5080.0,5080.0,편의점,CU,18700.0,"A카드 공과금·편의점 10% 할인까지 4만 8,800원 남았어요. 이번 주 편의점은 A카드로 결제하세요."
C0138,CARD_B,KB국민카드 굿데이카드,2025-12,0,0,0,300000.0,300000,0,0,0,0.0,0.0,편의점,CU,18700.0,B카드 통신비 10% 할인까지 30만 원 남았어요. 이번 주 편의점은 B카드로 결제하세요.
C0138,CARD_C,하나카드 MOVING카드 ALLDAY모드,2025-12,0,0,1,,0,1,0,0,,,,,,
C0138,CARD_D,삼성카드 삼성 iD SELECT ALL 카드,2025-12,0,0,0,400000.0,400000,0,0,0,0.0,0.0,배달 주문,배달의민족,90100.0,D카드 SELECT 7% 할인까지 40만 원 남았어요. 이번 주 배달 주문은 D카드로 결제하세요.
C0138,CARD_E,NH농협카드 올바른 FLEX 카드,2025-12,0,0,0,300000.0,300000,0,0,0,0.0,0.0,배달 주문,배달의민족,90100.0,E카드 스타벅스 50% 할인까지 30만 원 남았어요. 이번 주 배달 주문은 E카드로 결제하세요.
C0139,CARD_A,신한카드 Mr.Life,2025-12,0,0,0,300000.0,300000,0,0,0,0.0,0.0,외식,김밥천국,53400.0,A카드 공과금·편의점 10% 할인까지 30만 원 남았어요. 이번 주 외식은 A카드로 결제하세요.
C0139,CARD_B,KB국민카드 굿데이카드,2025-12,38700,1,0,300000.0,261300,0,0,0,1370.0,1370.0,외식,김밥천국,53400.0,"B카드 통신비 10% 할인까지 26만 1,300원 남았어요. 이번 주 외식은 B카드로 결제하세요."
C0139,CARD_C,하나카드 MOVING카드 ALLDAY모드,2025-12,144280,8,1,,0,1,870,870,,,,,,
C0139,CARD_D,삼성카드 삼성 iD SELECT ALL 카드,2025-12,28400,1,0,400000.0,371600,0,0,0,2190.0,2190.0,구독료,넷플릭스,49300.0,"D카드 SELECT 7% 할인까지 37만 1,600원 남았어요. 이번 주 구독료는 D카드로 결제하세요."
C0139,CARD_E,NH농협카드 올바른 FLEX 카드,2025-12,0,0,0,300000.0,300000,0,0,0,0.0,0.0,구독료,넷플릭스,49300.0,E카드 스타벅스 50% 할인까지 30만 원 남았어요. 이번 주 구독료는 E카드로 결제하세요.
C0140,CARD_A,신한카드 Mr.Life,2025-12,299300,3,0,300000.0,700,0,0,0,8530.0,8530.0,장보기,홈플러스,378200.0,A카드 공과금·편의점 10% 할인까지 700원 남았어요. 이번 주말 장보기는 A카드로 결제하세요.
C0140,CARD_B,KB국민카드 굿데이카드,2025-12,1018650,15,2,1200000.0,181350,3,5000,5000,5000.0,0.0,외식,맘스터치,53800.0,"B카드 학원비 10% 할인까지 18만 1,400원 남았어요. 이번 주 외식은 B카드로 결제하세요."
C0140,CARD_C,하나카드 MOVING카드 ALLDAY모드,2025-12,0,0,1,,0,1,0,0,,,,,,
C0140,CARD_D,삼성카드 삼성 iD SELECT ALL 카드,2025-12,0,0,0,400000.0,400000,0,0,0,0.0,0.0,장보기,홈플러스,378200.0,D카드 SELECT 7% 할인까지 40만 원 남았어요. 이번 주말 장보기는 D카드로 결제하세요.
C0140,CARD_E,NH농협카드 올바른 FLEX 카드,2025-12,2830,1,0,300000.0,297170,0,0,0,140.0,140.0,온라인쇼핑,네이버쇼핑,52300.0,"E카드 스타벅스 50% 할인까지 29만 7,200원 남았어요. 이번 주 온라인쇼핑은 E카드로 결제하세요."
C0141,CARD_A,신한카드 Mr.Life,2025-12,517630,10,2,1000000.0,482370,0,0,19300,25300.0,6000.0,편의점,CU,16900.0,"A카드 할인한도 월 5만 원까지 48만 2,400원 남았어요. 이번 주 편의점은 A카드로 결제하세요."
C0141,CARD_B,KB국민카드 굿데이카드,2025-12,0,0,0,300000.0,300000,0,0,0,0.0,0.0,편의점,CU,16900.0,B카드 통신비 10% 할인까지 30만 원 남았어요. 이번 주 편의점은 B카드로 결제하세요.
C0141,CARD_C,하나카드 MOVING카드 ALLDAY모드,2025-12,0,0,1,,0,1,0,0,,,,,,
C0141,CARD_D,삼성카드 삼성 iD SELECT ALL 카드,2025-12,54000,1,0,400000.0,346000,0,0,0,380.0,380.0,편의점,CU,16900.0,"D카드 SELECT 7% 할인까지 34만 6,000원 남았어요. 이번 주 편의점은 D카드로 결제하세요."
C0141,CARD_E,NH농협카드 올바른 FLEX 카드,2025-12,0,0,0,300000.0,300000,0,0,0,0.0,0.0,편의점,CU,16900.0,E카드 스타벅스 50% 할인까지 30만 원 남았어요. 이번 주 편의점은 E카드로 결제하세요.
C0142,CARD_A,신한카드 Mr.Life,2025-12,835440,23,2,1000000.0,164560,3,30000,20000,30000.0,10000.0,온라인쇼핑,G마켓,1095500.0,"A카드 할인한도 월 5만 원까지 16만 4,600원 남았어요. 이번 주 온라인쇼핑은 A카드로 결제하세요."
C0142,CARD_B,KB국민카드 굿데이카드,2025-12,0,0,0,300000.0,300000,0,0,0,0.0,0.0,편의점,CU,35100.0,B카드 통신비 10% 할인까지 30만 원 남았어요. 이번 주 편의점은 B카드로 결제하세요.
C0142,CARD_C,하나카드 MOVING카드 ALLDAY모드,2025-12,0,0,1,,0,1,0,0,,,,,,
C0142,CARD_D,삼성카드 삼성 iD SELECT ALL 카드,2025-12,78340,2,0,400000.0,321660,0,0,0,5480.0,5480.0,온라인쇼핑,G마켓,1095500.0,"D카드 SELECT 7% 할인까지 32만 1,700원 남았어요. 이번 주 온라인쇼핑은 D카드로 결제하세요."
C0142,CARD_E,NH농협카드 올바른 FLEX 카드,2025-12,23800,1,0,300000.0,276200,0,0,0,0.0,0.0,온라인쇼핑,G마켓,1095500.0,"E카드 스타벅스 50% 할인까지 27만 6,200원 남았어요. 이번 주 온라인쇼핑은 E카드로 결제하세요."
C0143,CARD_A,신한카드 Mr.Life,2025-12,14900,1,0,300000.0,285100,0,0,0,1490.0,1490.0,편의점,세븐일레븐,39900.0,"A카드 공과금·편의점 10% 할인까지 28만 5,100원 남았어요. 이번 주 편의점은 A카드로 결제하세요."
C0143,CARD_B,KB국민카드 굿데이카드,2025-12,5160,1,0,300000.0,294840,0,0,0,0.0,0.0,편의점,세븐일레븐,39900.0,"B카드 통신비 10% 할인까지 29만 4,800원 남았어요. 이번 주 편의점은 B카드로 결제하세요."
C0143,CARD_C,하나카드 MOVING카드 ALLDAY모드,2025-12,3930,1,1,,0,1,120,120,,,,,,
C0143,CARD_D,삼성카드 삼성 iD SELECT ALL 카드,2025-12,84300,2,0,400000.0,315700,0,0,0,4870.0,4870.0,편의점,세븐일레븐,39900.0,"D카드 SELECT 7% 할인까지 31만 5,700원 남았어요. 이번 주 편의점은 D카드로 결제하세요."
C0143,CARD_E,NH농협카드 올바른 FLEX 카드,2025-12,3021300,17,1,,0,1,6550,6550,,,,,,
C0144,CARD_A,신한카드 Mr.Life,2025-12,0,0,0,300000.0,300000,0,0,0,0.0,0.0,주유,SK에너지,172800.0,A카드 공과금·편의점 10% 할인까지 30만 원 남았어요. 이번 주말 주유는 A카드로 결제하세요.
C0144,CARD_B,KB국민카드 굿데이카드,2025-12,74900,1,0,300000.0,225100,0,0,0,0.0,0.0,주유,SK에너지,172800.0,"B카드 통신비 10% 할인까지 22만 5,100원 남았어요. 이번 주말 주유는 B카드로 결제하세요."
C0144,CARD_C,하나카드 MOVING카드 ALLDAY모드,2025-12,360030,11,1,,0,1,3730,3730,,,,,,
C0144,CARD_D,삼성카드 삼성 iD SELECT ALL 카드,2025-12,20800,1,0,400000.0,379200,0,0,0,1600.0,1600.0,주유,SK에너지,172800.0,"D카드 SELECT 7% 할인까지 37만 9,200원 남았어요. 이번 주말 주유는 D카드로 결제하세요."
C0144,CARD_E,NH농협카드 올바른 FLEX 카드,2025-12,6380,1,0,300000.0,293620,0,0,0,0.0,0.0,온라인쇼핑,알리익스프레스,56400.0,"E카드 스타벅스 50% 할인까지 29만 3,600원 남았어요. 이번 주 온라인쇼핑은 E카드로 결제하세요."
C0145,CARD_A,신한카드 Mr.Life,2025-12,47400,1,0,300000.0,252600,0,0,0,1670.0,1670.0,장보기,마켓컬리,475700.0,"A카드 공과금·편의점 10% 할인까지 25만 2,600원 남았어요. 이번 주말 장보기는 A카드로 결제하세요."
C0145,CARD_B,KB국민카드 굿데이카드,2025-12,155500,1,0,300000.0,144500,0,0,0,0.0,0.0,외식,동네식당,107200.0,"B카드 통신비 10% 할인까지 14만 4,500원 남았어요. 이번 주 외식은 B카드로 결제하세요."
C0145,CARD_C,하나카드 MOVING카드 ALLDAY모드,2025-12,58800,1,1,,0,1,290,290,,,,,,
C0145,CARD_D,삼성카드 삼성 iD SELECT ALL 카드,2025-12,8900,1,0,400000.0,391100,0,0,0,60.0,60.0,장보기,마켓컬리,475700.0,"D카드 SELECT 7% 할인까지 39만 1,100원 남았어요. 이번 주말 장보기는 D카드로 결제하세요."
C0145,CARD_E,NH농협카드 올바른 FLEX 카드,2025-12,1261460,16,1,,0,1,4640,4640,,,,,,
C0146,CARD_A,신한카드 Mr.Life,2025-12,77600,2,0,300000.0,222400,0,0,0,2830.0,2830.0,온라인쇼핑,쿠팡,842500.0,"A카드 공과금·편의점 10% 할인까지 22만 2,400원 남았어요. 이번 주 온라인쇼핑은 A카드로 결제하세요."
C0146,CARD_B,KB국민카드 굿데이카드,2025-12,1682570,25,3,,0,3,33210,33210,,,,,,
C0146,CARD_C,하나카드 MOVING카드 ALLDAY모드,2025-12,53100,1,1,,0,1,270,270,,,,,,
C0146,CARD_D,삼성카드 삼성 iD SELECT ALL 카드,2025-12,89600,1,0,400000.0,310400,0,0,0,6900.0,6900.0,온라인쇼핑,쿠팡,842500.0,D카드 SELECT 7% 할인까지 31만 400원 남았어요. 이번 주 온라인쇼핑은 D카드로 결제하세요.
C0146,CARD_E,NH농협카드 올바른 FLEX 카드,2025-12,89400,2,0,300000.0,210600,0,0,0,4470.0,4470.0,온라인쇼핑,쿠팡,842500.0,E카드 스타벅스 50% 할인까지 21만 600원 남았어요. 이번 주 온라인쇼핑은 E카드로 결제하세요.
C0147,CARD_A,신한카드 Mr.Life,2025-12,6120,1,0,300000.0,293880,1,610,0,610.0,610.0,장보기,홈플러스,393900.0,"A카드 공과금·편의점 10% 할인까지 29만 3,900원 남았어요. 이번 주말 장보기는 A카드로 결제하세요."
C0147,CARD_B,KB국민카드 굿데이카드,2025-12,0,0,0,300000.0,300000,0,0,0,0.0,0.0,외식,고깃집,55300.0,B카드 통신비 10% 할인까지 30만 원 남았어요. 이번 주 외식은 B카드로 결제하세요.
C0147,CARD_C,하나카드 MOVING카드 ALLDAY모드,2025-12,0,0,1,,0,1,0,0,,,,,,
C0147,CARD_D,삼성카드 삼성 iD SELECT ALL 카드,2025-12,0,0,0,400000.0,400000,0,0,0,0.0,0.0,장보기,홈플러스,393900.0,D카드 SELECT 7% 할인까지 40만 원 남았어요. 이번 주말 장보기는 D카드로 결제하세요.
C0147,CARD_E,NH농협카드 올바른 FLEX 카드,2025-12,883410,9,1,,0,1,7120,7120,,,,,,
C0148,CARD_A,신한카드 Mr.Life,2025-12,0,0,0,300000.0,300000,0,0,0,0.0,0.0,외식,동네식당,169400.0,A카드 공과금·편의점 10% 할인까지 30만 원 남았어요. 이번 주 외식은 A카드로 결제하세요.
C0148,CARD_B,KB국민카드 굿데이카드,2025-12,0,0,0,300000.0,300000,0,0,0,0.0,0.0,외식,동네식당,169400.0,B카드 통신비 10% 할인까지 30만 원 남았어요. 이번 주 외식은 B카드로 결제하세요.
C0148,CARD_C,하나카드 MOVING카드 ALLDAY모드,2025-12,17300,1,1,,0,1,90,90,,,,,,
C0148,CARD_D,삼성카드 삼성 iD SELECT ALL 카드,2025-12,352950,11,0,400000.0,47050,2,15020,0,15020.0,15020.0,외식,동네식당,169400.0,"D카드 SELECT 7% 할인까지 4만 7,000원 남았어요. 이번 주 외식은 D카드로 결제하세요."
C0148,CARD_E,NH농협카드 올바른 FLEX 카드,2025-12,0,0,0,300000.0,300000,0,0,0,0.0,0.0,구독료,티빙,71000.0,E카드 스타벅스 50% 할인까지 30만 원 남았어요. 이번 주 구독료는 E카드로 결제하세요.
C0149,CARD_A,신한카드 Mr.Life,2025-12,183110,6,0,300000.0,116890,0,0,0,3170.0,3170.0,장보기,이마트,114400.0,"A카드 공과금·편의점 10% 할인까지 11만 6,900원 남았어요. 이번 주말 장보기는 A카드로 결제하세요."
C0149,CARD_B,KB국민카드 굿데이카드,2025-12,0,0,0,300000.0,300000,0,0,0,0.0,0.0,편의점,세븐일레븐,2100.0,B카드 통신비 10% 할인까지 30만 원 남았어요. 이번 주 편의점은 B카드로 결제하세요.
C0149,CARD_C,하나카드 MOVING카드 ALLDAY모드,2025-12,1540,1,1,,0,1,10,10,,,,,,
C0149,CARD_D,삼성카드 삼성 iD SELECT ALL 카드,2025-12,0,0,0,400000.0,400000,0,0,0,0.0,0.0,장보기,이마트,114400.0,D카드 SELECT 7% 할인까지 40만 원 남았어요. 이번 주말 장보기는 D카드로 결제하세요.
C0149,CARD_E,NH농협카드 올바른 FLEX 카드,2025-12,0,0,0,300000.0,300000,0,0,0,0.0,0.0,편의점,세븐일레븐,2100.0,E카드 스타벅스 50% 할인까지 30만 원 남았어요. 이번 주 편의점은 E카드로 결제하세요.
C0150,CARD_A,신한카드 Mr.Life,2025-12,313390,16,1,500000.0,186610,2,6430,4430,6430.0,2000.0,커피,스타벅스,25100.0,"A카드 할인한도 월 3.4만 원까지 18만 6,600원 남았어요. 이번 주 커피는 A카드로 결제하세요."
C0150,CARD_B,KB국민카드 굿데이카드,2025-12,75600,1,0,300000.0,224400,0,0,0,0.0,0.0,커피,스타벅스,25100.0,"B카드 통신비 10% 할인까지 22만 4,400원 남았어요. 이번 주 커피는 B카드로 결제하세요."
C0150,CARD_C,하나카드 MOVING카드 ALLDAY모드,2025-12,0,0,1,,0,1,0,0,,,,,,
C0150,CARD_D,삼성카드 삼성 iD SELECT ALL 카드,2025-12,0,0,0,400000.0,400000,0,0,0,0.0,0.0,외식,한식뷔페,33200.0,D카드 SELECT 7% 할인까지 40만 원 남았어요. 이번 주 외식은 D카드로 결제하세요.
C0150,CARD_E,NH농협카드 올바른 FLEX 카드,2025-12,38110,4,0,300000.0,261890,0,0,0,3570.0,3570.0,커피,스타벅스,25100.0,"E카드 스타벅스 50% 할인까지 26만 1,900원 남았어요. 이번 주 커피는 E카드로 결제하세요."
C0151,CARD_A,신한카드 Mr.Life,2025-12,0,0,0,300000.0,300000,0,0,0,0.0,0.0,장보기,롯데마트,180900.0,A카드 공과금·편의점 10% 할인까지 30만 원 남았어요. 이번 주말 장보기는 A카드로 결제하세요.
C0151,CARD_B,KB국민카드 굿데이카드,2025-12,0,0,0,300000.0,300000,0,0,0,0.0,0.0,교통비,주차장,13300.0,B카드 통신비 10% 할인까지 30만 원 남았어요. 이번 주 교통비는 B카드로 결제하세요.
C0151,CARD_C,하나카드 MOVING카드 ALLDAY모드,2025-12,0,0,1,,0,1,0,0,,,,,,
C0151,CARD_D,삼성카드 삼성 iD SELECT ALL 카드,2025-12,537550,9,1,800000.0,262450,1,12180,12180,12180.0,0.0,장보기,롯데마트,180900.0,"D카드 SELECT 한도 월 1만 원까지 26만 2,400원 남았어요. 이번 주말 장보기는 D카드로 결제하세요."
C0151,CARD_E,NH농협카드 올바른 FLEX 카드,2025-12,6560,1,0,300000.0,293440,0,0,0,660.0,660.0,온라인쇼핑,네이버쇼핑,47400.0,"E카드 스타벅스 50% 할인까지 29만 3,400원 남았어요. 이번 주 온라인쇼핑은 E카드로 결제하세요."
C0152,CARD_A,신한카드 Mr.Life,2025-12,570710,12,2,1000000.0,429290,3,10210,10210,10210.0,0.0,커피,이디야커피,14600.0,"A카드 할인한도 월 5만 원까지 42만 9,300원 남았어요. 이번 주 커피는 A카드로 결제하세요."
C0152,CARD_B,KB국민카드 굿데이카드,2025-12,65200,1,0,300000.0,234800,0,0,0,0.0,0.0,커피,이디야커피,14600.0,"B카드 통신비 10% 할인까지 23만 4,800원 남았어요. 이번 주 커피는 B카드로 결제하세요."
C0152,CARD_C,하나카드 MOVING카드 ALLDAY모드,2025-12,92580,2,1,,0,1,460,460,,,,,,
C0152,CARD_D,삼성카드 삼성 iD SELECT ALL 카드,2025-12,0,0,0,400000.0,400000,0,0,0,0.0,0.0,외식,고깃집,147700.0,D카드 SELECT 7% 할인까지 40만 원 남았어요. 이번 주 외식은 D카드로 결제하세요.
C0152,CARD_E,NH농협카드 올바른 FLEX 카드,2025-12,29300,1,0,300000.0,270700,0,0,0,0.0,0.0,커피,이디야커피,14600.0,E카드 스타벅스 50% 할인까지 27만 700원 남았어요. 이번 주 커피는 E카드로 결제하세요.
C0153,CARD_A,신한카드 Mr.Life,2025-12,193360,8,0,300000.0,106640,2,3270,0,3270.0,3270.0,주유,SK에너지,283900.0,"A카드 공과금·편의점 10% 할인까지 10만 6,600원 남았어요. 이번 주말 주유는 A카드로 결제하세요."
C0153,CARD_B,KB국민카드 굿데이카드,2025-12,109700,2,0,300000.0,190300,0,0,0,2650.0,2650.0,주유,SK에너지,283900.0,B카드 통신비 10% 할인까지 19만 300원 남았어요. 이번 주말 주유는 B카드로 결제하세요.
C0153,CARD_C,하나카드 MOVING카드 ALLDAY모드,2025-12,0,0,1,,0,1,0,0,,,,,,
C0153,CARD_D,삼성카드 삼성 iD SELECT ALL 카드,2025-12,0,0,0,400000.0,400000,0,0,0,0.0,0.0,주유,SK에너지,283900.0,D카드 SELECT 7% 할인까지 40만 원 남았어요. 이번 주말 주유는 D카드로 결제하세요.
C0153,CARD_E,NH농협카드 올바른 FLEX 카드,2025-12,0,0,0,300000.0,300000,0,0,0,0.0,0.0,교통비,티머니,27100.0,E카드 스타벅스 50% 할인까지 30만 원 남았어요. 이번 주 교통비는 E카드로 결제하세요.
C0154,CARD_A,신한카드 Mr.Life,2025-12,0,0,0,300000.0,300000,0,0,0,0.0,0.0,장보기,하나로마트,484600.0,A카드 공과금·편의점 10% 할인까지 30만 원 남았어요. 이번 주말 장보기는 A카드로 결제하세요.
C0154,CARD_B,KB국민카드 굿데이카드,2025-12,127490,2,0,300000.0,172510,0,0,0,0.0,0.0,외식,이자카야,37800.0,"B카드 통신비 10% 할인까지 17만 2,500원 남았어요. 이번 주 외식은 B카드로 결제하세요."
C0154,CARD_C,하나카드 MOVING카드 ALLDAY모드,2025-12,1570530,9,1,,0,1,7850,7850,,,,,,
C0154,CARD_D,삼성카드 삼성 iD SELECT ALL 카드,2025-12,0,0,0,400000.0,400000,0,0,0,0.0,0.0,장보기,하나로마트,484600.0,D카드 SELECT 7% 할인까지 40만 원 남았어요. 이번 주말 장보기는 D카드로 결제하세요.
C0154,CARD_E,NH농협카드 올바른 FLEX 카드,2025-12,20730,2,0,300000.0,279270,0,0,0,0.0,0.0,구독료,스포티파이,14200.0,"E카드 스타벅스 50% 할인까지 27만 9,300원 남았어요. 이번 주 구독료는 E카드로 결제하세요."
C0155,CARD_A,신한카드 Mr.Life,2025-12,805150,18,2,1000000.0,194850,3,24840,21840,24840.0,3000.0,온라인쇼핑,네이버쇼핑,676600.0,"A카드 할인한도 월 5만 원까지 19만 4,800원 남았어요. 이번 주 온라인쇼핑은 A카드로 결제하세요."
C0155,CARD_B,KB국민카드 굿데이카드,2025-12,122800,1,0,300000.0,177200,0,0,0,0.0,0.0,편의점,세븐일레븐,13300.0,"B카드 통신비 10% 할인까지 17만 7,200원 남았어요. 이번 주 편의점은 B카드로 결제하세요."
C0155,CARD_C,하나카드 MOVING카드 ALLDAY모드,2025-12,33100,1,1,,0,1,170,170,,,,,,
C0155,CARD_D,삼성카드 삼성 iD SELECT ALL 카드,2025-12,54220,2,0,400000.0,345780,1,4170,0,4170.0,4170.0,온라인쇼핑,네이버쇼핑,676600.0,"D카드 SELECT 7% 할인까지 34만 5,800원 남았어요. 이번 주 온라인쇼핑은 D카드로 결제하세요."
C0155,CARD_E,NH농협카드 올바른 FLEX 카드,2025-12,19700,1,0,300000.0,280300,0,0,0,980.0,980.0,온라인쇼핑,네이버쇼핑,676600.0,E카드 스타벅스 50% 할인까지 28만 300원 남았어요. 이번 주 온라인쇼핑은 E카드로 결제하세요.
C0156,CARD_A,신한카드 Mr.Life,2025-12,0,0,0,300000.0,300000,0,0,0,0.0,0.0,편의점,세븐일레븐,13400.0,A카드 공과금·편의점 10% 할인까지 30만 원 남았어요. 이번 주 편의점은 A카드로 결제하세요.
C0156,CARD_B,KB국민카드 굿데이카드,2025-12,302840,15,1,600000.0,297160,2,8660,3660,8660.0,5000.0,편의점,세븐일레븐,13400.0,"B카드 외식·커피 10% 할인까지 29만 7,200원 남았어요. 이번 주 편의점은 B카드로 결제하세요."
C0156,CARD_C,하나카드 MOVING카드 ALLDAY모드,2025-12,0,0,1,,0,1,0,0,,,,,,
C0156,CARD_D,삼성카드 삼성 iD SELECT ALL 카드,2025-12,10400,1,0,400000.0,389600,0,0,0,800.0,800.0,구독료,마이크로소프트 365,48200.0,"D카드 SELECT 7% 할인까지 38만 9,600원 남았어요. 이번 주 구독료는 D카드로 결제하세요."
C0156,CARD_E,NH농협카드 올바른 FLEX 카드,2025-12,0,0,0,300000.0,300000,0,0,0,0.0,0.0,구독료,마이크로소프트 365,48200.0,E카드 스타벅스 50% 할인까지 30만 원 남았어요. 이번 주 구독료는 E카드로 결제하세요.
C0157,CARD_A,신한카드 Mr.Life,2025-12,418580,15,1,500000.0,81420,3,15450,12610,15450.0,2840.0,커피,스타벅스,43900.0,"A카드 할인한도 월 3.4만 원까지 8만 1,400원 남았어요. 이번 주 커피는 A카드로 결제하세요."
C0157,CARD_B,KB국민카드 굿데이카드,2025-12,0,0,0,300000.0,300000,0,0,0,0.0,0.0,커피,스타벅스,43900.0,B카드 통신비 10% 할인까지 30만 원 남았어요. 이번 주 커피는 B카드로 결제하세요.
C0157,CARD_C,하나카드 MOVING카드 ALLDAY모드,2025-12,9540,1,1,,0,1,50,50,,,,,,
C0157,CARD_D,삼성카드 삼성 iD SELECT ALL 카드,2025-12,89100,1,0,400000.0,310900,0,0,0,620.0,620.0,구독료,네이버플러스 멤버십,52300.0,D카드 SELECT 7% 할인까지 31만 900원 남았어요. 이번 주 구독료는 D카드로 결제하세요.
C0157,CARD_E,NH농협카드 올바른 FLEX 카드,2025-12,129900,1,0,300000.0,170100,0,0,0,0.0,0.0,커피,스타벅스,43900.0,E카드 스타벅스 50% 할인까지 17만 100원 남았어요. 이번 주 커피는 E카드로 결제하세요.
C0158,CARD_A,신한카드 Mr.Life,2025-12,1553500,19,3,,0,3,5960,5960,,,,,,
C0158,CARD_B,KB국민카드 굿데이카드,2025-12,6700,1,0,300000.0,293300,0,0,0,0.0,0.0,커피,스타벅스,37900.0,"B카드 통신비 10% 할인까지 29만 3,300원 남았어요. 이번 주 커피는 B카드로 결제하세요."
C0158,CARD_C,하나카드 MOVING카드 ALLDAY모드,2025-12,7580,1,1,,0,1,40,40,,,,,,
C0158,CARD_D,삼성카드 삼성 iD SELECT ALL 카드,2025-12,80400,1,0,400000.0,319600,0,0,0,560.0,560.0,온라인쇼핑,네이버쇼핑,271400.0,"D카드 SELECT 7% 할인까지 31만 9,600원 남았어요. 이번 주 온라인쇼핑은 D카드로 결제하세요."
C0158,CARD_E,NH농협카드 올바른 FLEX 카드,2025-12,50200,2,0,300000.0,249800,1,0,0,0.0,0.0,커피,스타벅스,37900.0,"E카드 스타벅스 50% 할인까지 24만 9,800원 남았어요. 이번 주 커피는 E카드로 결제하세요."
C0159,CARD_A,신한카드 Mr.Life,2025-12,0,0,0,300000.0,300000,0,0,0,0.0,0.0,장보기,쿠팡프레시,52000.0,A카드 공과금·편의점 10% 할인까지 30만 원 남았어요. 이번 주말 장보기는 A카드로 결제하세요.
C0159,CARD_B,KB국민카드 굿데이카드,2025-12,16500,1,0,300000.0,283500,0,0,0,0.0,0.0,커피,메가MGC커피,2600.0,"B카드 통신비 10% 할인까지 28만 3,500원 남았어요. 이번 주 커피는 B카드로 결제하세요."
C0159,CARD_C,하나카드 MOVING카드 ALLDAY모드,2025-12,177450,10,1,,0,1,1770,1770,,,,,,
C0159,CARD_D,삼성카드 삼성 iD SELECT ALL 카드,2025-12,0,0,0,400000.0,400000,0,0,0,0.0,0.0,장보기,쿠팡프레시,52000.0,D카드 SELECT 7% 할인까지 40만 원 남았어요. 이번 주말 장보기는 D카드로 결제하세요.
C0159,CARD_E,NH농협카드 올바른 FLEX 카드,2025-12,0,0,0,300000.0,300000,0,0,0,0.0,0.0,커피,메가MGC커피,2600.0,E카드 스타벅스 50% 할인까지 30만 원 남았어요. 이번 주 커피는 E카드로 결제하세요.
C0160,CARD_A,신한카드 Mr.Life,2025-12,0,0,0,300000.0,300000,1,0,0,0.0,0.0,외식,동네식당,389700.0,A카드 공과금·편의점 10% 할인까지 30만 원 남았어요. 이번 주 외식은 A카드로 결제하세요.
C0160,CARD_B,KB국민카드 굿데이카드,2025-12,803600,8,2,1200000.0,396400,3,5000,5000,5000.0,0.0,외식,동네식당,389700.0,"B카드 학원비 10% 할인까지 39만 6,400원 남았어요. 이번 주 외식은 B카드로 결제하세요."
C0160,CARD_C,하나카드 MOVING카드 ALLDAY모드,2025-12,40300,1,1,,0,1,200,200,,,,,,
C0160,CARD_D,삼성카드 삼성 iD SELECT ALL 카드,2025-12,346790,3,0,400000.0,53210,0,0,0,9430.0,9430.0,외식,동네식당,389700.0,"D카드 SELECT 7% 할인까지 5만 3,200원 남았어요. 이번 주 외식은 D카드로 결제하세요."
C0160,CARD_E,NH농협카드 올바른 FLEX 카드,2025-12,53200,1,0,300000.0,246800,0,0,0,0.0,0.0,편의점,GS25,48600.0,"E카드 스타벅스 50% 할인까지 24만 6,800원 남았어요. 이번 주 편의점은 E카드로 결제하세요."
C0161,CARD_A,신한카드 Mr.Life,2025-12,0,0,0,300000.0,300000,0,0,0,0.0,0.0,외식,김밥천국,102000.0,A카드 공과금·편의점 10% 할인까지 30만 원 남았어요. 이번 주 외식은 A카드로 결제하세요.
C0161,CARD_B,KB국민카드 굿데이카드,2025-12,0,0,0,300000.0,300000,0,0,0,0.0,0.0,외식,김밥천국,102000.0,B카드 통신비 10% 할인까지 30만 원 남았어요. 이번 주 외식은 B카드로 결제하세요.
C0161,CARD_C,하나카드 MOVING카드 ALLDAY모드,2025-12,637690,13,1,,0,1,6870,6870,,,,,,
C0161,CARD_D,삼성카드 삼성 iD SELECT ALL 카드,2025-12,0,0,0,400000.0,400000,0,0,0,0.0,0.0,외식,김밥천국,102000.0,D카드 SELECT 7% 할인까지 40만 원 남았어요. 이번 주 외식은 D카드로 결제하세요.
C0161,CARD_E,NH농협카드 올바른 FLEX 카드,2025-12,0,0,0,300000.0,300000,0,0,0,0.0,0.0,편의점,CU,9600.0,E카드 스타벅스 50% 할인까지 30만 원 남았어요. 이번 주 편의점은 E카드로 결제하세요.
C0162,CARD_A,신한카드 Mr.Life,2025-12,17700,1,0,300000.0,282300,0,0,0,1770.0,1770.0,장보기,쿠팡프레시,199500.0,"A카드 공과금·편의점 10% 할인까지 28만 2,300원 남았어요. 이번 주말 장보기는 A카드로 결제하세요."
C0162,CARD_B,KB국민카드 굿데이카드,2025-12,0,0,0,300000.0,300000,0,0,0,0.0,0.0,외식,동네식당,84300.0,B카드 통신비 10% 할인까지 30만 원 남았어요. 이번 주 외식은 B카드로 결제하세요.
C0162,CARD_C,하나카드 MOVING카드 ALLDAY모드,2025-12,496030,12,1,,0,1,5030,5030,,,,,,
C0162,CARD_D,삼성카드 삼성 iD SELECT ALL 카드,2025-12,152600,2,0,400000.0,247400,0,0,0,8070.0,8070.0,장보기,쿠팡프레시,199500.0,"D카드 SELECT 7% 할인까지 24만 7,400원 남았어요. 이번 주말 장보기는 D카드로 결제하세요."
C0162,CARD_E,NH농협카드 올바른 FLEX 카드,2025-12,0,0,0,300000.0,300000,0,0,0,0.0,0.0,온라인쇼핑,올리브영온라인,106800.0,E카드 스타벅스 50% 할인까지 30만 원 남았어요. 이번 주 온라인쇼핑은 E카드로 결제하세요.
C0163,CARD_A,신한카드 Mr.Life,2025-12,71290,17,0,300000.0,228710,1,1000,0,1000.0,1000.0,편의점,GS25,13700.0,"A카드 공과금·편의점 10% 할인까지 22만 8,700원 남았어요. 이번 주 편의점은 A카드로 결제하세요."
C0163,CARD_B,KB국민카드 굿데이카드,2025-12,0,0,0,300000.0,300000,0,0,0,0.0,0.0,교통비,티머니,23500.0,B카드 통신비 10% 할인까지 30만 원 남았어요. 이번 주 교통비는 B카드로 결제하세요.
C0163,CARD_C,하나카드 MOVING카드 ALLDAY모드,2025-12,24280,2,1,,0,1,170,170,,,,,,
C0163,CARD_D,삼성카드 삼성 iD SELECT ALL 카드,2025-12,0,0,0,400000.0,400000,0,0,0,0.0,0.0,편의점,GS25,13700.0,D카드 SELECT 7% 할인까지 40만 원 남았어요. 이번 주 편의점은 D카드로 결제하세요.
C0163,CARD_E,NH농협카드 올바른 FLEX 카드,2025-12,30400,2,0,300000.0,269600,0,0,0,0.0,0.0,교통비,티머니,23500.0,"E카드 스타벅스 50% 할인까지 26만 9,600원 남았어요. 이번 주 교통비는 E카드로 결제하세요."
C0164,CARD_A,신한카드 Mr.Life,2025-12,777360,17,2,1000000.0,222640,2,7110,7110,7110.0,0.0,외식,김밥천국,84900.0,"A카드 할인한도 월 5만 원까지 22만 2,600원 남았어요. 이번 주 외식은 A카드로 결제하세요."
C0164,CARD_B,KB국민카드 굿데이카드,2025-12,56100,1,0,300000.0,243900,0,0,0,0.0,0.0,외식,김밥천국,84900.0,"B카드 통신비 10% 할인까지 24만 3,900원 남았어요. 이번 주 외식은 B카드로 결제하세요."
C0164,CARD_C,하나카드 MOVING카드 ALLDAY모드,2025-12,77600,1,1,,0,1,390,390,,,,,,
C0164,CARD_D,삼성카드 삼성 iD SELECT ALL 카드,2025-12,65350,2,0,400000.0,334650,0,0,0,3880.0,3880.0,외식,김밥천국,84900.0,"D카드 SELECT 7% 할인까지 33만 4,600원 남았어요. 이번 주 외식은 D카드로 결제하세요."
C0164,CARD_E,NH농협카드 올바른 FLEX 카드,2025-12,0,0,0,300000.0,300000,0,0,0,0.0,0.0,편의점,세븐일레븐,20000.0,E카드 스타벅스 50% 할인까지 30만 원 남았어요. 이번 주 편의점은 E카드로 결제하세요.
C0165,CARD_A,신한카드 Mr.Life,2025-12,707290,11,2,1000000.0,292710,2,10650,10650,10650.0,0.0,장보기,쿠팡프레시,269500.0,"A카드 할인한도 월 5만 원까지 29만 2,700원 남았어요. 이번 주말 장보기는 A카드로 결제하세요."
C0165,CARD_B,KB국민카드 굿데이카드,2025-12,289100,1,0,300000.0,10900,0,0,0,0.0,0.0,외식,동네식당,114900.0,B카드 통신비 10% 할인까지 1만 900원 남았어요. 이번 주 외식은 B카드로 결제하세요.
C0165,CARD_C,하나카드 MOVING카드 ALLDAY모드,2025-12,0,0,1,,0,1,0,0,,,,,,
C0165,CARD_D,삼성카드 삼성 iD SELECT ALL 카드,2025-12,0,0,0,400000.0,400000,0,0,0,0.0,0.0,구독료,어도비 Creative Cloud,88100.0,D카드 SELECT 7% 할인까지 40만 원 남았어요. 이번 주 구독료는 D카드로 결제하세요.
C0165,CARD_E,NH농협카드 올바른 FLEX 카드,2025-12,20440,2,0,300000.0,279560,0,0,0,2180.0,2180.0,구독료,어도비 Creative Cloud,88100.0,"E카드 스타벅스 50% 할인까지 27만 9,600원 남았어요. 이번 주 구독료는 E카드로 결제하세요."
C0166,CARD_A,신한카드 Mr.Life,2025-12,225170,10,0,300000.0,74830,2,2590,0,2590.0,2590.0,장보기,동네마트,96100.0,"A카드 공과금·편의점 10% 할인까지 7만 4,800원 남았어요. 이번 주말 장보기는 A카드로 결제하세요."
C0166,CARD_B,KB국민카드 굿데이카드,2025-12,23000,1,0,300000.0,277000,0,0,0,810.0,810.0,교통비,주차장,16700.0,"B카드 통신비 10% 할인까지 27만 7,000원 남았어요. 이번 주 교통비는 B카드로 결제하세요."
C0166,CARD_C,하나카드 MOVING카드 ALLDAY모드,2025-12,23700,2,1,,0,1,120,120,,,,,,
C0166,CARD_D,삼성카드 삼성 iD SELECT ALL 카드,2025-12,0,0,0,400000.0,400000,0,0,0,0.0,0.0,구독료,유튜브 프리미엄,34700.0,D카드 SELECT 7% 할인까지 40만 원 남았어요. 이번 주 구독료는 D카드로 결제하세요.
C0166,CARD_E,NH농협카드 올바른 FLEX 카드,2025-12,45400,2,0,300000.0,254600,0,0,0,1340.0,1340.0,구독료,유튜브 프리미엄,34700.0,"E카드 스타벅스 50% 할인까지 25만 4,600원 남았어요. 이번 주 구독료는 E카드로 결제하세요."
C0167,CARD_A,신한카드 Mr.Life,2025-12,226950,2,0,300000.0,73050,0,0,0,10000.0,10000.0,장보기,동네마트,174700.0,"A카드 공과금·편의점 10% 할인까지 7만 3,000원 남았어요. 이번 주말 장보기는 A카드로 결제하세요."
C0167,CARD_B,KB국민카드 굿데이카드,2025-12,55800,1,0,300000.0,244200,0,0,0,0.0,0.0,외식,김밥천국,70600.0,"B카드 통신비 10% 할인까지 24만 4,200원 남았어요. 이번 주 외식은 B카드로 결제하세요."
C0167,CARD_C,하나카드 MOVING카드 ALLDAY모드,2025-12,337730,11,1,,0,1,2180,2180,,,,,,
C0167,CARD_D,삼성카드 삼성 iD SELECT ALL 카드,2025-12,0,0,0,400000.0,400000,0,0,0,0.0,0.0,장보기,동네마트,174700.0,D카드 SELECT 7% 할인까지 40만 원 남았어요. 이번 주말 장보기는 D카드로 결제하세요.
C0167,CARD_E,NH농협카드 올바른 FLEX 카드,2025-12,14900,1,0,300000.0,285100,0,0,0,0.0,0.0,온라인쇼핑,쿠팡,90400.0,"E카드 스타벅스 50% 할인까지 28만 5,100원 남았어요. 이번 주 온라인쇼핑은 E카드로 결제하세요."
C0168,CARD_A,신한카드 Mr.Life,2025-12,0,0,0,300000.0,300000,0,0,0,0.0,0.0,외식,동네식당,117300.0,A카드 공과금·편의점 10% 할인까지 30만 원 남았어요. 이번 주 외식은 A카드로 결제하세요.
C0168,CARD_B,KB국민카드 굿데이카드,2025-12,86600,1,0,300000.0,213400,0,0,0,0.0,0.0,외식,동네식당,117300.0,"B카드 통신비 10% 할인까지 21만 3,400원 남았어요. 이번 주 외식은 B카드로 결제하세요."
C0168,CARD_C,하나카드 MOVING카드 ALLDAY모드,2025-12,1368750,18,1,,0,1,13850,13850,,,,,,
C0168,CARD_D,삼성카드 삼성 iD SELECT ALL 카드,2025-12,0,0,0,400000.0,400000,0,0,0,0.0,0.0,외식,동네식당,117300.0,D카드 SELECT 7% 할인까지 40만 원 남았어요. 이번 주 외식은 D카드로 결제하세요.
C0168,CARD_E,NH농협카드 올바른 FLEX 카드,2025-12,0,0,0,300000.0,300000,0,0,0,0.0,0.0,교통비,티머니,19000.0,E카드 스타벅스 50% 할인까지 30만 원 남았어요. 이번 주 교통비는 E카드로 결제하세요.
C0169,CARD_A,신한카드 Mr.Life,2025-12,47000,2,0,300000.0,253000,0,0,0,1010.0,1010.0,장보기,동네마트,929100.0,"A카드 공과금·편의점 10% 할인까지 25만 3,000원 남았어요. 이번 주말 장보기는 A카드로 결제하세요."
C0169,CARD_B,KB국민카드 굿데이카드,2025-12,4560,1,0,300000.0,295440,0,0,0,0.0,0.0,외식,고깃집,58200.0,"B카드 통신비 10% 할인까지 29만 5,400원 남았어요. 이번 주 외식은 B카드로 결제하세요."
C0169,CARD_C,하나카드 MOVING카드 ALLDAY모드,2025-12,2345350,16,1,,0,1,23450,23450,,,,,,
C0169,CARD_D,삼성카드 삼성 iD SELECT ALL 카드,2025-12,0,0,0,400000.0,400000,1,0,0,0.0,0.0,장보기,동네마트,929100.0,D카드 SELECT 7% 할인까지 40만 원 남았어요. 이번 주말 장보기는 D카드로 결제하세요.
C0169,CARD_E,NH농협카드 올바른 FLEX 카드,2025-12,143400,2,0,300000.0,156600,0,0,0,0.0,0.0,구독료,멜론,25800.0,"E카드 스타벅스 50% 할인까지 15만 6,600원 남았어요. 이번 주 구독료는 E카드로 결제하세요."
C0170,CARD_A,신한카드 Mr.Life,2025-12,18560,2,0,300000.0,281440,0,0,0,0.0,0.0,편의점,CU,12200.0,"A카드 공과금·편의점 10% 할인까지 28만 1,400원 남았어요. 이번 주 편의점은 A카드로 결제하세요."
C0170,CARD_B,KB국민카드 굿데이카드,2025-12,453340,18,1,600000.0,146660,1,120,120,2620.0,2500.0,편의점,CU,12200.0,"B카드 외식·커피 10% 할인까지 14만 6,700원 남았어요. 이번 주 편의점은 B카드로 결제하세요."
C0170,CARD_C,하나카드 MOVING카드 ALLDAY모드,2025-12,0,0,1,,0,1,0,0,,,,,,
C0170,CARD_D,삼성카드 삼성 iD SELECT ALL 카드,2025-12,0,0,0,400000.0,400000,0,0,0,0.0,0.0,구독료,디즈니플러스,61800.0,D카드 SELECT 7% 할인까지 40만 원 남았어요. 이번 주 구독료는 D카드로 결제하세요.
C0170,CARD_E,NH농협카드 올바른 FLEX 카드,2025-12,0,0,0,300000.0,300000,0,0,0,0.0,0.0,구독료,디즈니플러스,61800.0,E카드 스타벅스 50% 할인까지 30만 원 남았어요. 이번 주 구독료는 E카드로 결제하세요.
C0171,CARD_A,신한카드 Mr.Life,2025-12,465620,17,1,500000.0,34380,2,7970,5970,7970.0,2000.0,편의점,이마트24,16000.0,"A카드 할인한도 월 3.4만 원까지 3만 4,400원 남았어요. 이번 주 편의점은 A카드로 결제하세요."
C0171,CARD_B,KB국민카드 굿데이카드,2025-12,0,0,0,300000.0,300000,0,0,0,0.0,0.0,편의점,이마트24,16000.0,B카드 통신비 10% 할인까지 30만 원 남았어요. 이번 주 편의점은 B카드로 결제하세요.
C0171,CARD_C,하나카드 MOVING카드 ALLDAY모드,2025-12,7890,1,1,,0,1,40,40,,,,,,
C0171,CARD_D,삼성카드 삼성 iD SELECT ALL 카드,2025-12,8050,1,0,400000.0,391950,0,0,0,620.0,620.0,배달 주문,배달의민족,188300.0,"D카드 SELECT 7% 할인까지 39만 2,000원 남았어요. 이번 주 배달 주문은 D카드로 결제하세요."
C0171,CARD_E,NH농협카드 올바른 FLEX 카드,2025-12,0,0,0,300000.0,300000,0,0,0,0.0,0.0,배달 주문,배달의민족,188300.0,E카드 스타벅스 50% 할인까지 30만 원 남았어요. 이번 주 배달 주문은 E카드로 결제하세요.
C0172,CARD_A,신한카드 Mr.Life,2025-12,9900,1,0,300000.0,290100,0,0,0,0.0,0.0,온라인쇼핑,11번가,1098000.0,A카드 공과금·편의점 10% 할인까지 29만 100원 남았어요. 이번 주 온라인쇼핑은 A카드로 결제하세요.
C0172,CARD_B,KB국민카드 굿데이카드,2025-12,24100,1,0,300000.0,275900,0,0,0,0.0,0.0,외식,이자카야,61800.0,"B카드 통신비 10% 할인까지 27만 5,900원 남았어요. 이번 주 외식은 B카드로 결제하세요."
C0172,CARD_C,하나카드 MOVING카드 ALLDAY모드,2025-12,84300,2,1,,0,1,420,420,,,,,,
C0172,CARD_D,삼성카드 삼성 iD SELECT ALL 카드,2025-12,0,0,0,400000.0,400000,0,0,0,0.0,0.0,온라인쇼핑,11번가,1098000.0,D카드 SELECT 7% 할인까지 40만 원 남았어요. 이번 주 온라인쇼핑은 D카드로 결제하세요.
C0172,CARD_E,NH농협카드 올바른 FLEX 카드,2025-12,1242770,28,1,,0,1,9120,9120,,,,,,
C0173,CARD_A,신한카드 Mr.Life,2025-12,0,0,0,300000.0,300000,0,0,0,0.0,0.0,커피,스타벅스,16700.0,A카드 공과금·편의점 10% 할인까지 30만 원 남았어요. 이번 주 커피는 A카드로 결제하세요.
C0173,CARD_B,KB국민카드 굿데이카드,2025-12,191250,10,0,300000.0,108750,2,3420,0,0.0,0.0,커피,스타벅스,16700.0,"B카드 통신비 10% 할인까지 10만 8,800원 남았어요. 이번 주 커피는 B카드로 결제하세요."
C0173,CARD_C,하나카드 MOVING카드 ALLDAY모드,2025-12,0,0,1,,0,1,0,0,,,,,,
C0173,CARD_D,삼성카드 삼성 iD SELECT ALL 카드,2025-12,4360,1,0,400000.0,395640,0,0,0,30.0,30.0,구독료,iCloud+,66900.0,"D카드 SELECT 7% 할인까지 39만 5,600원 남았어요. 이번 주 구독료는 D카드로 결제하세요."
C0173,CARD_E,NH농협카드 올바른 FLEX 카드,2025-12,0,0,0,300000.0,300000,0,0,0,0.0,0.0,구독료,iCloud+,66900.0,E카드 스타벅스 50% 할인까지 30만 원 남았어요. 이번 주 구독료는 E카드로 결제하세요.
C0174,CARD_A,신한카드 Mr.Life,2025-12,0,0,0,300000.0,300000,0,0,0,0.0,0.0,외식,맘스터치,239200.0,A카드 공과금·편의점 10% 할인까지 30만 원 남았어요. 이번 주 외식은 A카드로 결제하세요.
C0174,CARD_B,KB국민카드 굿데이카드,2025-12,92700,2,0,300000.0,207300,0,0,0,0.0,0.0,외식,맘스터치,239200.0,"B카드 통신비 10% 할인까지 20만 7,300원 남았어요. 이번 주 외식은 B카드로 결제하세요."
C0174,CARD_C,하나카드 MOVING카드 ALLDAY모드,2025-12,2360240,23,1,,0,1,23600,23600,,,,,,
C0174,CARD_D,삼성카드 삼성 iD SELECT ALL 카드,2025-12,130800,2,0,400000.0,269200,0,0,0,7210.0,7210.0,외식,맘스터치,239200.0,"D카드 SELECT 7% 할인까지 26만 9,200원 남았어요. 이번 주 외식은 D카드로 결제하세요."
C0174,CARD_E,NH농협카드 올바른 FLEX 카드,2025-12,168100,2,0,300000.0,131900,0,0,0,750.0,750.0,편의점,CU,45900.0,"E카드 스타벅스 50% 할인까지 13만 1,900원 남았어요. 이번 주 편의점은 E카드로 결제하세요."
C0175,CARD_A,신한카드 Mr.Life,2025-12,0,0,0,300000.0,300000,0,0,0,0.0,0.0,커피,폴바셋,18300.0,A카드 공과금·편의점 10% 할인까지 30만 원 남았어요. 이번 주 커피는 A카드로 결제하세요.
C0175,CARD_B,KB국민카드 굿데이카드,2025-12,433280,12,1,600000.0,166720,2,5520,4600,5520.0,920.0,커피,폴바셋,18300.0,"B카드 외식·커피 10% 할인까지 16만 6,700원 남았어요. 이번 주 커피는 B카드로 결제하세요."
C0175,CARD_C,하나카드 MOVING카드 ALLDAY모드,2025-12,0,0,1,,0,1,0,0,,,,,,
C0175,CARD_D,삼성카드 삼성 iD SELECT ALL 카드,2025-12,5560,1,0,400000.0,394440,0,0,0,40.0,40.0,구독료,마이크로소프트 365,60900.0,"D카드 SELECT 7% 할인까지 39만 4,400원 남았어요. 이번 주 구독료는 D카드로 결제하세요."
C0175,CARD_E,NH농협카드 올바른 FLEX 카드,2025-12,13900,1,0,300000.0,286100,0,0,0,0.0,0.0,구독료,마이크로소프트 365,60900.0,"E카드 스타벅스 50% 할인까지 28만 6,100원 남았어요. 이번 주 구독료는 E카드로 결제하세요."
C0176,CARD_A,신한카드 Mr.Life,2025-12,19420,2,0,300000.0,280580,0,0,0,1260.0,1260.0,온라인쇼핑,쿠팡,1197000.0,A카드 공과금·편의점 10% 할인까지 28만 600원 남았어요. 이번 주 온라인쇼핑은 A카드로 결제하세요.
C0176,CARD_B,KB국민카드 굿데이카드,2025-12,1806990,26,3,,0,3,7880,7880,,,,,,
C0176,CARD_C,하나카드 MOVING카드 ALLDAY모드,2025-12,33700,2,1,,0,1,170,170,,,,,,
C0176,CARD_D,삼성카드 삼성 iD SELECT ALL 카드,2025-12,70100,2,0,400000.0,329900,0,0,0,3820.0,3820.0,온라인쇼핑,쿠팡,1197000.0,"D카드 SELECT 7% 할인까지 32만 9,900원 남았어요. 이번 주 온라인쇼핑은 D카드로 결제하세요."
C0176,CARD_E,NH농협카드 올바른 FLEX 카드,2025-12,12000,1,0,300000.0,288000,0,0,0,0.0,0.0,온라인쇼핑,쿠팡,1197000.0,"E카드 스타벅스 50% 할인까지 28만 8,000원 남았어요. 이번 주 온라인쇼핑은 E카드로 결제하세요."
C0177,CARD_A,신한카드 Mr.Life,2025-12,0,0,0,300000.0,300000,0,0,0,0.0,0.0,편의점,CU,20200.0,A카드 공과금·편의점 10% 할인까지 30만 원 남았어요. 이번 주 편의점은 A카드로 결제하세요.
C0177,CARD_B,KB국민카드 굿데이카드,2025-12,969840,17,2,1200000.0,230160,3,5250,5250,5250.0,0.0,편의점,CU,20200.0,B카드 학원비 10% 할인까지 23만 200원 남았어요. 이번 주 편의점은 B카드로 결제하세요.
C0177,CARD_C,하나카드 MOVING카드 ALLDAY모드,2025-12,17200,1,1,,0,1,90,90,,,,,,
C0177,CARD_D,삼성카드 삼성 iD SELECT ALL 카드,2025-12,16800,1,0,400000.0,383200,0,0,0,1290.0,1290.0,편의점,CU,20200.0,"D카드 SELECT 7% 할인까지 38만 3,200원 남았어요. 이번 주 편의점은 D카드로 결제하세요."
C0177,CARD_E,NH농협카드 올바른 FLEX 카드,2025-12,0,0,0,300000.0,300000,0,0,0,0.0,0.0,편의점,CU,20200.0,E카드 스타벅스 50% 할인까지 30만 원 남았어요. 이번 주 편의점은 E카드로 결제하세요.
C0178,CARD_A,신한카드 Mr.Life,2025-12,17000,1,0,300000.0,283000,0,0,0,0.0,0.0,온라인쇼핑,쿠팡,96400.0,"A카드 공과금·편의점 10% 할인까지 28만 3,000원 남았어요. 이번 주 온라인쇼핑은 A카드로 결제하세요."
C0178,CARD_B,KB국민카드 굿데이카드,2025-12,12600,1,0,300000.0,287400,0,0,0,0.0,0.0,외식,서브웨이,22900.0,"B카드 통신비 10% 할인까지 28만 7,400원 남았어요. 이번 주 외식은 B카드로 결제하세요."
C0178,CARD_C,하나카드 MOVING카드 ALLDAY모드,2025-12,857460,12,1,,0,1,8570,8570,,,,,,
C0178,CARD_D,삼성카드 삼성 iD SELECT ALL 카드,2025-12,0,0,0,400000.0,400000,0,0,0,0.0,0.0,구독료,넷플릭스,53800.0,D카드 SELECT 7% 할인까지 40만 원 남았어요. 이번 주 구독료는 D카드로 결제하세요.
C0178,CARD_E,NH농협카드 올바른 FLEX 카드,2025-12,35500,2,0,300000.0,264500,0,0,0,2180.0,2180.0,구독료,넷플릭스,53800.0,"E카드 스타벅스 50% 할인까지 26만 4,500원 남았어요. 이번 주 구독료는 E카드로 결제하세요."
C0179,CARD_A,신한카드 Mr.Life,2025-12,702820,29,2,1000000.0,297180,2,1720,1720,1720.0,0.0,커피,스타벅스,27000.0,"A카드 할인한도 월 5만 원까지 29만 7,200원 남았어요. 이번 주 커피는 A카드로 결제하세요."
C0179,CARD_B,KB국민카드 굿데이카드,2025-12,0,0,0,300000.0,300000,0,0,0,0.0,0.0,커피,스타벅스,27000.0,B카드 통신비 10% 할인까지 30만 원 남았어요. 이번 주 커피는 B카드로 결제하세요.
C0179,CARD_C,하나카드 MOVING카드 ALLDAY모드,2025-12,361420,2,1,,0,1,1810,1810,,,,,,
C0179,CARD_D,삼성카드 삼성 iD SELECT ALL 카드,2025-12,14410,2,0,400000.0,385590,0,0,0,1010.0,1010.0,배달 주문,배달의민족,132600.0,"D카드 SELECT 7% 할인까지 38만 5,600원 남았어요. 이번 주 배달 주문은 D카드로 결제하세요."
C0179,CARD_E,NH농협카드 올바른 FLEX 카드,2025-12,23000,1,0,300000.0,277000,0,0,0,0.0,0.0,커피,스타벅스,27000.0,"E카드 스타벅스 50% 할인까지 27만 7,000원 남았어요. 이번 주 커피는 E카드로 결제하세요."
C0180,CARD_A,신한카드 Mr.Life,2025-12,158700,2,0,300000.0,141300,2,0,0,0.0,0.0,외식,동네식당,199400.0,"A카드 공과금·편의점 10% 할인까지 14만 1,300원 남았어요. 이번 주 외식은 A카드로 결제하세요."
C0180,CARD_B,KB국민카드 굿데이카드,2025-12,0,0,0,300000.0,300000,0,0,0,0.0,0.0,외식,동네식당,199400.0,B카드 통신비 10% 할인까지 30만 원 남았어요. 이번 주 외식은 B카드로 결제하세요.
C0180,CARD_C,하나카드 MOVING카드 ALLDAY모드,2025-12,0,0,1,,0,1,0,0,,,,,,
C0180,CARD_D,삼성카드 삼성 iD SELECT ALL 카드,2025-12,287640,8,0,400000.0,112360,3,19790,0,14010.0,14010.0,구독료,마이크로소프트 365,38000.0,"D카드 SELECT 7% 할인까지 11만 2,400원 남았어요. 이번 주 구독료는 D카드로 결제하세요."
C0180,CARD_E,NH농협카드 올바른 FLEX 카드,2025-12,51100,1,0,300000.0,248900,0,0,0,3580.0,3580.0,구독료,마이크로소프트 365,38000.0,"E카드 스타벅스 50% 할인까지 24만 8,900원 남았어요. 이번 주 구독료는 E카드로 결제하세요."
C0181,CARD_A,신한카드 Mr.Life,2025-12,811000,9,2,1000000.0,189000,3,12880,12880,12880.0,0.0,주유,GS칼텍스,164900.0,"A카드 할인한도 월 5만 원까지 18만 9,000원 남았어요. 이번 주말 주유는 A카드로 결제하세요."
C0181,CARD_B,KB국민카드 굿데이카드,2025-12,45300,1,0,300000.0,254700,0,0,0,0.0,0.0,주유,GS칼텍스,164900.0,"B카드 통신비 10% 할인까지 25만 4,700원 남았어요. 이번 주말 주유는 B카드로 결제하세요."
C0181,CARD_C,하나카드 MOVING카드 ALLDAY모드,2025-12,63300,1,1,,0,1,320,320,,,,,,
C0181,CARD_D,삼성카드 삼성 iD SELECT ALL 카드,2025-12,4970,1,0,400000.0,395030,0,0,0,30.0,30.0,주유,GS칼텍스,164900.0,"D카드 SELECT 7% 할인까지 39만 5,000원 남았어요. 이번 주말 주유는 D카드로 결제하세요."
C0181,CARD_E,NH농협카드 올바른 FLEX 카드,2025-12,89300,2,0,300000.0,210700,0,0,0,0.0,0.0,배달 주문,쿠팡이츠,46500.0,E카드 스타벅스 50% 할인까지 21만 700원 남았어요. 이번 주 배달 주문은 E카드로 결제하세요.
C0182,CARD_A,신한카드 Mr.Life,2025-12,173730,2,0,300000.0,126270,0,0,0,400.0,400.0,편의점,CU,19000.0,"A카드 공과금·편의점 10% 할인까지 12만 6,300원 남았어요. 이번 주 편의점은 A카드로 결제하세요."
C0182,CARD_B,KB국민카드 굿데이카드,2025-12,0,0,0,300000.0,300000,0,0,0,0.0,0.0,편의점,CU,19000.0,B카드 통신비 10% 할인까지 30만 원 남았어요. 이번 주 편의점은 B카드로 결제하세요.
C0182,CARD_C,하나카드 MOVING카드 ALLDAY모드,2025-12,1359970,18,1,,0,1,14200,14200,,,,,,
C0182,CARD_D,삼성카드 삼성 iD SELECT ALL 카드,2025-12,10900,1,0,400000.0,389100,0,0,0,840.0,840.0,편의점,CU,19000.0,"D카드 SELECT 7% 할인까지 38만 9,100원 남았어요. 이번 주 편의점은 D카드로 결제하세요."
C0182,CARD_E,NH농협카드 올바른 FLEX 카드,2025-12,0,0,0,300000.0,300000,0,0,0,0.0,0.0,편의점,CU,19000.0,E카드 스타벅스 50% 할인까지 30만 원 남았어요. 이번 주 편의점은 E카드로 결제하세요.
C0183,CARD_A,신한카드 Mr.Life,2025-12,5080,1,0,300000.0,294920,0,0,0,0.0,0.0,커피,메가MGC커피,19200.0,"A카드 공과금·편의점 10% 할인까지 29만 4,900원 남았어요. 이번 주 커피는 A카드로 결제하세요."
C0183,CARD_B,KB국민카드 굿데이카드,2025-12,393640,18,1,600000.0,206360,0,0,3000,8000.0,5000.0,커피,메가MGC커피,19200.0,"B카드 외식·커피 10% 할인까지 20만 6,400원 남았어요. 이번 주 커피는 B카드로 결제하세요."
C0183,CARD_C,하나카드 MOVING카드 ALLDAY모드,2025-12,0,0,1,,0,1,0,0,,,,,,
C0183,CARD_D,삼성카드 삼성 iD SELECT ALL 카드,2025-12,0,0,0,400000.0,400000,0,0,0,0.0,0.0,구독료,스포티파이,48700.0,D카드 SELECT 7% 할인까지 40만 원 남았어요. 이번 주 구독료는 D카드로 결제하세요.
C0183,CARD_E,NH농협카드 올바른 FLEX 카드,2025-12,30940,3,0,300000.0,269060,0,0,0,7750.0,7750.0,커피,메가MGC커피,19200.0,"E카드 스타벅스 50% 할인까지 26만 9,100원 남았어요. 이번 주 커피는 E카드로 결제하세요."
C0184,CARD_A,신한카드 Mr.Life,2025-12,496350,8,1,500000.0,3650,2,0,0,0.0,0.0,외식,김밥천국,170900.0,"A카드 할인한도 월 3.4만 원까지 3,600원 남았어요. 이번 주 외식은 A카드로 결제하세요."
C0184,CARD_B,KB국민카드 굿데이카드,2025-12,35100,1,0,300000.0,264900,0,0,0,0.0,0.0,외식,김밥천국,170900.0,"B카드 통신비 10% 할인까지 26만 4,900원 남았어요. 이번 주 외식은 B카드로 결제하세요."
C0184,CARD_C,하나카드 MOVING카드 ALLDAY모드,2025-12,19300,1,1,,0,1,100,100,,,,,,
C0184,CARD_D,삼성카드 삼성 iD SELECT ALL 카드,2025-12,4980,1,0,400000.0,395020,0,0,0,380.0,380.0,외식,김밥천국,170900.0,"D카드 SELECT 7% 할인까지 39만 5,000원 남았어요. 이번 주 외식은 D카드로 결제하세요."
C0184,CARD_E,NH농협카드 올바른 FLEX 카드,2025-12,0,0,0,300000.0,300000,0,0,0,0.0,0.0,편의점,GS25,16900.0,E카드 스타벅스 50% 할인까지 30만 원 남았어요. 이번 주 편의점은 E카드로 결제하세요.
C0185,CARD_A,신한카드 Mr.Life,2025-12,61800,4,0,300000.0,238200,0,0,0,3550.0,3550.0,편의점,이마트24,3600.0,"A카드 공과금·편의점 10% 할인까지 23만 8,200원 남았어요. 이번 주 편의점은 A카드로 결제하세요."
C0185,CARD_B,KB국민카드 굿데이카드,2025-12,0,0,0,300000.0,300000,0,0,0,0.0,0.0,편의점,이마트24,3600.0,B카드 통신비 10% 할인까지 30만 원 남았어요. 이번 주 편의점은 B카드로 결제하세요.
C0185,CARD_C,하나카드 MOVING카드 ALLDAY모드,2025-12,1660,1,1,,0,1,10,10,,,,,,
C0185,CARD_D,삼성카드 삼성 iD SELECT ALL 카드,2025-12,0,0,0,400000.0,400000,0,0,0,0.0,0.0,편의점,이마트24,3600.0,D카드 SELECT 7% 할인까지 40만 원 남았어요. 이번 주 편의점은 D카드로 결제하세요.
C0185,CARD_E,NH농협카드 올바른 FLEX 카드,2025-12,0,0,0,300000.0,300000,0,0,0,0.0,0.0,편의점,이마트24,3600.0,E카드 스타벅스 50% 할인까지 30만 원 남았어요. 이번 주 편의점은 E카드로 결제하세요.
C0186,CARD_A,신한카드 Mr.Life,2025-12,25800,1,0,300000.0,274200,0,0,0,0.0,0.0,외식,동네식당,127400.0,"A카드 공과금·편의점 10% 할인까지 27만 4,200원 남았어요. 이번 주 외식은 A카드로 결제하세요."
C0186,CARD_B,KB국민카드 굿데이카드,2025-12,137800,1,0,300000.0,162200,0,0,0,0.0,0.0,외식,동네식당,127400.0,"B카드 통신비 10% 할인까지 16만 2,200원 남았어요. 이번 주 외식은 B카드로 결제하세요."
C0186,CARD_C,하나카드 MOVING카드 ALLDAY모드,2025-12,1553400,18,1,,0,1,15530,15530,,,,,,
C0186,CARD_D,삼성카드 삼성 iD SELECT ALL 카드,2025-12,0,0,0,400000.0,400000,0,0,0,0.0,0.0,외식,동네식당,127400.0,D카드 SELECT 7% 할인까지 40만 원 남았어요. 이번 주 외식은 D카드로 결제하세요.
C0186,CARD_E,NH농협카드 올바른 FLEX 카드,2025-12,0,0,0,300000.0,300000,0,0,0,0.0,0.0,커피,이디야커피,14900.0,E카드 스타벅스 50% 할인까지 30만 원 남았어요. 이번 주 커피는 E카드로 결제하세요.
C0187,CARD_A,신한카드 Mr.Life,2025-12,0,0,0,300000.0,300000,0,0,0,0.0,0.0,온라인쇼핑,네이버쇼핑,515700.0,A카드 공과금·편의점 10% 할인까지 30만 원 남았어요. 이번 주 온라인쇼핑은 A카드로 결제하세요.
C0187,CARD_B,KB국민카드 굿데이카드,2025-12,688020,16,2,1200000.0,511980,3,5200,5200,5200.0,0.0,편의점,CU,12400.0,"B카드 학원비 10% 할인까지 51만 2,000원 남았어요. 이번 주 편의점은 B카드로 결제하세요."
C0187,CARD_C,하나카드 MOVING카드 ALLDAY모드,2025-12,0,0,1,,0,1,0,0,,,,,,
C0187,CARD_D,삼성카드 삼성 iD SELECT ALL 카드,2025-12,0,0,0,400000.0,400000,0,0,0,0.0,0.0,온라인쇼핑,네이버쇼핑,515700.0,D카드 SELECT 7% 할인까지 40만 원 남았어요. 이번 주 온라인쇼핑은 D카드로 결제하세요.
C0187,CARD_E,NH농협카드 올바른 FLEX 카드,2025-12,191100,1,0,300000.0,108900,0,0,0,0.0,0.0,온라인쇼핑,네이버쇼핑,515700.0,"E카드 스타벅스 50% 할인까지 10만 8,900원 남았어요. 이번 주 온라인쇼핑은 E카드로 결제하세요."
C0188,CARD_A,신한카드 Mr.Life,2025-12,1257900,9,3,,0,3,10000,10000,,,,,,
C0188,CARD_B,KB국민카드 굿데이카드,2025-12,0,0,0,300000.0,300000,3,0,0,0.0,0.0,편의점,세븐일레븐,28200.0,B카드 통신비 10% 할인까지 30만 원 남았어요. 이번 주 편의점은 B카드로 결제하세요.
C0188,CARD_C,하나카드 MOVING카드 ALLDAY모드,2025-12,0,0,1,,0,1,0,0,,,,,,
C0188,CARD_D,삼성카드 삼성 iD SELECT ALL 카드,2025-12,0,0,0,400000.0,400000,0,0,0,0.0,0.0,편의점,세븐일레븐,28200.0,D카드 SELECT 7% 할인까지 40만 원 남았어요. 이번 주 편의점은 D카드로 결제하세요.
C0188,CARD_E,NH농협카드 올바른 FLEX 카드,2025-12,0,0,0,300000.0,300000,0,0,0,0.0,0.0,편의점,세븐일레븐,28200.0,E카드 스타벅스 50% 할인까지 30만 원 남았어요. 이번 주 편의점은 E카드로 결제하세요.
C0189,CARD_A,신한카드 Mr.Life,2025-12,0,0,0,300000.0,300000,0,0,0,0.0,0.0,커피,스타벅스,15900.0,A카드 공과금·편의점 10% 할인까지 30만 원 남았어요. 이번 주 커피는 A카드로 결제하세요.
C0189,CARD_B,KB국민카드 굿데이카드,2025-12,909490,28,2,1200000.0,290510,3,10580,10580,10580.0,0.0,커피,스타벅스,15900.0,B카드 학원비 10% 할인까지 29만 500원 남았어요. 이번 주 커피는 B카드로 결제하세요.
C0189,CARD_C,하나카드 MOVING카드 ALLDAY모드,2025-12,0,0,1,,0,1,0,0,,,,,,
C0189,CARD_D,삼성카드 삼성 iD SELECT ALL 카드,2025-12,0,0,0,400000.0,400000,0,0,0,0.0,0.0,구독료,유튜브 프리미엄,61500.0,D카드 SELECT 7% 할인까지 40만 원 남았어요. 이번 주 구독료는 D카드로 결제하세요.
C0189,CARD_E,NH농협카드 올바른 FLEX 카드,2025-12,0,0,0,300000.0,300000,0,0,0,0.0,0.0,커피,스타벅스,15900.0,E카드 스타벅스 50% 할인까지 30만 원 남았어요. 이번 주 커피는 E카드로 결제하세요.
C0190,CARD_A,신한카드 Mr.Life,2025-12,132300,1,0,300000.0,167700,0,0,0,10000.0,10000.0,편의점,CU,63200.0,"A카드 공과금·편의점 10% 할인까지 16만 7,700원 남았어요. 이번 주 편의점은 A카드로 결제하세요."
C0190,CARD_B,KB국민카드 굿데이카드,2025-12,79500,2,0,300000.0,220500,0,0,0,3000.0,3000.0,편의점,CU,63200.0,B카드 통신비 10% 할인까지 22만 500원 남았어요. 이번 주 편의점은 B카드로 결제하세요.
C0190,CARD_C,하나카드 MOVING카드 ALLDAY모드,2025-12,0,0,1,,0,1,0,0,,,,,,
C0190,CARD_D,삼성카드 삼성 iD SELECT ALL 카드,2025-12,1245080,18,3,,0,3,31020,31020,,,,,,
C0190,CARD_E,NH농협카드 올바른 FLEX 카드,2025-12,9550,1,0,300000.0,290450,0,0,0,480.0,480.0,편의점,CU,63200.0,E카드 스타벅스 50% 할인까지 29만 400원 남았어요. 이번 주 편의점은 E카드로 결제하세요.
C0191,CARD_A,신한카드 Mr.Life,2025-12,35580,3,0,300000.0,264420,0,0,0,0.0,0.0,편의점,GS25,61700.0,"A카드 공과금·편의점 10% 할인까지 26만 4,400원 남았어요. 이번 주 편의점은 A카드로 결제하세요."
C0191,CARD_B,KB국민카드 굿데이카드,2025-12,60530,4,0,300000.0,239470,0,0,0,0.0,0.0,편의점,GS25,61700.0,"B카드 통신비 10% 할인까지 23만 9,500원 남았어요. 이번 주 편의점은 B카드로 결제하세요."
C0191,CARD_C,하나카드 MOVING카드 ALLDAY모드,2025-12,1485800,28,1,,0,1,15240,15240,,,,,,
C0191,CARD_D,삼성카드 삼성 iD SELECT ALL 카드,2025-12,22750,3,0,400000.0,377250,0,0,0,290.0,290.0,편의점,GS25,61700.0,"D카드 SELECT 7% 할인까지 37만 7,200원 남았어요. 이번 주 편의점은 D카드로 결제하세요."
C0191,CARD_E,NH농협카드 올바른 FLEX 카드,2025-12,79400,1,0,300000.0,220600,0,0,0,0.0,0.0,편의점,GS25,61700.0,E카드 스타벅스 50% 할인까지 22만 600원 남았어요. 이번 주 편의점은 E카드로 결제하세요.
C0192,CARD_A,신한카드 Mr.Life,2025-12,0,0,0,300000.0,300000,0,0,0,0.0,0.0,장보기,마켓컬리,350600.0,A카드 공과금·편의점 10% 할인까지 30만 원 남았어요. 이번 주말 장보기는 A카드로 결제하세요.
C0192,CARD_B,KB국민카드 굿데이카드,2025-12,23810,2,0,300000.0,276190,0,0,0,0.0,0.0,외식,한식뷔페,75800.0,"B카드 통신비 10% 할인까지 27만 6,200원 남았어요. 이번 주 외식은 B카드로 결제하세요."
C0192,CARD_C,하나카드 MOVING카드 ALLDAY모드,2025-12,680660,12,1,,0,1,6810,6810,,,,,,
C0192,CARD_D,삼성카드 삼성 iD SELECT ALL 카드,2025-12,0,0,0,400000.0,400000,0,0,0,0.0,0.0,장보기,마켓컬리,350600.0,D카드 SELECT 7% 할인까지 40만 원 남았어요. 이번 주말 장보기는 D카드로 결제하세요.
C0192,CARD_E,NH농협카드 올바른 FLEX 카드,2025-12,23900,1,0,300000.0,276100,0,0,0,1200.0,1200.0,온라인쇼핑,가맹점미상,190500.0,"E카드 스타벅스 50% 할인까지 27만 6,100원 남았어요. 이번 주 온라인쇼핑은 E카드로 결제하세요."
C0193,CARD_A,신한카드 Mr.Life,2025-12,476590,14,1,500000.0,23410,2,15100,10000,15100.0,5100.0,커피,스타벅스,19600.0,"A카드 할인한도 월 3.4만 원까지 2만 3,400원 남았어요. 이번 주 커피는 A카드로 결제하세요."
C0193,CARD_B,KB국민카드 굿데이카드,2025-12,22900,1,0,300000.0,277100,0,0,0,0.0,0.0,커피,스타벅스,19600.0,"B카드 통신비 10% 할인까지 27만 7,100원 남았어요. 이번 주 커피는 B카드로 결제하세요."
C0193,CARD_C,하나카드 MOVING카드 ALLDAY모드,2025-12,30900,1,1,,0,1,150,150,,,,,,
C0193,CARD_D,삼성카드 삼성 iD SELECT ALL 카드,2025-12,0,0,0,400000.0,400000,0,0,0,0.0,0.0,외식,동네식당,65000.0,D카드 SELECT 7% 할인까지 40만 원 남았어요. 이번 주 외식은 D카드로 결제하세요.
C0193,CARD_E,NH농협카드 올바른 FLEX 카드,2025-12,21300,1,0,300000.0,278700,0,0,0,0.0,0.0,커피,스타벅스,19600.0,"E카드 스타벅스 50% 할인까지 27만 8,700원 남았어요. 이번 주 커피는 E카드로 결제하세요."
C0194,CARD_A,신한카드 Mr.Life,2025-12,67700,1,0,300000.0,232300,0,0,0,0.0,0.0,온라인쇼핑,11번가,607800.0,"A카드 공과금·편의점 10% 할인까지 23만 2,300원 남았어요. 이번 주 온라인쇼핑은 A카드로 결제하세요."
C0194,CARD_B,KB국민카드 굿데이카드,2025-12,1122770,26,2,1200000.0,77230,3,10280,10280,10280.0,0.0,외식,김밥천국,107400.0,"B카드 학원비 10% 할인까지 7만 7,200원 남았어요. 이번 주 외식은 B카드로 결제하세요."
C0194,CARD_C,하나카드 MOVING카드 ALLDAY모드,2025-12,27500,2,1,,0,1,140,140,,,,,,
C0194,CARD_D,삼성카드 삼성 iD SELECT ALL 카드,2025-12,11500,1,0,400000.0,388500,0,0,0,890.0,890.0,온라인쇼핑,11번가,607800.0,"D카드 SELECT 7% 할인까지 38만 8,500원 남았어요. 이번 주 온라인쇼핑은 D카드로 결제하세요."
C0194,CARD_E,NH농협카드 올바른 FLEX 카드,2025-12,24500,1,0,300000.0,275500,0,0,0,2450.0,2450.0,온라인쇼핑,11번가,607800.0,"E카드 스타벅스 50% 할인까지 27만 5,500원 남았어요. 이번 주 온라인쇼핑은 E카드로 결제하세요."
C0195,CARD_A,신한카드 Mr.Life,2025-12,1620,1,0,300000.0,298380,0,0,0,0.0,0.0,커피,빽다방,13000.0,"A카드 공과금·편의점 10% 할인까지 29만 8,400원 남았어요. 이번 주 커피는 A카드로 결제하세요."
C0195,CARD_B,KB국민카드 굿데이카드,2025-12,848400,14,2,1200000.0,351600,1,4260,5870,5870.0,0.0,커피,빽다방,13000.0,"B카드 학원비 10% 할인까지 35만 1,600원 남았어요. 이번 주 커피는 B카드로 결제하세요."
C0195,CARD_C,하나카드 MOVING카드 ALLDAY모드,2025-12,0,0,1,,0,1,0,0,,,,,,
C0195,CARD_D,삼성카드 삼성 iD SELECT ALL 카드,2025-12,0,0,0,400000.0,400000,0,0,0,0.0,0.0,온라인쇼핑,쿠팡,149800.0,D카드 SELECT 7% 할인까지 40만 원 남았어요. 이번 주 온라인쇼핑은 D카드로 결제하세요.
C0195,CARD_E,NH농협카드 올바른 FLEX 카드,2025-12,13700,1,0,300000.0,286300,0,0,0,1370.0,1370.0,커피,빽다방,13000.0,"E카드 스타벅스 50% 할인까지 28만 6,300원 남았어요. 이번 주 커피는 E카드로 결제하세요."
C0196,CARD_A,신한카드 Mr.Life,2025-12,0,0,0,300000.0,300000,1,0,0,0.0,0.0,주유,GS칼텍스,283900.0,A카드 공과금·편의점 10% 할인까지 30만 원 남았어요. 이번 주말 주유는 A카드로 결제하세요.
C0196,CARD_B,KB국민카드 굿데이카드,2025-12,0,0,0,300000.0,300000,0,0,0,0.0,0.0,주유,GS칼텍스,283900.0,B카드 통신비 10% 할인까지 30만 원 남았어요. 이번 주말 주유는 B카드로 결제하세요.
C0196,CARD_C,하나카드 MOVING카드 ALLDAY모드,2025-12,33750,2,1,,0,1,170,170,,,,,,
C0196,CARD_D,삼성카드 삼성 iD SELECT ALL 카드,2025-12,63500,2,0,400000.0,336500,0,0,0,2020.0,2020.0,주유,GS칼텍스,283900.0,"D카드 SELECT 7% 할인까지 33만 6,500원 남았어요. 이번 주말 주유는 D카드로 결제하세요."
C0196,CARD_E,NH농협카드 올바른 FLEX 카드,2025-12,970800,12,1,,0,1,1350,1350,,,,,,
C0197,CARD_A,신한카드 Mr.Life,2025-12,47900,1,0,300000.0,252100,0,0,0,0.0,0.0,외식,고깃집,26500.0,"A카드 공과금·편의점 10% 할인까지 25만 2,100원 남았어요. 이번 주 외식은 A카드로 결제하세요."
C0197,CARD_B,KB국민카드 굿데이카드,2025-12,55600,1,0,300000.0,244400,0,0,0,0.0,0.0,외식,고깃집,26500.0,"B카드 통신비 10% 할인까지 24만 4,400원 남았어요. 이번 주 외식은 B카드로 결제하세요."
C0197,CARD_C,하나카드 MOVING카드 ALLDAY모드,2025-12,60520,6,1,,0,1,300,300,,,,,,
C0197,CARD_D,삼성카드 삼성 iD SELECT ALL 카드,2025-12,0,0,0,400000.0,400000,0,0,0,0.0,0.0,외식,고깃집,26500.0,D카드 SELECT 7% 할인까지 40만 원 남았어요. 이번 주 외식은 D카드로 결제하세요.
C0197,CARD_E,NH농협카드 올바른 FLEX 카드,2025-12,0,0,0,300000.0,300000,0,0,0,0.0,0.0,구독료,밀리의서재,19200.0,E카드 스타벅스 50% 할인까지 30만 원 남았어요. 이번 주 구독료는 E카드로 결제하세요.
C0198,CARD_A,신한카드 Mr.Life,2025-12,424440,10,1,500000.0,75560,2,7780,5780,7780.0,2000.0,주유,SK에너지,209800.0,"A카드 할인한도 월 3.4만 원까지 7만 5,600원 남았어요. 이번 주말 주유는 A카드로 결제하세요."
C0198,CARD_B,KB국민카드 굿데이카드,2025-12,0,0,0,300000.0,300000,0,0,0,0.0,0.0,주유,SK에너지,209800.0,B카드 통신비 10% 할인까지 30만 원 남았어요. 이번 주말 주유는 B카드로 결제하세요.
C0198,CARD_C,하나카드 MOVING카드 ALLDAY모드,2025-12,0,0,1,,0,1,0,0,,,,,,
C0198,CARD_D,삼성카드 삼성 iD SELECT ALL 카드,2025-12,0,0,0,400000.0,400000,0,0,0,0.0,0.0,주유,SK에너지,209800.0,D카드 SELECT 7% 할인까지 40만 원 남았어요. 이번 주말 주유는 D카드로 결제하세요.
C0198,CARD_E,NH농협카드 올바른 FLEX 카드,2025-12,0,0,0,300000.0,300000,0,0,0,0.0,0.0,편의점,GS25,17700.0,E카드 스타벅스 50% 할인까지 30만 원 남았어요. 이번 주 편의점은 E카드로 결제하세요.
C0199,CARD_A,신한카드 Mr.Life,2025-12,3260,1,0,300000.0,296740,0,0,0,0.0,0.0,장보기,롯데마트,368900.0,"A카드 공과금·편의점 10% 할인까지 29만 6,700원 남았어요. 이번 주말 장보기는 A카드로 결제하세요."
C0199,CARD_B,KB국민카드 굿데이카드,2025-12,9900,1,0,300000.0,290100,0,0,0,0.0,0.0,편의점,CU,15300.0,B카드 통신비 10% 할인까지 29만 100원 남았어요. 이번 주 편의점은 B카드로 결제하세요.
C0199,CARD_C,하나카드 MOVING카드 ALLDAY모드,2025-12,2597660,14,1,,0,1,25980,25980,,,,,,
C0199,CARD_D,삼성카드 삼성 iD SELECT ALL 카드,2025-12,61000,1,0,400000.0,339000,0,0,0,430.0,430.0,장보기,롯데마트,368900.0,"D카드 SELECT 7% 할인까지 33만 9,000원 남았어요. 이번 주말 장보기는 D카드로 결제하세요."
C0199,CARD_E,NH농협카드 올바른 FLEX 카드,2025-12,0,0,0,300000.0,300000,0,0,0,0.0,0.0,온라인쇼핑,쿠팡,194600.0,E카드 스타벅스 50% 할인까지 30만 원 남았어요. 이번 주 온라인쇼핑은 E카드로 결제하세요.
C0200,CARD_A,신한카드 Mr.Life,2025-12,140040,10,0,300000.0,159960,0,0,0,6410.0,6410.0,편의점,CU,9500.0,A카드 공과금·편의점 10% 할인까지 16만 원 남았어요. 이번 주 편의점은 A카드로 결제하세요.
C0200,CARD_B,KB국민카드 굿데이카드,2025-12,10500,1,0,300000.0,289500,0,0,0,0.0,0.0,편의점,CU,9500.0,"B카드 통신비 10% 할인까지 28만 9,500원 남았어요. 이번 주 편의점은 B카드로 결제하세요."
C0200,CARD_C,하나카드 MOVING카드 ALLDAY모드,2025-12,0,0,1,,0,1,0,0,,,,,,
C0200,CARD_D,삼성카드 삼성 iD SELECT ALL 카드,2025-12,0,0,0,400000.0,400000,0,0,0,0.0,0.0,편의점,CU,9500.0,D카드 SELECT 7% 할인까지 40만 원 남았어요. 이번 주 편의점은 D카드로 결제하세요.
C0200,CARD_E,NH농협카드 올바른 FLEX 카드,2025-12,0,0,0,300000.0,300000,0,0,0,0.0,0.0,편의점,CU,9500.0,E카드 스타벅스 50% 할인까지 30만 원 남았어요. 이번 주 편의점은 E카드로 결제하세요.
C0201,CARD_A,신한카드 Mr.Life,2025-12,78500,1,0,300000.0,221500,0,0,0,0.0,0.0,온라인쇼핑,네이버쇼핑,141100.0,"A카드 공과금·편의점 10% 할인까지 22만 1,500원 남았어요. 이번 주 온라인쇼핑은 A카드로 결제하세요."
C0201,CARD_B,KB국민카드 굿데이카드,2025-12,12500,1,0,300000.0,287500,0,0,0,1250.0,1250.0,외식,동네식당,94500.0,"B카드 통신비 10% 할인까지 28만 7,500원 남았어요. 이번 주 외식은 B카드로 결제하세요."
C0201,CARD_C,하나카드 MOVING카드 ALLDAY모드,2025-12,0,0,1,,0,1,0,0,,,,,,
C0201,CARD_D,삼성카드 삼성 iD SELECT ALL 카드,2025-12,0,0,0,400000.0,400000,0,0,0,0.0,0.0,온라인쇼핑,네이버쇼핑,141100.0,D카드 SELECT 7% 할인까지 40만 원 남았어요. 이번 주 온라인쇼핑은 D카드로 결제하세요.
C0201,CARD_E,NH농협카드 올바른 FLEX 카드,2025-12,1694640,20,1,,0,1,8340,8340,,,,,,
C0202,CARD_A,신한카드 Mr.Life,2025-12,0,0,0,300000.0,300000,0,0,0,0.0,0.0,커피,스타벅스,7800.0,A카드 공과금·편의점 10% 할인까지 30만 원 남았어요. 이번 주 커피는 A카드로 결제하세요.
C0202,CARD_B,KB국민카드 굿데이카드,2025-12,276050,12,0,300000.0,23950,0,0,0,0.0,0.0,커피,스타벅스,7800.0,"B카드 통신비 10% 할인까지 2만 4,000원 남았어요. 이번 주 커피는 B카드로 결제하세요."
C0202,CARD_C,하나카드 MOVING카드 ALLDAY모드,2025-12,4820,1,1,,0,1,20,20,,,,,,
C0202,CARD_D,삼성카드 삼성 iD SELECT ALL 카드,2025-12,0,0,0,400000.0,400000,0,0,0,0.0,0.0,구독료,티빙,74700.0,D카드 SELECT 7% 할인까지 40만 원 남았어요. 이번 주 구독료는 D카드로 결제하세요.
C0202,CARD_E,NH농협카드 올바른 FLEX 카드,2025-12,0,0,0,300000.0,300000,0,0,0,0.0,0.0,구독료,티빙,74700.0,E카드 스타벅스 50% 할인까지 30만 원 남았어요. 이번 주 구독료는 E카드로 결제하세요.
C0203,CARD_A,신한카드 Mr.Life,2025-12,4746330,10,3,,0,3,1230,1230,,,,,,
C0203,CARD_B,KB국민카드 굿데이카드,2025-12,0,0,0,300000.0,300000,0,0,0,0.0,0.0,외식,맘스터치,82100.0,B카드 통신비 10% 할인까지 30만 원 남았어요. 이번 주 외식은 B카드로 결제하세요.
C0203,CARD_C,하나카드 MOVING카드 ALLDAY모드,2025-12,259000,1,1,,0,1,1300,1300,,,,,,
C0203,CARD_D,삼성카드 삼성 iD SELECT ALL 카드,2025-12,0,0,0,400000.0,400000,1,0,0,0.0,0.0,배달 주문,배달의민족,110300.0,D카드 SELECT 7% 할인까지 40만 원 남았어요. 이번 주 배달 주문은 D카드로 결제하세요.
C0203,CARD_E,NH농협카드 올바른 FLEX 카드,2025-12,0,0,0,300000.0,300000,0,0,0,0.0,0.0,배달 주문,배달의민족,110300.0,E카드 스타벅스 50% 할인까지 30만 원 남았어요. 이번 주 배달 주문은 E카드로 결제하세요.
C0204,CARD_A,신한카드 Mr.Life,2025-12,157690,25,0,300000.0,142310,2,5640,0,5640.0,5640.0,편의점,GS25,46700.0,"A카드 공과금·편의점 10% 할인까지 14만 2,300원 남았어요. 이번 주 편의점은 A카드로 결제하세요."
C0204,CARD_B,KB국민카드 굿데이카드,2025-12,54630,3,0,300000.0,245370,0,0,0,3000.0,3000.0,편의점,GS25,46700.0,"B카드 통신비 10% 할인까지 24만 5,400원 남았어요. 이번 주 편의점은 B카드로 결제하세요."
C0204,CARD_C,하나카드 MOVING카드 ALLDAY모드,2025-12,0,0,1,,0,1,0,0,,,,,,
C0204,CARD_D,삼성카드 삼성 iD SELECT ALL 카드,2025-12,0,0,0,400000.0,400000,0,0,0,0.0,0.0,편의점,GS25,46700.0,D카드 SELECT 7% 할인까지 40만 원 남았어요. 이번 주 편의점은 D카드로 결제하세요.
C0204,CARD_E,NH농협카드 올바른 FLEX 카드,2025-12,24100,1,0,300000.0,275900,0,0,0,1200.0,1200.0,편의점,GS25,46700.0,"E카드 스타벅스 50% 할인까지 27만 5,900원 남았어요. 이번 주 편의점은 E카드로 결제하세요."
C0205,CARD_A,신한카드 Mr.Life,2025-12,337700,1,1,500000.0,162300,1,0,0,0.0,0.0,편의점,GS25,14900.0,"A카드 할인한도 월 3.4만 원까지 16만 2,300원 남았어요. 이번 주 편의점은 A카드로 결제하세요."
C0205,CARD_B,KB국민카드 굿데이카드,2025-12,38400,1,0,300000.0,261600,0,0,0,0.0,0.0,편의점,GS25,14900.0,"B카드 통신비 10% 할인까지 26만 1,600원 남았어요. 이번 주 편의점은 B카드로 결제하세요."
C0205,CARD_C,하나카드 MOVING카드 ALLDAY모드,2025-12,9900,1,1,,0,1,50,50,,,,,,
C0205,CARD_D,삼성카드 삼성 iD SELECT ALL 카드,2025-12,808540,10,2,1200000.0,391460,3,19430,15660,19430.0,3770.0,편의점,GS25,14900.0,"D카드 SELECT 한도 월 1.5만 원까지 39만 1,500원 남았어요. 이번 주 편의점은 D카드로 결제하세요."
C0205,CARD_E,NH농협카드 올바른 FLEX 카드,2025-12,0,0,0,300000.0,300000,0,0,0,0.0,0.0,편의점,GS25,14900.0,E카드 스타벅스 50% 할인까지 30만 원 남았어요. 이번 주 편의점은 E카드로 결제하세요.
C0206,CARD_A,신한카드 Mr.Life,2025-12,0,0,0,300000.0,300000,0,0,0,0.0,0.0,주유,SK에너지,207900.0,A카드 공과금·편의점 10% 할인까지 30만 원 남았어요. 이번 주말 주유는 A카드로 결제하세요.
C0206,CARD_B,KB국민카드 굿데이카드,2025-12,699440,13,2,1200000.0,500560,2,11190,11190,11190.0,0.0,교통비,세차장,66200.0,B카드 학원비 10% 할인까지 50만 600원 남았어요. 이번 주 교통비는 B카드로 결제하세요.
C0206,CARD_C,하나카드 MOVING카드 ALLDAY모드,2025-12,32900,2,1,,0,1,160,160,,,,,,
C0206,CARD_D,삼성카드 삼성 iD SELECT ALL 카드,2025-12,0,0,0,400000.0,400000,0,0,0,0.0,0.0,주유,SK에너지,207900.0,D카드 SELECT 7% 할인까지 40만 원 남았어요. 이번 주말 주유는 D카드로 결제하세요.
C0206,CARD_E,NH농협카드 올바른 FLEX 카드,2025-12,0,0,0,300000.0,300000,0,0,0,0.0,0.0,교통비,세차장,66200.0,E카드 스타벅스 50% 할인까지 30만 원 남았어요. 이번 주 교통비는 E카드로 결제하세요.
C0207,CARD_A,신한카드 Mr.Life,2025-12,0,0,0,300000.0,300000,0,0,0,0.0,0.0,병원·약국,한의원,64600.0,A카드 공과금·편의점 10% 할인까지 30만 원 남았어요. 이번 주 병원·약국은 A카드로 결제하세요.
C0207,CARD_B,KB국민카드 굿데이카드,2025-12,1890,1,0,300000.0,298110,0,0,0,0.0,0.0,외식,이자카야,97800.0,"B카드 통신비 10% 할인까지 29만 8,100원 남았어요. 이번 주 외식은 B카드로 결제하세요."
C0207,CARD_C,하나카드 MOVING카드 ALLDAY모드,2025-12,0,0,1,,0,1,0,0,,,,,,
C0207,CARD_D,삼성카드 삼성 iD SELECT ALL 카드,2025-12,0,0,0,400000.0,400000,0,0,0,0.0,0.0,병원·약국,한의원,64600.0,D카드 SELECT 7% 할인까지 40만 원 남았어요. 이번 주 병원·약국은 D카드로 결제하세요.
C0207,CARD_E,NH농협카드 올바른 FLEX 카드,2025-12,153020,5,0,300000.0,146980,1,3190,0,3190.0,3190.0,온라인쇼핑,쿠팡,18100.0,"E카드 스타벅스 50% 할인까지 14만 7,000원 남았어요. 이번 주 온라인쇼핑은 E카드로 결제하세요."
C0208,CARD_A,신한카드 Mr.Life,2025-12,15600,1,0,300000.0,284400,0,0,0,1560.0,1560.0,장보기,이마트,579300.0,"A카드 공과금·편의점 10% 할인까지 28만 4,400원 남았어요. 이번 주말 장보기는 A카드로 결제하세요."
C0208,CARD_B,KB국민카드 굿데이카드,2025-12,789090,11,2,1200000.0,410910,2,5330,5330,5330.0,0.0,외식,한식뷔페,82800.0,B카드 학원비 10% 할인까지 41만 900원 남았어요. 이번 주 외식은 B카드로 결제하세요.
C0208,CARD_C,하나카드 MOVING카드 ALLDAY모드,2025-12,0,0,1,,0,1,0,0,,,,,,
C0208,CARD_D,삼성카드 삼성 iD SELECT ALL 카드,2025-12,238960,3,0,400000.0,161040,0,0,0,8670.0,8670.0,장보기,이마트,579300.0,"D카드 SELECT 7% 할인까지 16만 1,000원 남았어요. 이번 주말 장보기는 D카드로 결제하세요."
C0208,CARD_E,NH농협카드 올바른 FLEX 카드,2025-12,0,0,0,300000.0,300000,0,0,0,0.0,0.0,배달 주문,배달의민족,54400.0,E카드 스타벅스 50% 할인까지 30만 원 남았어요. 이번 주 배달 주문은 E카드로 결제하세요.
C0209,CARD_A,신한카드 Mr.Life,2025-12,175720,6,0,300000.0,124280,3,7710,0,5710.0,5710.0,외식,파인다이닝 레스토랑,68500.0,"A카드 공과금·편의점 10% 할인까지 12만 4,300원 남았어요. 이번 주 외식은 A카드로 결제하세요."
C0209,CARD_B,KB국민카드 굿데이카드,2025-12,0,0,0,300000.0,300000,0,0,0,0.0,0.0,외식,파인다이닝 레스토랑,68500.0,B카드 통신비 10% 할인까지 30만 원 남았어요. 이번 주 외식은 B카드로 결제하세요.
C0209,CARD_C,하나카드 MOVING카드 ALLDAY모드,2025-12,43000,1,1,,0,1,220,220,,,,,,
C0209,CARD_D,삼성카드 삼성 iD SELECT ALL 카드,2025-12,22990,2,0,400000.0,377010,0,0,0,5160.0,5160.0,구독료,멜론,53200.0,"D카드 SELECT 7% 할인까지 37만 7,000원 남았어요. 이번 주 구독료는 D카드로 결제하세요."
C0209,CARD_E,NH농협카드 올바른 FLEX 카드,2025-12,0,0,0,300000.0,300000,0,0,0,0.0,0.0,구독료,멜론,53200.0,E카드 스타벅스 50% 할인까지 30만 원 남았어요. 이번 주 구독료는 E카드로 결제하세요.
C0210,CARD_A,신한카드 Mr.Life,2025-12,0,0,0,300000.0,300000,0,0,0,0.0,0.0,장보기,이마트,467000.0,A카드 공과금·편의점 10% 할인까지 30만 원 남았어요. 이번 주말 장보기는 A카드로 결제하세요.
C0210,CARD_B,KB국민카드 굿데이카드,2025-12,34400,1,0,300000.0,265600,0,0,0,0.0,0.0,주유,SK에너지,112400.0,"B카드 통신비 10% 할인까지 26만 5,600원 남았어요. 이번 주말 주유는 B카드로 결제하세요."
C0210,CARD_C,하나카드 MOVING카드 ALLDAY모드,2025-12,459220,9,1,,0,1,2480,2480,,,,,,
C0210,CARD_D,삼성카드 삼성 iD SELECT ALL 카드,2025-12,187800,1,0,400000.0,212200,0,0,0,8310.0,8310.0,장보기,이마트,467000.0,"D카드 SELECT 7% 할인까지 21만 2,200원 남았어요. 이번 주말 장보기는 D카드로 결제하세요."
C0210,CARD_E,NH농협카드 올바른 FLEX 카드,2025-12,6900,1,0,300000.0,293100,0,0,0,3450.0,3450.0,교통비,카카오T,27100.0,"E카드 스타벅스 50% 할인까지 29만 3,100원 남았어요. 이번 주 교통비는 E카드로 결제하세요."
C0211,CARD_A,신한카드 Mr.Life,2025-12,0,0,0,300000.0,300000,0,0,0,0.0,0.0,장보기,쿠팡프레시,546200.0,A카드 공과금·편의점 10% 할인까지 30만 원 남았어요. 이번 주말 장보기는 A카드로 결제하세요.
C0211,CARD_B,KB국민카드 굿데이카드,2025-12,49300,1,0,300000.0,250700,0,0,0,0.0,0.0,교통비,티머니,20200.0,B카드 통신비 10% 할인까지 25만 700원 남았어요. 이번 주 교통비는 B카드로 결제하세요.
C0211,CARD_C,하나카드 MOVING카드 ALLDAY모드,2025-12,0,0,1,,0,1,0,0,,,,,,
C0211,CARD_D,삼성카드 삼성 iD SELECT ALL 카드,2025-12,0,0,0,400000.0,400000,0,0,0,0.0,0.0,장보기,쿠팡프레시,546200.0,D카드 SELECT 7% 할인까지 40만 원 남았어요. 이번 주말 장보기는 D카드로 결제하세요.
C0211,CARD_E,NH농협카드 올바른 FLEX 카드,2025-12,561100,11,1,,0,1,8770,8770,,,,,,
C0212,CARD_A,신한카드 Mr.Life,2025-12,217230,10,0,300000.0,82770,1,1500,0,1500.0,1500.0,편의점,GS25,19300.0,"A카드 공과금·편의점 10% 할인까지 8만 2,800원 남았어요. 이번 주 편의점은 A카드로 결제하세요."
C0212,CARD_B,KB국민카드 굿데이카드,2025-12,12000,1,0,300000.0,288000,0,0,0,0.0,0.0,편의점,GS25,19300.0,"B카드 통신비 10% 할인까지 28만 8,000원 남았어요. 이번 주 편의점은 B카드로 결제하세요."
C0212,CARD_C,하나카드 MOVING카드 ALLDAY모드,2025-12,0,0,1,,0,1,0,0,,,,,,
C0212,CARD_D,삼성카드 삼성 iD SELECT ALL 카드,2025-12,37350,2,0,400000.0,362650,0,0,0,2880.0,2880.0,배달 주문,배달의민족,162000.0,"D카드 SELECT 7% 할인까지 36만 2,600원 남았어요. 이번 주 배달 주문은 D카드로 결제하세요."
C0212,CARD_E,NH농협카드 올바른 FLEX 카드,2025-12,10400,1,0,300000.0,289600,0,0,0,0.0,0.0,배달 주문,배달의민족,162000.0,"E카드 스타벅스 50% 할인까지 28만 9,600원 남았어요. 이번 주 배달 주문은 E카드로 결제하세요."
C0213,CARD_A,신한카드 Mr.Life,2025-12,0,0,0,300000.0,300000,0,0,0,0.0,0.0,외식,한식뷔페,68600.0,A카드 공과금·편의점 10% 할인까지 30만 원 남았어요. 이번 주 외식은 A카드로 결제하세요.
C0213,CARD_B,KB국민카드 굿데이카드,2025-12,448300,10,1,600000.0,151700,2,3590,3000,3590.0,590.0,외식,한식뷔페,68600.0,"B카드 외식·커피 10% 할인까지 15만 1,700원 남았어요. 이번 주 외식은 B카드로 결제하세요."
C0213,CARD_C,하나카드 MOVING카드 ALLDAY모드,2025-12,0,0,1,,0,1,0,0,,,,,,
C0213,CARD_D,삼성카드 삼성 iD SELECT ALL 카드,2025-12,0,0,0,400000.0,400000,0,0,0,0.0,0.0,외식,한식뷔페,68600.0,D카드 SELECT 7% 할인까지 40만 원 남았어요. 이번 주 외식은 D카드로 결제하세요.
C0213,CARD_E,NH농협카드 올바른 FLEX 카드,2025-12,0,0,0,300000.0,300000,0,0,0,0.0,0.0,온라인쇼핑,네이버쇼핑,111000.0,E카드 스타벅스 50% 할인까지 30만 원 남았어요. 이번 주 온라인쇼핑은 E카드로 결제하세요.
C0214,CARD_A,신한카드 Mr.Life,2025-12,145500,2,0,300000.0,154500,0,0,0,10000.0,10000.0,편의점,GS25,20200.0,"A카드 공과금·편의점 10% 할인까지 15만 4,500원 남았어요. 이번 주 편의점은 A카드로 결제하세요."
C0214,CARD_B,KB국민카드 굿데이카드,2025-12,30800,2,0,300000.0,269200,0,0,0,0.0,0.0,편의점,GS25,20200.0,"B카드 통신비 10% 할인까지 26만 9,200원 남았어요. 이번 주 편의점은 B카드로 결제하세요."
C0214,CARD_C,하나카드 MOVING카드 ALLDAY모드,2025-12,1972910,19,1,,0,1,20080,20080,,,,,,
C0214,CARD_D,삼성카드 삼성 iD SELECT ALL 카드,2025-12,64440,3,0,400000.0,335560,0,0,0,3190.0,3190.0,편의점,GS25,20200.0,"D카드 SELECT 7% 할인까지 33만 5,600원 남았어요. 이번 주 편의점은 D카드로 결제하세요."
C0214,CARD_E,NH농협카드 올바른 FLEX 카드,2025-12,186000,1,0,300000.0,114000,0,0,0,5000.0,5000.0,편의점,GS25,20200.0,"E카드 스타벅스 50% 할인까지 11만 4,000원 남았어요. 이번 주 편의점은 E카드로 결제하세요."
C0215,CARD_A,신한카드 Mr.Life,2025-12,0,0,0,300000.0,300000,0,0,0,0.0,0.0,장보기,쿠팡프레시,232000.0,A카드 공과금·편의점 10% 할인까지 30만 원 남았어요. 이번 주말 장보기는 A카드로 결제하세요.
C0215,CARD_B,KB국민카드 굿데이카드,2025-12,61600,1,0,300000.0,238400,0,0,0,0.0,0.0,외식,한식뷔페,35900.0,"B카드 통신비 10% 할인까지 23만 8,400원 남았어요. 이번 주 외식은 B카드로 결제하세요."
C0215,CARD_C,하나카드 MOVING카드 ALLDAY모드,2025-12,353490,12,1,,0,1,3710,3710,,,,,,
C0215,CARD_D,삼성카드 삼성 iD SELECT ALL 카드,2025-12,52000,1,0,400000.0,348000,0,0,0,5200.0,5200.0,장보기,쿠팡프레시,232000.0,"D카드 SELECT 7% 할인까지 34만 8,000원 남았어요. 이번 주말 장보기는 D카드로 결제하세요."
C0215,CARD_E,NH농협카드 올바른 FLEX 카드,2025-12,0,0,0,300000.0,300000,0,0,0,0.0,0.0,배달 주문,땡겨요,28400.0,E카드 스타벅스 50% 할인까지 30만 원 남았어요. 이번 주 배달 주문은 E카드로 결제하세요.
C0216,CARD_A,신한카드 Mr.Life,2025-12,49900,1,0,300000.0,250100,0,0,0,0.0,0.0,주유,GS칼텍스,166000.0,A카드 공과금·편의점 10% 할인까지 25만 100원 남았어요. 이번 주말 주유는 A카드로 결제하세요.
C0216,CARD_B,KB국민카드 굿데이카드,2025-12,0,0,0,300000.0,300000,0,0,0,0.0,0.0,주유,GS칼텍스,166000.0,B카드 통신비 10% 할인까지 30만 원 남았어요. 이번 주말 주유는 B카드로 결제하세요.
C0216,CARD_C,하나카드 MOVING카드 ALLDAY모드,2025-12,296630,9,1,,0,1,2980,2980,,,,,,
C0216,CARD_D,삼성카드 삼성 iD SELECT ALL 카드,2025-12,0,0,0,400000.0,400000,0,0,0,0.0,0.0,주유,GS칼텍스,166000.0,D카드 SELECT 7% 할인까지 40만 원 남았어요. 이번 주말 주유는 D카드로 결제하세요.
C0216,CARD_E,NH농협카드 올바른 FLEX 카드,2025-12,21300,1,0,300000.0,278700,1,0,0,0.0,0.0,교통비,티머니,12000.0,"E카드 스타벅스 50% 할인까지 27만 8,700원 남았어요. 이번 주 교통비는 E카드로 결제하세요."
C0217,CARD_A,신한카드 Mr.Life,2025-12,304750,10,1,500000.0,195250,1,2880,2880,2880.0,0.0,장보기,이마트,199800.0,"A카드 할인한도 월 3.4만 원까지 19만 5,200원 남았어요. 이번 주말 장보기는 A카드로 결제하세요."
C0217,CARD_B,KB국민카드 굿데이카드,2025-12,10800,1,0,300000.0,289200,0,0,0,1080.0,1080.0,교통비,티머니,10000.0,"B카드 통신비 10% 할인까지 28만 9,200원 남았어요. 이번 주 교통비는 B카드로 결제하세요."
C0217,CARD_C,하나카드 MOVING카드 ALLDAY모드,2025-12,0,0,1,,0,1,0,0,,,,,,
C0217,CARD_D,삼성카드 삼성 iD SELECT ALL 카드,2025-12,0,0,0,400000.0,400000,0,0,0,0.0,0.0,장보기,이마트,199800.0,D카드 SELECT 7% 할인까지 40만 원 남았어요. 이번 주말 장보기는 D카드로 결제하세요.
C0217,CARD_E,NH농협카드 올바른 FLEX 카드,2025-12,27400,1,0,300000.0,272600,0,0,0,0.0,0.0,교통비,티머니,10000.0,"E카드 스타벅스 50% 할인까지 27만 2,600원 남았어요. 이번 주 교통비는 E카드로 결제하세요."
C0218,CARD_A,신한카드 Mr.Life,2025-12,98000,1,0,300000.0,202000,0,0,0,3000.0,3000.0,장보기,쿠팡프레시,408300.0,"A카드 공과금·편의점 10% 할인까지 20만 2,000원 남았어요. 이번 주말 장보기는 A카드로 결제하세요."
C0218,CARD_B,KB국민카드 굿데이카드,2025-12,29100,1,0,300000.0,270900,0,0,0,0.0,0.0,주유,SK에너지,168900.0,B카드 통신비 10% 할인까지 27만 900원 남았어요. 이번 주말 주유는 B카드로 결제하세요.
C0218,CARD_C,하나카드 MOVING카드 ALLDAY모드,2025-12,404860,6,1,,0,1,2020,2020,,,,,,
C0218,CARD_D,삼성카드 삼성 iD SELECT ALL 카드,2025-12,0,0,0,400000.0,400000,0,0,0,0.0,0.0,장보기,쿠팡프레시,408300.0,D카드 SELECT 7% 할인까지 40만 원 남았어요. 이번 주말 장보기는 D카드로 결제하세요.
C0218,CARD_E,NH농협카드 올바른 FLEX 카드,2025-12,9190,1,0,300000.0,290810,0,0,0,0.0,0.0,커피,컴포즈커피,8700.0,E카드 스타벅스 50% 할인까지 29만 800원 남았어요. 이번 주 커피는 E카드로 결제하세요.
C0219,CARD_A,신한카드 Mr.Life,2025-12,27900,1,0,300000.0,272100,0,0,0,0.0,0.0,온라인쇼핑,쿠팡,1533300.0,"A카드 공과금·편의점 10% 할인까지 27만 2,100원 남았어요. 이번 주 온라인쇼핑은 A카드로 결제하세요."
C0219,CARD_B,KB국민카드 굿데이카드,2025-12,178900,1,0,300000.0,121100,0,0,0,0.0,0.0,편의점,CU,29200.0,"B카드 통신비 10% 할인까지 12만 1,100원 남았어요. 이번 주 편의점은 B카드로 결제하세요."
C0219,CARD_C,하나카드 MOVING카드 ALLDAY모드,2025-12,88000,2,1,,0,1,440,440,,,,,,
C0219,CARD_D,삼성카드 삼성 iD SELECT ALL 카드,2025-12,1214820,32,3,,0,3,23500,23500,,,,,,
C0219,CARD_E,NH농협카드 올바른 FLEX 카드,2025-12,161200,2,0,300000.0,138800,0,0,0,5000.0,5000.0,온라인쇼핑,쿠팡,1533300.0,"E카드 스타벅스 50% 할인까지 13만 8,800원 남았어요. 이번 주 온라인쇼핑은 E카드로 결제하세요."
C0220,CARD_A,신한카드 Mr.Life,2025-12,208570,10,0,300000.0,91430,2,8820,0,6820.0,6820.0,편의점,GS25,20100.0,"A카드 공과금·편의점 10% 할인까지 9만 1,400원 남았어요. 이번 주 편의점은 A카드로 결제하세요."
C0220,CARD_B,KB국민카드 굿데이카드,2025-12,152300,2,0,300000.0,147700,0,0,0,0.0,0.0,편의점,GS25,20100.0,"B카드 통신비 10% 할인까지 14만 7,700원 남았어요. 이번 주 편의점은 B카드로 결제하세요."
C0220,CARD_C,하나카드 MOVING카드 ALLDAY모드,2025-12,24500,1,1,,0,1,120,120,,,,,,
C0220,CARD_D,삼성카드 삼성 iD SELECT ALL 카드,2025-12,36100,1,0,400000.0,363900,0,0,0,2780.0,2780.0,배달 주문,배달의민족,121600.0,"D카드 SELECT 7% 할인까지 36만 3,900원 남았어요. 이번 주 배달 주문은 D카드로 결제하세요."
C0220,CARD_E,NH농협카드 올바른 FLEX 카드,2025-12,2580,1,0,300000.0,297420,0,0,0,0.0,0.0,배달 주문,배달의민족,121600.0,"E카드 스타벅스 50% 할인까지 29만 7,400원 남았어요. 이번 주 배달 주문은 E카드로 결제하세요."
C0221,CARD_A,신한카드 Mr.Life,2025-12,0,0,0,300000.0,300000,0,0,0,0.0,0.0,외식,동네식당,112600.0,A카드 공과금·편의점 10% 할인까지 30만 원 남았어요. 이번 주 외식은 A카드로 결제하세요.
C0221,CARD_B,KB국민카드 굿데이카드,2025-12,0,0,0,300000.0,300000,0,0,0,0.0,0.0,외식,동네식당,112600.0,B카드 통신비 10% 할인까지 30만 원 남았어요. 이번 주 외식은 B카드로 결제하세요.
C0221,CARD_C,하나카드 MOVING카드 ALLDAY모드,2025-12,0,0,1,,0,1,0,0,,,,,,
C0221,CARD_D,삼성카드 삼성 iD SELECT ALL 카드,2025-12,0,0,0,400000.0,400000,0,0,0,0.0,0.0,외식,동네식당,112600.0,D카드 SELECT 7% 할인까지 40만 원 남았어요. 이번 주 외식은 D카드로 결제하세요.
C0221,CARD_E,NH농협카드 올바른 FLEX 카드,2025-12,1543340,8,1,,0,1,0,0,,,,,,
C0222,CARD_A,신한카드 Mr.Life,2025-12,39570,4,0,300000.0,260430,0,0,0,570.0,570.0,커피,스타벅스,48400.0,A카드 공과금·편의점 10% 할인까지 26만 400원 남았어요. 이번 주 커피는 A카드로 결제하세요.
C0222,CARD_B,KB국민카드 굿데이카드,2025-12,326730,18,1,600000.0,273270,2,3730,0,3730.0,3730.0,커피,스타벅스,48400.0,"B카드 외식·커피 10% 할인까지 27만 3,300원 남았어요. 이번 주 커피는 B카드로 결제하세요."
C0222,CARD_C,하나카드 MOVING카드 ALLDAY모드,2025-12,43650,3,1,,0,1,220,220,,,,,,
C0222,CARD_D,삼성카드 삼성 iD SELECT ALL 카드,2025-12,7590,2,0,400000.0,392410,0,0,0,500.0,500.0,배달 주문,쿠팡이츠,112400.0,"D카드 SELECT 7% 할인까지 39만 2,400원 남았어요. 이번 주 배달 주문은 D카드로 결제하세요."
C0222,CARD_E,NH농협카드 올바른 FLEX 카드,2025-12,6170,1,0,300000.0,293830,0,0,0,0.0,0.0,커피,스타벅스,48400.0,"E카드 스타벅스 50% 할인까지 29만 3,800원 남았어요. 이번 주 커피는 E카드로 결제하세요."
C0223,CARD_A,신한카드 Mr.Life,2025-12,0,0,0,300000.0,300000,0,0,0,0.0,0.0,커피,스타벅스,29800.0,A카드 공과금·편의점 10% 할인까지 30만 원 남았어요. 이번 주 커피는 A카드로 결제하세요.
C0223,CARD_B,KB국민카드 굿데이카드,2025-12,28340,3,0,300000.0,271660,0,0,0,0.0,0.0,커피,스타벅스,29800.0,"B카드 통신비 10% 할인까지 27만 1,700원 남았어요. 이번 주 커피는 B카드로 결제하세요."
C0223,CARD_C,하나카드 MOVING카드 ALLDAY모드,2025-12,76600,3,1,,0,1,380,380,,,,,,
C0223,CARD_D,삼성카드 삼성 iD SELECT ALL 카드,2025-12,1057660,19,2,1200000.0,142340,1,14890,17770,17770.0,0.0,편의점,GS25,11000.0,"D카드 SELECT 한도 월 1.5만 원까지 14만 2,300원 남았어요. 이번 주 편의점은 D카드로 결제하세요."
C0223,CARD_E,NH농협카드 올바른 FLEX 카드,2025-12,0,0,0,300000.0,300000,0,0,0,0.0,0.0,커피,스타벅스,29800.0,E카드 스타벅스 50% 할인까지 30만 원 남았어요. 이번 주 커피는 E카드로 결제하세요.
C0224,CARD_A,신한카드 Mr.Life,2025-12,36200,1,0,300000.0,263800,0,0,0,0.0,0.0,온라인쇼핑,쿠팡,90000.0,"A카드 공과금·편의점 10% 할인까지 26만 3,800원 남았어요. 이번 주 온라인쇼핑은 A카드로 결제하세요."
C0224,CARD_B,KB국민카드 굿데이카드,2025-12,4490,1,0,300000.0,295510,0,0,0,0.0,0.0,교통비,티머니,17400.0,"B카드 통신비 10% 할인까지 29만 5,500원 남았어요. 이번 주 교통비는 B카드로 결제하세요."
C0224,CARD_C,하나카드 MOVING카드 ALLDAY모드,2025-12,360900,9,1,,0,1,4150,4150,,,,,,
C0224,CARD_D,삼성카드 삼성 iD SELECT ALL 카드,2025-12,231000,2,0,400000.0,169000,0,0,0,9420.0,9420.0,온라인쇼핑,쿠팡,90000.0,"D카드 SELECT 7% 할인까지 16만 9,000원 남았어요. 이번 주 온라인쇼핑은 D카드로 결제하세요."
C0224,CARD_E,NH농협카드 올바른 FLEX 카드,2025-12,0,0,0,300000.0,300000,0,0,0,0.0,0.0,온라인쇼핑,쿠팡,90000.0,E카드 스타벅스 50% 할인까지 30만 원 남았어요. 이번 주 온라인쇼핑은 E카드로 결제하세요.
C0225,CARD_A,신한카드 Mr.Life,2025-12,0,0,0,300000.0,300000,0,0,0,0.0,0.0,편의점,GS25,38800.0,A카드 공과금·편의점 10% 할인까지 30만 원 남았어요. 이번 주 편의점은 A카드로 결제하세요.
C0225,CARD_B,KB국민카드 굿데이카드,2025-12,0,0,0,300000.0,300000,0,0,0,0.0,0.0,편의점,GS25,38800.0,B카드 통신비 10% 할인까지 30만 원 남았어요. 이번 주 편의점은 B카드로 결제하세요.
C0225,CARD_C,하나카드 MOVING카드 ALLDAY모드,2025-12,9750,1,1,,0,1,50,50,,,,,,
C0225,CARD_D,삼성카드 삼성 iD SELECT ALL 카드,2025-12,3636540,7,3,,0,3,26120,26120,,,,,,
C0225,CARD_E,NH농협카드 올바른 FLEX 카드,2025-12,0,0,0,300000.0,300000,0,0,0,0.0,0.0,편의점,GS25,38800.0,E카드 스타벅스 50% 할인까지 30만 원 남았어요. 이번 주 편의점은 E카드로 결제하세요.
C0226,CARD_A,신한카드 Mr.Life,2025-12,34100,1,0,300000.0,265900,0,0,0,0.0,0.0,온라인쇼핑,쿠팡,147700.0,"A카드 공과금·편의점 10% 할인까지 26만 5,900원 남았어요. 이번 주 온라인쇼핑은 A카드로 결제하세요."
C0226,CARD_B,KB국민카드 굿데이카드,2025-12,849220,14,2,1200000.0,350780,2,8370,8370,8370.0,0.0,커피,스타벅스,21300.0,B카드 학원비 10% 할인까지 35만 800원 남았어요. 이번 주 커피는 B카드로 결제하세요.
C0226,CARD_C,하나카드 MOVING카드 ALLDAY모드,2025-12,57590,2,1,,0,1,290,290,,,,,,
C0226,CARD_D,삼성카드 삼성 iD SELECT ALL 카드,2025-12,10900,1,0,400000.0,389100,0,0,0,80.0,80.0,온라인쇼핑,쿠팡,147700.0,"D카드 SELECT 7% 할인까지 38만 9,100원 남았어요. 이번 주 온라인쇼핑은 D카드로 결제하세요."
C0226,CARD_E,NH농협카드 올바른 FLEX 카드,2025-12,59000,1,0,300000.0,241000,0,0,0,2950.0,2950.0,온라인쇼핑,쿠팡,147700.0,"E카드 스타벅스 50% 할인까지 24만 1,000원 남았어요. 이번 주 온라인쇼핑은 E카드로 결제하세요."
C0227,CARD_A,신한카드 Mr.Life,2025-12,264730,25,0,300000.0,35270,0,0,0,7930.0,7930.0,편의점,GS25,19400.0,"A카드 공과금·편의점 10% 할인까지 3만 5,300원 남았어요. 이번 주 편의점은 A카드로 결제하세요."
C0227,CARD_B,KB국민카드 굿데이카드,2025-12,0,0,0,300000.0,300000,0,0,0,0.0,0.0,교통비,티머니,55600.0,B카드 통신비 10% 할인까지 30만 원 남았어요. 이번 주 교통비는 B카드로 결제하세요.
C0227,CARD_C,하나카드 MOVING카드 ALLDAY모드,2025-12,3440,1,1,,0,1,100,100,,,,,,
C0227,CARD_D,삼성카드 삼성 iD SELECT ALL 카드,2025-12,8480,1,0,400000.0,391520,0,0,0,650.0,650.0,편의점,GS25,19400.0,"D카드 SELECT 7% 할인까지 39만 1,500원 남았어요. 이번 주 편의점은 D카드로 결제하세요."
C0227,CARD_E,NH농협카드 올바른 FLEX 카드,2025-12,0,0,0,300000.0,300000,0,0,0,0.0,0.0,교통비,티머니,55600.0,E카드 스타벅스 50% 할인까지 30만 원 남았어요. 이번 주 교통비는 E카드로 결제하세요.
C0228,CARD_A,신한카드 Mr.Life,2025-12,303800,3,1,500000.0,196200,0,0,3000,7000.0,4000.0,장보기,롯데마트,334000.0,"A카드 할인한도 월 3.4만 원까지 19만 6,200원 남았어요. 이번 주말 장보기는 A카드로 결제하세요."
C0228,CARD_B,KB국민카드 굿데이카드,2025-12,58000,2,0,300000.0,242000,0,0,0,0.0,0.0,교통비,주차장,22200.0,"B카드 통신비 10% 할인까지 24만 2,000원 남았어요. 이번 주 교통비는 B카드로 결제하세요."
C0228,CARD_C,하나카드 MOVING카드 ALLDAY모드,2025-12,607800,14,1,,0,1,6190,6190,,,,,,
C0228,CARD_D,삼성카드 삼성 iD SELECT ALL 카드,2025-12,33700,1,0,400000.0,366300,0,0,0,240.0,240.0,장보기,롯데마트,334000.0,"D카드 SELECT 7% 할인까지 36만 6,300원 남았어요. 이번 주말 장보기는 D카드로 결제하세요."
C0228,CARD_E,NH농협카드 올바른 FLEX 카드,2025-12,3140,1,0,300000.0,296860,0,0,0,0.0,0.0,온라인쇼핑,쿠팡,216800.0,"E카드 스타벅스 50% 할인까지 29만 6,900원 남았어요. 이번 주 온라인쇼핑은 E카드로 결제하세요."
C0229,CARD_A,신한카드 Mr.Life,2025-12,34800,1,0,300000.0,265200,0,0,0,0.0,0.0,장보기,동네마트,261300.0,"A카드 공과금·편의점 10% 할인까지 26만 5,200원 남았어요. 이번 주말 장보기는 A카드로 결제하세요."
C0229,CARD_B,KB국민카드 굿데이카드,2025-12,0,0,0,300000.0,300000,0,0,0,0.0,0.0,외식,이자카야,58000.0,B카드 통신비 10% 할인까지 30만 원 남았어요. 이번 주 외식은 B카드로 결제하세요.
C0229,CARD_C,하나카드 MOVING카드 ALLDAY모드,2025-12,876510,11,1,,0,1,8840,8840,,,,,,
C0229,CARD_D,삼성카드 삼성 iD SELECT ALL 카드,2025-12,5270,1,0,400000.0,394730,0,0,0,410.0,410.0,장보기,동네마트,261300.0,"D카드 SELECT 7% 할인까지 39만 4,700원 남았어요. 이번 주말 장보기는 D카드로 결제하세요."
C0229,CARD_E,NH농협카드 올바른 FLEX 카드,2025-12,107700,1,0,300000.0,192300,0,0,0,0.0,0.0,교통비,티머니,2200.0,"E카드 스타벅스 50% 할인까지 19만 2,300원 남았어요. 이번 주 교통비는 E카드로 결제하세요."
C0230,CARD_A,신한카드 Mr.Life,2025-12,0,0,0,300000.0,300000,0,0,0,0.0,0.0,편의점,CU,4800.0,A카드 공과금·편의점 10% 할인까지 30만 원 남았어요. 이번 주 편의점은 A카드로 결제하세요.
C0230,CARD_B,KB국민카드 굿데이카드,2025-12,0,0,0,300000.0,300000,0,0,0,0.0,0.0,편의점,CU,4800.0,B카드 통신비 10% 할인까지 30만 원 남았어요. 이번 주 편의점은 B카드로 결제하세요.
C0230,CARD_C,하나카드 MOVING카드 ALLDAY모드,2025-12,0,0,1,,0,1,0,0,,,,,,
C0230,CARD_D,삼성카드 삼성 iD SELECT ALL 카드,2025-12,7760,1,0,400000.0,392240,0,0,0,50.0,50.0,편의점,CU,4800.0,"D카드 SELECT 7% 할인까지 39만 2,200원 남았어요. 이번 주 편의점은 D카드로 결제하세요."
C0230,CARD_E,NH농협카드 올바른 FLEX 카드,2025-12,46700,1,0,300000.0,253300,0,0,0,0.0,0.0,편의점,CU,4800.0,"E카드 스타벅스 50% 할인까지 25만 3,300원 남았어요. 이번 주 편의점은 E카드로 결제하세요."
C0231,CARD_A,신한카드 Mr.Life,2025-12,942400,13,2,1000000.0,57600,3,18790,15790,18790.0,3000.0,외식,동네식당,180200.0,"A카드 할인한도 월 5만 원까지 5만 7,600원 남았어요. 이번 주 외식은 A카드로 결제하세요."
C0231,CARD_B,KB국민카드 굿데이카드,2025-12,78300,1,0,300000.0,221700,0,0,0,0.0,0.0,외식,동네식당,180200.0,"B카드 통신비 10% 할인까지 22만 1,700원 남았어요. 이번 주 외식은 B카드로 결제하세요."
C0231,CARD_C,하나카드 MOVING카드 ALLDAY모드,2025-12,0,0,1,,0,1,0,0,,,,,,
C0231,CARD_D,삼성카드 삼성 iD SELECT ALL 카드,2025-12,0,0,0,400000.0,400000,0,0,0,0.0,0.0,외식,동네식당,180200.0,D카드 SELECT 7% 할인까지 40만 원 남았어요. 이번 주 외식은 D카드로 결제하세요.
C0231,CARD_E,NH농협카드 올바른 FLEX 카드,2025-12,0,0,0,300000.0,300000,0,0,0,0.0,0.0,편의점,CU,25500.0,E카드 스타벅스 50% 할인까지 30만 원 남았어요. 이번 주 편의점은 E카드로 결제하세요.
C0232,CARD_A,신한카드 Mr.Life,2025-12,1675240,27,3,,0,3,10130,10130,,,,,,
C0232,CARD_B,KB국민카드 굿데이카드,2025-12,52270,2,0,300000.0,247730,0,0,0,0.0,0.0,커피,스타벅스,44800.0,"B카드 통신비 10% 할인까지 24만 7,700원 남았어요. 이번 주 커피는 B카드로 결제하세요."
C0232,CARD_C,하나카드 MOVING카드 ALLDAY모드,2025-12,0,0,1,,0,1,0,0,,,,,,
C0232,CARD_D,삼성카드 삼성 iD SELECT ALL 카드,2025-12,0,0,0,400000.0,400000,0,0,0,0.0,0.0,온라인쇼핑,쿠팡,260700.0,D카드 SELECT 7% 할인까지 40만 원 남았어요. 이번 주 온라인쇼핑은 D카드로 결제하세요.
C0232,CARD_E,NH농협카드 올바른 FLEX 카드,2025-12,41100,1,0,300000.0,258900,0,0,0,2880.0,2880.0,커피,스타벅스,44800.0,"E카드 스타벅스 50% 할인까지 25만 8,900원 남았어요. 이번 주 커피는 E카드로 결제하세요."
C0233,CARD_A,신한카드 Mr.Life,2025-12,693960,10,2,1000000.0,306040,2,3310,3310,3310.0,0.0,장보기,마켓컬리,131300.0,"A카드 할인한도 월 5만 원까지 30만 6,000원 남았어요. 이번 주말 장보기는 A카드로 결제하세요."
C0233,CARD_B,KB국민카드 굿데이카드,2025-12,44200,1,0,300000.0,255800,0,0,0,0.0,0.0,주유,알뜰주유소,73400.0,"B카드 통신비 10% 할인까지 25만 5,800원 남았어요. 이번 주말 주유는 B카드로 결제하세요."
C0233,CARD_C,하나카드 MOVING카드 ALLDAY모드,2025-12,0,0,1,,0,1,0,0,,,,,,
C0233,CARD_D,삼성카드 삼성 iD SELECT ALL 카드,2025-12,0,0,0,400000.0,400000,0,0,0,0.0,0.0,장보기,마켓컬리,131300.0,D카드 SELECT 7% 할인까지 40만 원 남았어요. 이번 주말 장보기는 D카드로 결제하세요.
C0233,CARD_E,NH농협카드 올바른 FLEX 카드,2025-12,0,0,0,300000.0,300000,0,0,0,0.0,0.0,온라인쇼핑,쿠팡,22500.0,E카드 스타벅스 50% 할인까지 30만 원 남았어요. 이번 주 온라인쇼핑은 E카드로 결제하세요.
C0234,CARD_A,신한카드 Mr.Life,2025-12,779280,17,2,1000000.0,220720,2,7570,7570,7570.0,0.0,외식,고깃집,352200.0,A카드 할인한도 월 5만 원까지 22만 700원 남았어요. 이번 주 외식은 A카드로 결제하세요.
C0234,CARD_B,KB국민카드 굿데이카드,2025-12,96430,2,0,300000.0,203570,0,0,0,0.0,0.0,외식,고깃집,352200.0,"B카드 통신비 10% 할인까지 20만 3,600원 남았어요. 이번 주 외식은 B카드로 결제하세요."
C0234,CARD_C,하나카드 MOVING카드 ALLDAY모드,2025-12,10900,1,1,,0,1,50,50,,,,,,
C0234,CARD_D,삼성카드 삼성 iD SELECT ALL 카드,2025-12,0,0,0,400000.0,400000,0,0,0,0.0,0.0,외식,고깃집,352200.0,D카드 SELECT 7% 할인까지 40만 원 남았어요. 이번 주 외식은 D카드로 결제하세요.
C0234,CARD_E,NH농협카드 올바른 FLEX 카드,2025-12,32600,2,0,300000.0,267400,0,0,0,700.0,700.0,편의점,GS25,59600.0,"E카드 스타벅스 50% 할인까지 26만 7,400원 남았어요. 이번 주 편의점은 E카드로 결제하세요."
C0235,CARD_A,신한카드 Mr.Life,2025-12,0,0,0,300000.0,300000,0,0,0,0.0,0.0,편의점,GS25,9300.0,A카드 공과금·편의점 10% 할인까지 30만 원 남았어요. 이번 주 편의점은 A카드로 결제하세요.
C0235,CARD_B,KB국민카드 굿데이카드,2025-12,58900,1,0,300000.0,241100,0,0,0,0.0,0.0,편의점,GS25,9300.0,"B카드 통신비 10% 할인까지 24만 1,100원 남았어요. 이번 주 편의점은 B카드로 결제하세요."
C0235,CARD_C,하나카드 MOVING카드 ALLDAY모드,2025-12,309040,12,1,,0,1,3090,3090,,,,,,
C0235,CARD_D,삼성카드 삼성 iD SELECT ALL 카드,2025-12,0,0,0,400000.0,400000,0,0,0,0.0,0.0,구독료,쿠팡와우,68400.0,D카드 SELECT 7% 할인까지 40만 원 남았어요. 이번 주 구독료는 D카드로 결제하세요.
C0235,CARD_E,NH농협카드 올바른 FLEX 카드,2025-12,0,0,0,300000.0,300000,0,0,0,0.0,0.0,구독료,쿠팡와우,68400.0,E카드 스타벅스 50% 할인까지 30만 원 남았어요. 이번 주 구독료는 E카드로 결제하세요.
C0236,CARD_A,신한카드 Mr.Life,2025-12,1506650,23,3,,0,3,35000,35000,,,,,,
C0236,CARD_B,KB국민카드 굿데이카드,2025-12,4200,1,0,300000.0,295800,0,0,0,420.0,420.0,편의점,CU,28500.0,"B카드 통신비 10% 할인까지 29만 5,800원 남았어요. 이번 주 편의점은 B카드로 결제하세요."
C0236,CARD_C,하나카드 MOVING카드 ALLDAY모드,2025-12,271500,1,1,,0,1,1360,1360,,,,,,
C0236,CARD_D,삼성카드 삼성 iD SELECT ALL 카드,2025-12,0,0,0,400000.0,400000,0,0,0,0.0,0.0,편의점,CU,28500.0,D카드 SELECT 7% 할인까지 40만 원 남았어요. 이번 주 편의점은 D카드로 결제하세요.
C0236,CARD_E,NH농협카드 올바른 FLEX 카드,2025-12,0,0,0,300000.0,300000,0,0,0,0.0,0.0,편의점,CU,28500.0,E카드 스타벅스 50% 할인까지 30만 원 남았어요. 이번 주 편의점은 E카드로 결제하세요.
C0237,CARD_A,신한카드 Mr.Life,2025-12,247520,14,0,300000.0,52480,2,11320,0,7320.0,7320.0,편의점,GS25,30800.0,"A카드 공과금·편의점 10% 할인까지 5만 2,500원 남았어요. 이번 주 편의점은 A카드로 결제하세요."
C0237,CARD_B,KB국민카드 굿데이카드,2025-12,0,0,0,300000.0,300000,0,0,0,0.0,0.0,편의점,GS25,30800.0,B카드 통신비 10% 할인까지 30만 원 남았어요. 이번 주 편의점은 B카드로 결제하세요.
C0237,CARD_C,하나카드 MOVING카드 ALLDAY모드,2025-12,43610,2,1,,0,1,220,220,,,,,,
C0237,CARD_D,삼성카드 삼성 iD SELECT ALL 카드,2025-12,14700,1,0,400000.0,385300,0,0,0,1130.0,1130.0,배달 주문,쿠팡이츠,159100.0,"D카드 SELECT 7% 할인까지 38만 5,300원 남았어요. 이번 주 배달 주문은 D카드로 결제하세요."
C0237,CARD_E,NH농협카드 올바른 FLEX 카드,2025-12,39070,2,0,300000.0,260930,0,0,0,140.0,140.0,배달 주문,쿠팡이츠,159100.0,E카드 스타벅스 50% 할인까지 26만 900원 남았어요. 이번 주 배달 주문은 E카드로 결제하세요.
C0238,CARD_A,신한카드 Mr.Life,2025-12,49100,2,0,300000.0,250900,0,0,0,0.0,0.0,온라인쇼핑,알리익스프레스,684200.0,A카드 공과금·편의점 10% 할인까지 25만 900원 남았어요. 이번 주 온라인쇼핑은 A카드로 결제하세요.
C0238,CARD_B,KB국민카드 굿데이카드,2025-12,809460,20,2,1200000.0,390540,3,6340,6340,6340.0,0.0,외식,고깃집,104000.0,B카드 학원비 10% 할인까지 39만 500원 남았어요. 이번 주 외식은 B카드로 결제하세요.
C0238,CARD_C,하나카드 MOVING카드 ALLDAY모드,2025-12,0,0,1,,0,1,0,0,,,,,,
C0238,CARD_D,삼성카드 삼성 iD SELECT ALL 카드,2025-12,75880,3,0,400000.0,324120,0,0,0,6850.0,6850.0,온라인쇼핑,알리익스프레스,684200.0,"D카드 SELECT 7% 할인까지 32만 4,100원 남았어요. 이번 주 온라인쇼핑은 D카드로 결제하세요."
C0238,CARD_E,NH농협카드 올바른 FLEX 카드,2025-12,20400,1,0,300000.0,279600,0,0,0,1020.0,1020.0,온라인쇼핑,알리익스프레스,684200.0,"E카드 스타벅스 50% 할인까지 27만 9,600원 남았어요. 이번 주 온라인쇼핑은 E카드로 결제하세요."
C0239,CARD_A,신한카드 Mr.Life,2025-12,0,0,0,300000.0,300000,0,0,0,0.0,0.0,병원·약국,건강기능식품,161200.0,A카드 공과금·편의점 10% 할인까지 30만 원 남았어요. 이번 주 병원·약국은 A카드로 결제하세요.
C0239,CARD_B,KB국민카드 굿데이카드,2025-12,0,0,0,300000.0,300000,0,0,0,0.0,0.0,커피,동네로스터리,7900.0,B카드 통신비 10% 할인까지 30만 원 남았어요. 이번 주 커피는 B카드로 결제하세요.
C0239,CARD_C,하나카드 MOVING카드 ALLDAY모드,2025-12,0,0,1,,0,1,0,0,,,,,,
C0239,CARD_D,삼성카드 삼성 iD SELECT ALL 카드,2025-12,0,0,0,400000.0,400000,0,0,0,0.0,0.0,병원·약국,건강기능식품,161200.0,D카드 SELECT 7% 할인까지 40만 원 남았어요. 이번 주 병원·약국은 D카드로 결제하세요.
C0239,CARD_E,NH농협카드 올바른 FLEX 카드,2025-12,726850,13,1,,0,1,5020,5020,,,,,,
C0240,CARD_A,신한카드 Mr.Life,2025-12,0,0,0,300000.0,300000,0,0,0,0.0,0.0,온라인쇼핑,네이버쇼핑,150300.0,A카드 공과금·편의점 10% 할인까지 30만 원 남았어요. 이번 주 온라인쇼핑은 A카드로 결제하세요.
C0240,CARD_B,KB국민카드 굿데이카드,2025-12,126150,3,0,300000.0,173850,0,0,0,0.0,0.0,외식,한식뷔페,39100.0,"B카드 통신비 10% 할인까지 17만 3,800원 남았어요. 이번 주 외식은 B카드로 결제하세요."
C0240,CARD_C,하나카드 MOVING카드 ALLDAY모드,2025-12,1154460,13,1,,0,1,11770,11770,,,,,,
C0240,CARD_D,삼성카드 삼성 iD SELECT ALL 카드,2025-12,23800,1,0,400000.0,376200,0,0,0,1830.0,1830.0,온라인쇼핑,네이버쇼핑,150300.0,"D카드 SELECT 7% 할인까지 37만 6,200원 남았어요. 이번 주 온라인쇼핑은 D카드로 결제하세요."
C0240,CARD_E,NH농협카드 올바른 FLEX 카드,2025-12,126500,1,0,300000.0,173500,0,0,0,0.0,0.0,온라인쇼핑,네이버쇼핑,150300.0,"E카드 스타벅스 50% 할인까지 17만 3,500원 남았어요. 이번 주 온라인쇼핑은 E카드로 결제하세요."
C0241,CARD_A,신한카드 Mr.Life,2025-12,6191230,11,3,,0,3,23960,23960,,,,,,
C0241,CARD_B,KB국민카드 굿데이카드,2025-12,0,0,0,300000.0,300000,0,0,0,0.0,0.0,외식,스시오마카세,667200.0,B카드 통신비 10% 할인까지 30만 원 남았어요. 이번 주 외식은 B카드로 결제하세요.
C0241,CARD_C,하나카드 MOVING카드 ALLDAY모드,2025-12,0,0,1,,0,1,0,0,,,,,,
C0241,CARD_D,삼성카드 삼성 iD SELECT ALL 카드,2025-12,80700,2,0,400000.0,319300,0,0,0,5560.0,5560.0,외식,스시오마카세,667200.0,"D카드 SELECT 7% 할인까지 31만 9,300원 남았어요. 이번 주 외식은 D카드로 결제하세요."
C0241,CARD_E,NH농협카드 올바른 FLEX 카드,2025-12,0,0,0,300000.0,300000,1,0,0,0.0,0.0,구독료,어도비 Creative Cloud,57700.0,E카드 스타벅스 50% 할인까지 30만 원 남았어요. 이번 주 구독료는 E카드로 결제하세요.
C0242,CARD_A,신한카드 Mr.Life,2025-12,209740,17,0,300000.0,90260,2,1900,0,1900.0,1900.0,편의점,CU,21400.0,A카드 공과금·편의점 10% 할인까지 9만 300원 남았어요. 이번 주 편의점은 A카드로 결제하세요.
C0242,CARD_B,KB국민카드 굿데이카드,2025-12,11300,1,0,300000.0,288700,0,0,0,0.0,0.0,편의점,CU,21400.0,"B카드 통신비 10% 할인까지 28만 8,700원 남았어요. 이번 주 편의점은 B카드로 결제하세요."
C0242,CARD_C,하나카드 MOVING카드 ALLDAY모드,2025-12,0,0,1,,0,1,0,0,,,,,,
C0242,CARD_D,삼성카드 삼성 iD SELECT ALL 카드,2025-12,10100,1,0,400000.0,389900,0,0,0,70.0,70.0,배달 주문,배달의민족,111600.0,"D카드 SELECT 7% 할인까지 38만 9,900원 남았어요. 이번 주 배달 주문은 D카드로 결제하세요."
C0242,CARD_E,NH농협카드 올바른 FLEX 카드,2025-12,0,0,0,300000.0,300000,0,0,0,0.0,0.0,배달 주문,배달의민족,111600.0,E카드 스타벅스 50% 할인까지 30만 원 남았어요. 이번 주 배달 주문은 E카드로 결제하세요.
C0243,CARD_A,신한카드 Mr.Life,2025-12,123900,1,0,300000.0,176100,0,0,0,3000.0,3000.0,장보기,롯데마트,583000.0,"A카드 공과금·편의점 10% 할인까지 17만 6,100원 남았어요. 이번 주말 장보기는 A카드로 결제하세요."
C0243,CARD_B,KB국민카드 굿데이카드,2025-12,41100,1,0,300000.0,258900,0,0,0,0.0,0.0,외식,고깃집,247700.0,"B카드 통신비 10% 할인까지 25만 8,900원 남았어요. 이번 주 외식은 B카드로 결제하세요."
C0243,CARD_C,하나카드 MOVING카드 ALLDAY모드,2025-12,12000,1,1,,0,1,60,60,,,,,,
C0243,CARD_D,삼성카드 삼성 iD SELECT ALL 카드,2025-12,2122230,20,3,,0,3,29860,29860,,,,,,
C0243,CARD_E,NH농협카드 올바른 FLEX 카드,2025-12,0,0,0,300000.0,300000,0,0,0,0.0,0.0,교통비,티머니,59800.0,E카드 스타벅스 50% 할인까지 30만 원 남았어요. 이번 주 교통비는 E카드로 결제하세요.
C0244,CARD_A,신한카드 Mr.Life,2025-12,142600,1,0,300000.0,157400,0,0,0,0.0,0.0,장보기,동네마트,321200.0,"A카드 공과금·편의점 10% 할인까지 15만 7,400원 남았어요. 이번 주말 장보기는 A카드로 결제하세요."
C0244,CARD_B,KB국민카드 굿데이카드,2025-12,0,0,0,300000.0,300000,0,0,0,0.0,0.0,교통비,티머니,17300.0,B카드 통신비 10% 할인까지 30만 원 남았어요. 이번 주 교통비는 B카드로 결제하세요.
C0244,CARD_C,하나카드 MOVING카드 ALLDAY모드,2025-12,276000,4,1,,0,1,1380,1380,,,,,,
C0244,CARD_D,삼성카드 삼성 iD SELECT ALL 카드,2025-12,0,0,0,400000.0,400000,0,0,0,0.0,0.0,장보기,동네마트,321200.0,D카드 SELECT 7% 할인까지 40만 원 남았어요. 이번 주말 장보기는 D카드로 결제하세요.
C0244,CARD_E,NH농협카드 올바른 FLEX 카드,2025-12,34320,3,0,300000.0,265680,0,0,0,120.0,120.0,온라인쇼핑,쿠팡,102800.0,"E카드 스타벅스 50% 할인까지 26만 5,700원 남았어요. 이번 주 온라인쇼핑은 E카드로 결제하세요."
C0245,CARD_A,신한카드 Mr.Life,2025-12,1169860,21,3,,0,3,15880,15880,,,,,,
C0245,CARD_B,KB국민카드 굿데이카드,2025-12,0,0,0,300000.0,300000,0,0,0,0.0,0.0,커피,스타벅스,16600.0,B카드 통신비 10% 할인까지 30만 원 남았어요. 이번 주 커피는 B카드로 결제하세요.
C0245,CARD_C,하나카드 MOVING카드 ALLDAY모드,2025-12,2320,1,1,,0,1,10,10,,,,,,
C0245,CARD_D,삼성카드 삼성 iD SELECT ALL 카드,2025-12,0,0,0,400000.0,400000,0,0,0,0.0,0.0,온라인쇼핑,쿠팡,143900.0,D카드 SELECT 7% 할인까지 40만 원 남았어요. 이번 주 온라인쇼핑은 D카드로 결제하세요.
C0245,CARD_E,NH농협카드 올바른 FLEX 카드,2025-12,0,0,0,300000.0,300000,0,0,0,0.0,0.0,커피,스타벅스,16600.0,E카드 스타벅스 50% 할인까지 30만 원 남았어요. 이번 주 커피는 E카드로 결제하세요.
C0246,CARD_A,신한카드 Mr.Life,2025-12,652650,12,2,1000000.0,347350,2,18180,18180,22680.0,4500.0,온라인쇼핑,네이버쇼핑,419200.0,"A카드 할인한도 월 5만 원까지 34만 7,400원 남았어요. 이번 주 온라인쇼핑은 A카드로 결제하세요."
C0246,CARD_B,KB국민카드 굿데이카드,2025-12,0,0,0,300000.0,300000,0,0,0,0.0,0.0,외식,김밥천국,23700.0,B카드 통신비 10% 할인까지 30만 원 남았어요. 이번 주 외식은 B카드로 결제하세요.
C0246,CARD_C,하나카드 MOVING카드 ALLDAY모드,2025-12,0,0,1,,0,1,0,0,,,,,,
C0246,CARD_D,삼성카드 삼성 iD SELECT ALL 카드,2025-12,0,0,0,400000.0,400000,0,0,0,0.0,0.0,온라인쇼핑,네이버쇼핑,419200.0,D카드 SELECT 7% 할인까지 40만 원 남았어요. 이번 주 온라인쇼핑은 D카드로 결제하세요.
C0246,CARD_E,NH농협카드 올바른 FLEX 카드,2025-12,0,0,0,300000.0,300000,1,0,0,0.0,0.0,온라인쇼핑,네이버쇼핑,419200.0,E카드 스타벅스 50% 할인까지 30만 원 남았어요. 이번 주 온라인쇼핑은 E카드로 결제하세요.
C0247,CARD_A,신한카드 Mr.Life,2025-12,0,0,0,300000.0,300000,0,0,0,0.0,0.0,외식,스시오마카세,558600.0,A카드 공과금·편의점 10% 할인까지 30만 원 남았어요. 이번 주 외식은 A카드로 결제하세요.
C0247,CARD_B,KB국민카드 굿데이카드,2025-12,2805670,9,3,,0,3,8000,8000,,,,,,
C0247,CARD_C,하나카드 MOVING카드 ALLDAY모드,2025-12,28500,2,1,,0,1,140,140,,,,,,
C0247,CARD_D,삼성카드 삼성 iD SELECT ALL 카드,2025-12,0,0,0,400000.0,400000,0,0,0,0.0,0.0,외식,스시오마카세,558600.0,D카드 SELECT 7% 할인까지 40만 원 남았어요. 이번 주 외식은 D카드로 결제하세요.
C0247,CARD_E,NH농협카드 올바른 FLEX 카드,2025-12,0,0,0,300000.0,300000,1,0,0,0.0,0.0,구독료,유튜브 프리미엄,44700.0,E카드 스타벅스 50% 할인까지 30만 원 남았어요. 이번 주 구독료는 E카드로 결제하세요.
C0248,CARD_A,신한카드 Mr.Life,2025-12,0,0,0,300000.0,300000,0,0,0,0.0,0.0,장보기,홈플러스,332400.0,A카드 공과금·편의점 10% 할인까지 30만 원 남았어요. 이번 주말 장보기는 A카드로 결제하세요.
C0248,CARD_B,KB국민카드 굿데이카드,2025-12,0,0,0,300000.0,300000,0,0,0,0.0,0.0,외식,동네식당,69900.0,B카드 통신비 10% 할인까지 30만 원 남았어요. 이번 주 외식은 B카드로 결제하세요.
C0248,CARD_C,하나카드 MOVING카드 ALLDAY모드,2025-12,272400,10,1,,0,1,2720,2720,,,,,,
C0248,CARD_D,삼성카드 삼성 iD SELECT ALL 카드,2025-12,0,0,0,400000.0,400000,0,0,0,0.0,0.0,장보기,홈플러스,332400.0,D카드 SELECT 7% 할인까지 40만 원 남았어요. 이번 주말 장보기는 D카드로 결제하세요.
C0248,CARD_E,NH농협카드 올바른 FLEX 카드,2025-12,0,0,0,300000.0,300000,0,0,0,0.0,0.0,배달 주문,배달의민족,21700.0,E카드 스타벅스 50% 할인까지 30만 원 남았어요. 이번 주 배달 주문은 E카드로 결제하세요.
C0249,CARD_A,신한카드 Mr.Life,2025-12,6369100,14,3,,0,3,34310,34310,,,,,,
C0249,CARD_B,KB국민카드 굿데이카드,2025-12,0,0,0,300000.0,300000,0,0,0,0.0,0.0,교통비,주차장,66900.0,B카드 통신비 10% 할인까지 30만 원 남았어요. 이번 주 교통비는 B카드로 결제하세요.
C0249,CARD_C,하나카드 MOVING카드 ALLDAY모드,2025-12,0,0,1,,0,1,0,0,,,,,,
C0249,CARD_D,삼성카드 삼성 iD SELECT ALL 카드,2025-12,45800,1,0,400000.0,354200,0,0,0,3530.0,3530.0,온라인쇼핑,쿠팡,568700.0,"D카드 SELECT 7% 할인까지 35만 4,200원 남았어요. 이번 주 온라인쇼핑은 D카드로 결제하세요."
C0249,CARD_E,NH농협카드 올바른 FLEX 카드,2025-12,0,0,0,300000.0,300000,1,0,0,0.0,0.0,교통비,주차장,66900.0,E카드 스타벅스 50% 할인까지 30만 원 남았어요. 이번 주 교통비는 E카드로 결제하세요.
C0250,CARD_A,신한카드 Mr.Life,2025-12,3260200,10,3,,0,3,10130,10130,,,,,,
C0250,CARD_B,KB국민카드 굿데이카드,2025-12,0,0,0,300000.0,300000,2,0,0,0.0,0.0,외식,김밥천국,85600.0,B카드 통신비 10% 할인까지 30만 원 남았어요. 이번 주 외식은 B카드로 결제하세요.
C0250,CARD_C,하나카드 MOVING카드 ALLDAY모드,2025-12,20100,1,1,,0,1,100,100,,,,,,
C0250,CARD_D,삼성카드 삼성 iD SELECT ALL 카드,2025-12,783400,1,1,800000.0,16600,0,0,12480,15480.0,3000.0,외식,김밥천국,85600.0,"D카드 SELECT 한도 월 1만 원까지 1만 6,600원 남았어요. 이번 주 외식은 D카드로 결제하세요."
C0250,CARD_E,NH농협카드 올바른 FLEX 카드,2025-12,0,0,0,300000.0,300000,0,0,0,0.0,0.0,커피,컴포즈커피,19700.0,E카드 스타벅스 50% 할인까지 30만 원 남았어요. 이번 주 커피는 E카드로 결제하세요.
C0251,CARD_A,신한카드 Mr.Life,2025-12,54400,1,0,300000.0,245600,0,0,0,0.0,0.0,장보기,이마트,330300.0,"A카드 공과금·편의점 10% 할인까지 24만 5,600원 남았어요. 이번 주말 장보기는 A카드로 결제하세요."
C0251,CARD_B,KB국민카드 굿데이카드,2025-12,0,0,0,300000.0,300000,0,0,0,0.0,0.0,외식,동네식당,23800.0,B카드 통신비 10% 할인까지 30만 원 남았어요. 이번 주 외식은 B카드로 결제하세요.
C0251,CARD_C,하나카드 MOVING카드 ALLDAY모드,2025-12,318840,8,1,,0,1,2930,2930,,,,,,
C0251,CARD_D,삼성카드 삼성 iD SELECT ALL 카드,2025-12,37300,1,0,400000.0,362700,0,0,0,2870.0,2870.0,장보기,이마트,330300.0,"D카드 SELECT 7% 할인까지 36만 2,700원 남았어요. 이번 주말 장보기는 D카드로 결제하세요."
C0251,CARD_E,NH농협카드 올바른 FLEX 카드,2025-12,81900,1,0,300000.0,218100,0,0,0,0.0,0.0,온라인쇼핑,G마켓,65200.0,"E카드 스타벅스 50% 할인까지 21만 8,100원 남았어요. 이번 주 온라인쇼핑은 E카드로 결제하세요."
C0252,CARD_A,신한카드 Mr.Life,2025-12,204020,8,0,300000.0,95980,2,1810,0,1810.0,1810.0,외식,동네식당,81100.0,"A카드 공과금·편의점 10% 할인까지 9만 6,000원 남았어요. 이번 주 외식은 A카드로 결제하세요."
C0252,CARD_B,KB국민카드 굿데이카드,2025-12,187700,1,0,300000.0,112300,0,0,0,0.0,0.0,외식,동네식당,81100.0,"B카드 통신비 10% 할인까지 11만 2,300원 남았어요. 이번 주 외식은 B카드로 결제하세요."
C0252,CARD_C,하나카드 MOVING카드 ALLDAY모드,2025-12,241830,2,1,,0,1,1210,1210,,,,,,
C0252,CARD_D,삼성카드 삼성 iD SELECT ALL 카드,2025-12,98600,2,0,400000.0,301400,0,0,0,7330.0,7330.0,외식,동네식당,81100.0,"D카드 SELECT 7% 할인까지 30만 1,400원 남았어요. 이번 주 외식은 D카드로 결제하세요."
C0252,CARD_E,NH농협카드 올바른 FLEX 카드,2025-12,0,0,0,300000.0,300000,0,0,0,0.0,0.0,온라인쇼핑,올리브영온라인,25600.0,E카드 스타벅스 50% 할인까지 30만 원 남았어요. 이번 주 온라인쇼핑은 E카드로 결제하세요.
C0253,CARD_A,신한카드 Mr.Life,2025-12,0,0,0,300000.0,300000,0,0,0,0.0,0.0,외식,한식뷔페,146300.0,A카드 공과금·편의점 10% 할인까지 30만 원 남았어요. 이번 주 외식은 A카드로 결제하세요.
C0253,CARD_B,KB국민카드 굿데이카드,2025-12,14100,1,0,300000.0,285900,0,0,0,0.0,0.0,외식,한식뷔페,146300.0,"B카드 통신비 10% 할인까지 28만 5,900원 남았어요. 이번 주 외식은 B카드로 결제하세요."
C0253,CARD_C,하나카드 MOVING카드 ALLDAY모드,2025-12,65000,1,1,,0,1,320,320,,,,,,
C0253,CARD_D,삼성카드 삼성 iD SELECT ALL 카드,2025-12,58900,3,0,400000.0,341100,0,0,0,3000.0,3000.0,배달 주문,쿠팡이츠,187000.0,"D카드 SELECT 7% 할인까지 34만 1,100원 남았어요. 이번 주 배달 주문은 D카드로 결제하세요."
C0253,CARD_E,NH농협카드 올바른 FLEX 카드,2025-12,416180,16,1,,0,1,7310,7310,,,,,,
C0254,CARD_A,신한카드 Mr.Life,2025-12,392870,13,1,500000.0,107130,3,14700,6250,11700.0,5450.0,장보기,이마트,182600.0,"A카드 할인한도 월 3.4만 원까지 10만 7,100원 남았어요. 이번 주말 장보기는 A카드로 결제하세요."
C0254,CARD_B,KB국민카드 굿데이카드,2025-12,9730,1,0,300000.0,290270,0,0,0,0.0,0.0,교통비,티머니,19600.0,B카드 통신비 10% 할인까지 29만 300원 남았어요. 이번 주 교통비는 B카드로 결제하세요.
C0254,CARD_C,하나카드 MOVING카드 ALLDAY모드,2025-12,106500,1,1,,0,1,530,530,,,,,,
C0254,CARD_D,삼성카드 삼성 iD SELECT ALL 카드,2025-12,113500,2,0,400000.0,286500,0,0,0,7790.0,7790.0,생활용품 구매,하이마트,4736600.0,"D카드 SELECT 7% 할인까지 28만 6,500원 남았어요. 이번 주말 생활용품 구매는 D카드로 결제하세요."
C0254,CARD_E,NH농협카드 올바른 FLEX 카드,2025-12,17500,1,0,300000.0,282500,0,0,0,0.0,0.0,교통비,티머니,19600.0,"E카드 스타벅스 50% 할인까지 28만 2,500원 남았어요. 이번 주 교통비는 E카드로 결제하세요."
C0255,CARD_A,신한카드 Mr.Life,2025-12,723760,15,2,1000000.0,276240,2,7680,7680,10680.0,3000.0,커피,이디야커피,20600.0,"A카드 할인한도 월 5만 원까지 27만 6,200원 남았어요. 이번 주 커피는 A카드로 결제하세요."
C0255,CARD_B,KB국민카드 굿데이카드,2025-12,0,0,0,300000.0,300000,0,0,0,0.0,0.0,커피,이디야커피,20600.0,B카드 통신비 10% 할인까지 30만 원 남았어요. 이번 주 커피는 B카드로 결제하세요.
C0255,CARD_C,하나카드 MOVING카드 ALLDAY모드,2025-12,314300,2,1,,0,1,1570,1570,,,,,,
C0255,CARD_D,삼성카드 삼성 iD SELECT ALL 카드,2025-12,71600,2,0,400000.0,328400,0,0,0,500.0,500.0,외식,김밥천국,126600.0,"D카드 SELECT 7% 할인까지 32만 8,400원 남았어요. 이번 주 외식은 D카드로 결제하세요."
C0255,CARD_E,NH농협카드 올바른 FLEX 카드,2025-12,4500,1,0,300000.0,295500,0,0,0,0.0,0.0,커피,이디야커피,20600.0,"E카드 스타벅스 50% 할인까지 29만 5,500원 남았어요. 이번 주 커피는 E카드로 결제하세요."
C0256,CARD_A,신한카드 Mr.Life,2025-12,450610,6,1,500000.0,49390,3,13310,11310,13310.0,2000.0,장보기,이마트,229000.0,"A카드 할인한도 월 3.4만 원까지 4만 9,400원 남았어요. 이번 주말 장보기는 A카드로 결제하세요."
C0256,CARD_B,KB국민카드 굿데이카드,2025-12,0,0,0,300000.0,300000,0,0,0,0.0,0.0,커피,메가MGC커피,10500.0,B카드 통신비 10% 할인까지 30만 원 남았어요. 이번 주 커피는 B카드로 결제하세요.
C0256,CARD_C,하나카드 MOVING카드 ALLDAY모드,2025-12,0,0,1,,0,1,0,0,,,,,,
C0256,CARD_D,삼성카드 삼성 iD SELECT ALL 카드,2025-12,0,0,0,400000.0,400000,0,0,0,0.0,0.0,장보기,이마트,229000.0,D카드 SELECT 7% 할인까지 40만 원 남았어요. 이번 주말 장보기는 D카드로 결제하세요.
C0256,CARD_E,NH농협카드 올바른 FLEX 카드,2025-12,0,0,0,300000.0,300000,0,0,0,0.0,0.0,커피,메가MGC커피,10500.0,E카드 스타벅스 50% 할인까지 30만 원 남았어요. 이번 주 커피는 E카드로 결제하세요.
C0257,CARD_A,신한카드 Mr.Life,2025-12,286850,24,0,300000.0,13150,1,6060,0,6060.0,6060.0,편의점,GS25,48400.0,"A카드 공과금·편의점 10% 할인까지 1만 3,200원 남았어요. 이번 주 편의점은 A카드로 결제하세요."
C0257,CARD_B,KB국민카드 굿데이카드,2025-12,10100,1,0,300000.0,289900,0,0,0,0.0,0.0,편의점,GS25,48400.0,"B카드 통신비 10% 할인까지 28만 9,900원 남았어요. 이번 주 편의점은 B카드로 결제하세요."
C0257,CARD_C,하나카드 MOVING카드 ALLDAY모드,2025-12,164200,2,1,,0,1,820,820,,,,,,
C0257,CARD_D,삼성카드 삼성 iD SELECT ALL 카드,2025-12,0,0,0,400000.0,400000,0,0,0,0.0,0.0,편의점,GS25,48400.0,D카드 SELECT 7% 할인까지 40만 원 남았어요. 이번 주 편의점은 D카드로 결제하세요.
C0257,CARD_E,NH농협카드 올바른 FLEX 카드,2025-12,20200,1,0,300000.0,279800,0,0,0,2020.0,2020.0,편의점,GS25,48400.0,"E카드 스타벅스 50% 할인까지 27만 9,800원 남았어요. 이번 주 편의점은 E카드로 결제하세요."
C0258,CARD_A,신한카드 Mr.Life,2025-12,0,0,0,300000.0,300000,0,0,0,0.0,0.0,외식,파인다이닝 레스토랑,97700.0,A카드 공과금·편의점 10% 할인까지 30만 원 남았어요. 이번 주 외식은 A카드로 결제하세요.
C0258,CARD_B,KB국민카드 굿데이카드,2025-12,0,0,0,300000.0,300000,0,0,0,0.0,0.0,외식,파인다이닝 레스토랑,97700.0,B카드 통신비 10% 할인까지 30만 원 남았어요. 이번 주 외식은 B카드로 결제하세요.
C0258,CARD_C,하나카드 MOVING카드 ALLDAY모드,2025-12,0,0,1,,0,1,0,0,,,,,,
C0258,CARD_D,삼성카드 삼성 iD SELECT ALL 카드,2025-12,155600,1,0,400000.0,244400,0,0,0,7000.0,7000.0,외식,파인다이닝 레스토랑,97700.0,"D카드 SELECT 7% 할인까지 24만 4,400원 남았어요. 이번 주 외식은 D카드로 결제하세요."
C0258,CARD_E,NH농협카드 올바른 FLEX 카드,2025-12,53170,3,0,300000.0,246830,1,0,0,0.0,0.0,커피,스타벅스,6800.0,"E카드 스타벅스 50% 할인까지 24만 6,800원 남았어요. 이번 주 커피는 E카드로 결제하세요."
C0259,CARD_A,신한카드 Mr.Life,2025-12,80400,1,0,300000.0,219600,0,0,0,8040.0,8040.0,온라인쇼핑,쿠팡,160400.0,"A카드 공과금·편의점 10% 할인까지 21만 9,600원 남았어요. 이번 주 온라인쇼핑은 A카드로 결제하세요."
C0259,CARD_B,KB국민카드 굿데이카드,2025-12,0,0,0,300000.0,300000,2,0,0,0.0,0.0,커피,스타벅스,18800.0,B카드 통신비 10% 할인까지 30만 원 남았어요. 이번 주 커피는 B카드로 결제하세요.
C0259,CARD_C,하나카드 MOVING카드 ALLDAY모드,2025-12,46900,1,1,,0,1,230,230,,,,,,
C0259,CARD_D,삼성카드 삼성 iD SELECT ALL 카드,2025-12,58100,2,0,400000.0,341900,0,0,0,2980.0,2980.0,온라인쇼핑,쿠팡,160400.0,"D카드 SELECT 7% 할인까지 34만 1,900원 남았어요. 이번 주 온라인쇼핑은 D카드로 결제하세요."
C0259,CARD_E,NH농협카드 올바른 FLEX 카드,2025-12,897640,14,1,,0,1,6880,6880,,,,,,
C0260,CARD_A,신한카드 Mr.Life,2025-12,1826600,8,3,,0,3,5000,5000,,,,,,
C0260,CARD_B,KB국민카드 굿데이카드,2025-12,0,0,0,300000.0,300000,0,0,0,0.0,0.0,외식,동네식당,578400.0,B카드 통신비 10% 할인까지 30만 원 남았어요. 이번 주 외식은 B카드로 결제하세요.
C0260,CARD_C,하나카드 MOVING카드 ALLDAY모드,2025-12,0,0,1,,0,1,0,0,,,,,,
C0260,CARD_D,삼성카드 삼성 iD SELECT ALL 카드,2025-12,0,0,0,400000.0,400000,0,0,0,0.0,0.0,외식,동네식당,578400.0,D카드 SELECT 7% 할인까지 40만 원 남았어요. 이번 주 외식은 D카드로 결제하세요.
C0260,CARD_E,NH농협카드 올바른 FLEX 카드,2025-12,917500,2,1,,0,0,0,0,,,,,,
C0261,CARD_A,신한카드 Mr.Life,2025-12,75700,2,0,300000.0,224300,0,0,0,0.0,0.0,편의점,CU,13100.0,"A카드 공과금·편의점 10% 할인까지 22만 4,300원 남았어요. 이번 주 편의점은 A카드로 결제하세요."
C0261,CARD_B,KB국민카드 굿데이카드,2025-12,0,0,0,300000.0,300000,0,0,0,0.0,0.0,편의점,CU,13100.0,B카드 통신비 10% 할인까지 30만 원 남았어요. 이번 주 편의점은 B카드로 결제하세요.
C0261,CARD_C,하나카드 MOVING카드 ALLDAY모드,2025-12,52840,2,1,,0,1,260,260,,,,,,
C0261,CARD_D,삼성카드 삼성 iD SELECT ALL 카드,2025-12,0,0,0,400000.0,400000,0,0,0,0.0,0.0,편의점,CU,13100.0,D카드 SELECT 7% 할인까지 40만 원 남았어요. 이번 주 편의점은 D카드로 결제하세요.
C0261,CARD_E,NH농협카드 올바른 FLEX 카드,2025-12,204950,6,0,300000.0,95050,1,230,0,230.0,230.0,편의점,CU,13100.0,"E카드 스타벅스 50% 할인까지 9만 5,000원 남았어요. 이번 주 편의점은 E카드로 결제하세요."
C0262,CARD_A,신한카드 Mr.Life,2025-12,2299460,16,3,,0,3,22070,22070,,,,,,
C0262,CARD_B,KB국민카드 굿데이카드,2025-12,0,0,0,300000.0,300000,1,0,0,0.0,0.0,외식,김밥천국,105200.0,B카드 통신비 10% 할인까지 30만 원 남았어요. 이번 주 외식은 B카드로 결제하세요.
C0262,CARD_C,하나카드 MOVING카드 ALLDAY모드,2025-12,56600,1,1,,0,1,280,280,,,,,,
C0262,CARD_D,삼성카드 삼성 iD SELECT ALL 카드,2025-12,0,0,0,400000.0,400000,0,0,0,0.0,0.0,온라인쇼핑,쿠팡,570300.0,D카드 SELECT 7% 할인까지 40만 원 남았어요. 이번 주 온라인쇼핑은 D카드로 결제하세요.
C0262,CARD_E,NH농협카드 올바른 FLEX 카드,2025-12,0,0,0,300000.0,300000,0,0,0,0.0,0.0,온라인쇼핑,쿠팡,570300.0,E카드 스타벅스 50% 할인까지 30만 원 남았어요. 이번 주 온라인쇼핑은 E카드로 결제하세요.
C0263,CARD_A,신한카드 Mr.Life,2025-12,1326470,20,3,,0,3,12890,12890,,,,,,
C0263,CARD_B,KB국민카드 굿데이카드,2025-12,125000,2,0,300000.0,175000,0,0,0,0.0,0.0,외식,한식뷔페,51900.0,"B카드 통신비 10% 할인까지 17만 5,000원 남았어요. 이번 주 외식은 B카드로 결제하세요."
C0263,CARD_C,하나카드 MOVING카드 ALLDAY모드,2025-12,21900,1,1,,0,1,110,110,,,,,,
C0263,CARD_D,삼성카드 삼성 iD SELECT ALL 카드,2025-12,2720,1,0,400000.0,397280,0,0,0,210.0,210.0,장보기,쿠팡프레시,909300.0,"D카드 SELECT 7% 할인까지 39만 7,300원 남았어요. 이번 주말 장보기는 D카드로 결제하세요."
C0263,CARD_E,NH농협카드 올바른 FLEX 카드,2025-12,18800,1,0,300000.0,281200,0,0,0,1880.0,1880.0,온라인쇼핑,올리브영온라인,80800.0,"E카드 스타벅스 50% 할인까지 28만 1,200원 남았어요. 이번 주 온라인쇼핑은 E카드로 결제하세요."
C0264,CARD_A,신한카드 Mr.Life,2025-12,579060,14,2,1000000.0,420940,3,10450,10450,10450.0,0.0,커피,스타벅스,21000.0,A카드 할인한도 월 5만 원까지 42만 900원 남았어요. 이번 주 커피는 A카드로 결제하세요.
C0264,CARD_B,KB국민카드 굿데이카드,2025-12,36000,1,0,300000.0,264000,0,0,0,0.0,0.0,커피,스타벅스,21000.0,"B카드 통신비 10% 할인까지 26만 4,000원 남았어요. 이번 주 커피는 B카드로 결제하세요."
C0264,CARD_C,하나카드 MOVING카드 ALLDAY모드,2025-12,0,0,1,,0,1,0,0,,,,,,
C0264,CARD_D,삼성카드 삼성 iD SELECT ALL 카드,2025-12,38600,3,0,400000.0,361400,0,0,0,6380.0,6380.0,구독료,마이크로소프트 365,89000.0,"D카드 SELECT 7% 할인까지 36만 1,400원 남았어요. 이번 주 구독료는 D카드로 결제하세요."
C0264,CARD_E,NH농협카드 올바른 FLEX 카드,2025-12,0,0,0,300000.0,300000,0,0,0,0.0,0.0,구독료,마이크로소프트 365,89000.0,E카드 스타벅스 50% 할인까지 30만 원 남았어요. 이번 주 구독료는 E카드로 결제하세요.
C0265,CARD_A,신한카드 Mr.Life,2025-12,5040,1,0,300000.0,294960,1,0,0,0.0,0.0,외식,파인다이닝 레스토랑,496600.0,"A카드 공과금·편의점 10% 할인까지 29만 5,000원 남았어요. 이번 주 외식은 A카드로 결제하세요."
C0265,CARD_B,KB국민카드 굿데이카드,2025-12,0,0,0,300000.0,300000,0,0,0,0.0,0.0,외식,파인다이닝 레스토랑,496600.0,B카드 통신비 10% 할인까지 30만 원 남았어요. 이번 주 외식은 B카드로 결제하세요.
C0265,CARD_C,하나카드 MOVING카드 ALLDAY모드,2025-12,0,0,1,,0,1,0,0,,,,,,
C0265,CARD_D,삼성카드 삼성 iD SELECT ALL 카드,2025-12,0,0,0,400000.0,400000,0,0,0,0.0,0.0,외식,파인다이닝 레스토랑,496600.0,D카드 SELECT 7% 할인까지 40만 원 남았어요. 이번 주 외식은 D카드로 결제하세요.
C0265,CARD_E,NH농협카드 올바른 FLEX 카드,2025-12,1328700,11,1,,0,1,7740,7740,,,,,,
C0266,CARD_A,신한카드 Mr.Life,2025-12,0,0,0,300000.0,300000,0,0,0,0.0,0.0,장보기,하나로마트,290700.0,A카드 공과금·편의점 10% 할인까지 30만 원 남았어요. 이번 주말 장보기는 A카드로 결제하세요.
C0266,CARD_B,KB국민카드 굿데이카드,2025-12,444120,12,1,600000.0,155880,3,6060,3890,6060.0,2170.0,외식,서브웨이,24000.0,"B카드 외식·커피 10% 할인까지 15만 5,900원 남았어요. 이번 주 외식은 B카드로 결제하세요."
C0266,CARD_C,하나카드 MOVING카드 ALLDAY모드,2025-12,73000,1,1,,0,1,360,360,,,,,,
C0266,CARD_D,삼성카드 삼성 iD SELECT ALL 카드,2025-12,25200,2,0,400000.0,374800,0,0,0,1180.0,1180.0,구독료,유튜브 프리미엄,40400.0,"D카드 SELECT 7% 할인까지 37만 4,800원 남았어요. 이번 주 구독료는 D카드로 결제하세요."
C0266,CARD_E,NH농협카드 올바른 FLEX 카드,2025-12,0,0,0,300000.0,300000,0,0,0,0.0,0.0,구독료,유튜브 프리미엄,40400.0,E카드 스타벅스 50% 할인까지 30만 원 남았어요. 이번 주 구독료는 E카드로 결제하세요.
C0267,CARD_A,신한카드 Mr.Life,2025-12,8020,1,0,300000.0,291980,0,0,0,0.0,0.0,커피,스타벅스,39800.0,"A카드 공과금·편의점 10% 할인까지 29만 2,000원 남았어요. 이번 주 커피는 A카드로 결제하세요."
C0267,CARD_B,KB국민카드 굿데이카드,2025-12,0,0,0,300000.0,300000,0,0,0,0.0,0.0,커피,스타벅스,39800.0,B카드 통신비 10% 할인까지 30만 원 남았어요. 이번 주 커피는 B카드로 결제하세요.
C0267,CARD_C,하나카드 MOVING카드 ALLDAY모드,2025-12,42500,1,1,,0,1,210,210,,,,,,
C0267,CARD_D,삼성카드 삼성 iD SELECT ALL 카드,2025-12,898030,19,2,1200000.0,301970,3,25230,20230,25230.0,5000.0,외식,한식뷔페,214700.0,"D카드 SELECT 한도 월 1.5만 원까지 30만 2,000원 남았어요. 이번 주 외식은 D카드로 결제하세요."
C0267,CARD_E,NH농협카드 올바른 FLEX 카드,2025-12,0,0,0,300000.0,300000,0,0,0,0.0,0.0,커피,스타벅스,39800.0,E카드 스타벅스 50% 할인까지 30만 원 남았어요. 이번 주 커피는 E카드로 결제하세요.
C0268,CARD_A,신한카드 Mr.Life,2025-12,3494900,14,3,,0,3,4400,4400,,,,,,
C0268,CARD_B,KB국민카드 굿데이카드,2025-12,0,0,0,300000.0,300000,0,0,0,0.0,0.0,외식,맘스터치,164100.0,B카드 통신비 10% 할인까지 30만 원 남았어요. 이번 주 외식은 B카드로 결제하세요.
C0268,CARD_C,하나카드 MOVING카드 ALLDAY모드,2025-12,531300,2,1,,0,1,2660,2660,,,,,,
C0268,CARD_D,삼성카드 삼성 iD SELECT ALL 카드,2025-12,0,0,0,400000.0,400000,0,0,0,0.0,0.0,온라인쇼핑,쿠팡,145800.0,D카드 SELECT 7% 할인까지 40만 원 남았어요. 이번 주 온라인쇼핑은 D카드로 결제하세요.
C0268,CARD_E,NH농협카드 올바른 FLEX 카드,2025-12,10900,1,0,300000.0,289100,0,0,0,2180.0,2180.0,온라인쇼핑,쿠팡,145800.0,"E카드 스타벅스 50% 할인까지 28만 9,100원 남았어요. 이번 주 온라인쇼핑은 E카드로 결제하세요."
C0269,CARD_A,신한카드 Mr.Life,2025-12,22840,2,0,300000.0,277160,0,0,0,0.0,0.0,커피,메가MGC커피,33100.0,"A카드 공과금·편의점 10% 할인까지 27만 7,200원 남았어요. 이번 주 커피는 A카드로 결제하세요."
C0269,CARD_B,KB국민카드 굿데이카드,2025-12,25190,3,0,300000.0,274810,0,0,0,0.0,0.0,커피,메가MGC커피,33100.0,"B카드 통신비 10% 할인까지 27만 4,800원 남았어요. 이번 주 커피는 B카드로 결제하세요."
C0269,CARD_C,하나카드 MOVING카드 ALLDAY모드,2025-12,650220,15,1,,0,1,3490,3490,,,,,,
C0269,CARD_D,삼성카드 삼성 iD SELECT ALL 카드,2025-12,245740,3,0,400000.0,154260,0,0,0,3090.0,3090.0,배달 주문,배달의민족,70900.0,"D카드 SELECT 7% 할인까지 15만 4,300원 남았어요. 이번 주 배달 주문은 D카드로 결제하세요."
C0269,CARD_E,NH농협카드 올바른 FLEX 카드,2025-12,0,0,0,300000.0,300000,0,0,0,0.0,0.0,커피,메가MGC커피,33100.0,E카드 스타벅스 50% 할인까지 30만 원 남았어요. 이번 주 커피는 E카드로 결제하세요.
C0270,CARD_A,신한카드 Mr.Life,2025-12,337980,11,1,500000.0,162020,2,5040,5040,5040.0,0.0,외식,한식뷔페,35600.0,"A카드 할인한도 월 3.4만 원까지 16만 2,000원 남았어요. 이번 주 외식은 A카드로 결제하세요."
C0270,CARD_B,KB국민카드 굿데이카드,2025-12,0,0,0,300000.0,300000,0,0,0,0.0,0.0,외식,한식뷔페,35600.0,B카드 통신비 10% 할인까지 30만 원 남았어요. 이번 주 외식은 B카드로 결제하세요.
C0270,CARD_C,하나카드 MOVING카드 ALLDAY모드,2025-12,0,0,1,,0,1,0,0,,,,,,
C0270,CARD_D,삼성카드 삼성 iD SELECT ALL 카드,2025-12,0,0,0,400000.0,400000,0,0,0,0.0,0.0,구독료,유튜브 프리미엄,91200.0,D카드 SELECT 7% 할인까지 40만 원 남았어요. 이번 주 구독료는 D카드로 결제하세요.
C0270,CARD_E,NH농협카드 올바른 FLEX 카드,2025-12,4240,1,0,300000.0,295760,0,0,0,0.0,0.0,구독료,유튜브 프리미엄,91200.0,"E카드 스타벅스 50% 할인까지 29만 5,800원 남았어요. 이번 주 구독료는 E카드로 결제하세요."
C0271,CARD_A,신한카드 Mr.Life,2025-12,129090,8,0,300000.0,170910,1,4460,0,4460.0,4460.0,편의점,GS25,11600.0,A카드 공과금·편의점 10% 할인까지 17만 900원 남았어요. 이번 주 편의점은 A카드로 결제하세요.
C0271,CARD_B,KB국민카드 굿데이카드,2025-12,0,0,0,300000.0,300000,0,0,0,0.0,0.0,편의점,GS25,11600.0,B카드 통신비 10% 할인까지 30만 원 남았어요. 이번 주 편의점은 B카드로 결제하세요.
C0271,CARD_C,하나카드 MOVING카드 ALLDAY모드,2025-12,6650,1,1,,0,1,30,30,,,,,,
C0271,CARD_D,삼성카드 삼성 iD SELECT ALL 카드,2025-12,10000,1,0,400000.0,390000,0,0,0,770.0,770.0,편의점,GS25,11600.0,D카드 SELECT 7% 할인까지 39만 원 남았어요. 이번 주 편의점은 D카드로 결제하세요.
C0272,CARD_A,신한카드 Mr.Life,2025-12,382720,7,1,500000.0,117280,2,1760,1760,1760.0,0.0,외식,한식뷔페,98400.0,"A카드 할인한도 월 3.4만 원까지 11만 7,300원 남았어요. 이번 주 외식은 A카드로 결제하세요."
C0272,CARD_B,KB국민카드 굿데이카드,2025-12,0,0,0,300000.0,300000,0,0,0,0.0,0.0,외식,한식뷔페,98400.0,B카드 통신비 10% 할인까지 30만 원 남았어요. 이번 주 외식은 B카드로 결제하세요.
C0272,CARD_C,하나카드 MOVING카드 ALLDAY모드,2025-12,168900,1,1,,0,1,840,840,,,,,,
C0272,CARD_D,삼성카드 삼성 iD SELECT ALL 카드,2025-12,0,0,0,400000.0,400000,0,0,0,0.0,0.0,외식,한식뷔페,98400.0,D카드 SELECT 7% 할인까지 40만 원 남았어요. 이번 주 외식은 D카드로 결제하세요.
C0272,CARD_E,NH농협카드 올바른 FLEX 카드,2025-12,0,0,0,300000.0,300000,0,0,0,0.0,0.0,편의점,CU,14000.0,E카드 스타벅스 50% 할인까지 30만 원 남았어요. 이번 주 편의점은 E카드로 결제하세요.
C0273,CARD_A,신한카드 Mr.Life,2025-12,367420,8,1,500000.0,132580,2,5890,3890,5890.0,2000.0,외식,동네식당,22300.0,"A카드 할인한도 월 3.4만 원까지 13만 2,600원 남았어요. 이번 주 외식은 A카드로 결제하세요."
C0273,CARD_B,KB국민카드 굿데이카드,2025-12,0,0,0,300000.0,300000,0,0,0,0.0,0.0,외식,동네식당,22300.0,B카드 통신비 10% 할인까지 30만 원 남았어요. 이번 주 외식은 B카드로 결제하세요.
C0273,CARD_C,하나카드 MOVING카드 ALLDAY모드,2025-12,0,0,1,,0,1,0,0,,,,,,
C0273,CARD_D,삼성카드 삼성 iD SELECT ALL 카드,2025-12,0,0,0,400000.0,400000,0,0,0,0.0,0.0,구독료,마이크로소프트 365,25900.0,D카드 SELECT 7% 할인까지 40만 원 남았어요. 이번 주 구독료는 D카드로 결제하세요.
C0273,CARD_E,NH농협카드 올바른 FLEX 카드,2025-12,0,0,0,300000.0,300000,0,0,0,0.0,0.0,구독료,마이크로소프트 365,25900.0,E카드 스타벅스 50% 할인까지 30만 원 남았어요. 이번 주 구독료는 E카드로 결제하세요.
C0274,CARD_A,신한카드 Mr.Life,2025-12,0,0,0,300000.0,300000,0,0,0,0.0,0.0,외식,김밥천국,56900.0,A카드 공과금·편의점 10% 할인까지 30만 원 남았어요. 이번 주 외식은 A카드로 결제하세요.
C0274,CARD_B,KB국민카드 굿데이카드,2025-12,414580,11,1,600000.0,185420,2,12270,7270,12270.0,5000.0,외식,김밥천국,56900.0,"B카드 외식·커피 10% 할인까지 18만 5,400원 남았어요. 이번 주 외식은 B카드로 결제하세요."
C0274,CARD_C,하나카드 MOVING카드 ALLDAY모드,2025-12,0,0,1,,0,1,0,0,,,,,,
C0274,CARD_D,삼성카드 삼성 iD SELECT ALL 카드,2025-12,2080,1,0,400000.0,397920,0,0,0,160.0,160.0,외식,김밥천국,56900.0,"D카드 SELECT 7% 할인까지 39만 7,900원 남았어요. 이번 주 외식은 D카드로 결제하세요."
C0274,CARD_E,NH농협카드 올바른 FLEX 카드,2025-12,2530,1,0,300000.0,297470,0,0,0,0.0,0.0,커피,컴포즈커피,3900.0,"E카드 스타벅스 50% 할인까지 29만 7,500원 남았어요. 이번 주 커피는 E카드로 결제하세요."
C0275,CARD_A,신한카드 Mr.Life,2025-12,217000,2,0,300000.0,83000,0,0,0,0.0,0.0,병원·약국,정형외과,166400.0,"A카드 공과금·편의점 10% 할인까지 8만 3,000원 남았어요. 이번 주 병원·약국은 A카드로 결제하세요."
C0275,CARD_B,KB국민카드 굿데이카드,2025-12,0,0,0,300000.0,300000,0,0,0,0.0,0.0,외식,동네식당,123500.0,B카드 통신비 10% 할인까지 30만 원 남았어요. 이번 주 외식은 B카드로 결제하세요.
C0275,CARD_C,하나카드 MOVING카드 ALLDAY모드,2025-12,73200,2,1,,0,1,370,370,,,,,,
C0275,CARD_D,삼성카드 삼성 iD SELECT ALL 카드,2025-12,3313400,17,3,,0,2,38190,43190,,,,,,
C0275,CARD_E,NH농협카드 올바른 FLEX 카드,2025-12,62700,1,0,300000.0,237300,0,0,0,3140.0,3140.0,구독료,디즈니플러스,37700.0,"E카드 스타벅스 50% 할인까지 23만 7,300원 남았어요. 이번 주 구독료는 E카드로 결제하세요."
C0276,CARD_A,신한카드 Mr.Life,2025-12,2507800,15,3,,0,3,15700,15700,,,,,,
C0276,CARD_B,KB국민카드 굿데이카드,2025-12,0,0,0,300000.0,300000,0,0,0,0.0,0.0,외식,한식뷔페,212400.0,B카드 통신비 10% 할인까지 30만 원 남았어요. 이번 주 외식은 B카드로 결제하세요.
C0276,CARD_C,하나카드 MOVING카드 ALLDAY모드,2025-12,0,0,1,,0,1,0,0,,,,,,
C0276,CARD_D,삼성카드 삼성 iD SELECT ALL 카드,2025-12,0,0,0,400000.0,400000,0,0,0,0.0,0.0,장보기,이마트,641300.0,D카드 SELECT 7% 할인까지 40만 원 남았어요. 이번 주말 장보기는 D카드로 결제하세요.
C0276,CARD_E,NH농협카드 올바른 FLEX 카드,2025-12,0,0,0,300000.0,300000,0,0,0,0.0,0.0,편의점,GS25,33400.0,E카드 스타벅스 50% 할인까지 30만 원 남았어요. 이번 주 편의점은 E카드로 결제하세요.
C0277,CARD_A,신한카드 Mr.Life,2025-12,3667380,18,3,,0,3,7730,7730,,,,,,
C0277,CARD_B,KB국민카드 굿데이카드,2025-12,40300,1,0,300000.0,259700,0,0,0,0.0,0.0,외식,동네식당,239200.0,"B카드 통신비 10% 할인까지 25만 9,700원 남았어요. 이번 주 외식은 B카드로 결제하세요."
C0277,CARD_C,하나카드 MOVING카드 ALLDAY모드,2025-12,25270,2,1,,0,1,130,130,,,,,,
C0277,CARD_D,삼성카드 삼성 iD SELECT ALL 카드,2025-12,52600,1,0,400000.0,347400,0,0,0,4050.0,4050.0,외식,동네식당,239200.0,"D카드 SELECT 7% 할인까지 34만 7,400원 남았어요. 이번 주 외식은 D카드로 결제하세요."
C0277,CARD_E,NH농협카드 올바른 FLEX 카드,2025-12,0,0,0,300000.0,300000,0,0,0,0.0,0.0,커피,메가MGC커피,24600.0,E카드 스타벅스 50% 할인까지 30만 원 남았어요. 이번 주 커피는 E카드로 결제하세요.
C0278,CARD_A,신한카드 Mr.Life,2025-12,0,0,0,300000.0,300000,0,0,0,0.0,0.0,편의점,CU,20000.0,A카드 공과금·편의점 10% 할인까지 30만 원 남았어요. 이번 주 편의점은 A카드로 결제하세요.
C0278,CARD_B,KB국민카드 굿데이카드,2025-12,0,0,0,300000.0,300000,0,0,0,0.0,0.0,편의점,CU,20000.0,B카드 통신비 10% 할인까지 30만 원 남았어요. 이번 주 편의점은 B카드로 결제하세요.
C0278,CARD_C,하나카드 MOVING카드 ALLDAY모드,2025-12,726570,12,1,,0,1,7270,7270,,,,,,
C0278,CARD_D,삼성카드 삼성 iD SELECT ALL 카드,2025-12,0,0,0,400000.0,400000,0,0,0,0.0,0.0,편의점,CU,20000.0,D카드 SELECT 7% 할인까지 40만 원 남았어요. 이번 주 편의점은 D카드로 결제하세요.
C0278,CARD_E,NH농협카드 올바른 FLEX 카드,2025-12,20300,1,0,300000.0,279700,0,0,0,0.0,0.0,편의점,CU,20000.0,"E카드 스타벅스 50% 할인까지 27만 9,700원 남았어요. 이번 주 편의점은 E카드로 결제하세요."
C0279,CARD_A,신한카드 Mr.Life,2025-12,2985990,25,3,,0,3,11160,11160,,,,,,
C0279,CARD_B,KB국민카드 굿데이카드,2025-12,2580,1,0,300000.0,297420,0,0,0,260.0,260.0,외식,고깃집,152900.0,"B카드 통신비 10% 할인까지 29만 7,400원 남았어요. 이번 주 외식은 B카드로 결제하세요."
C0279,CARD_C,하나카드 MOVING카드 ALLDAY모드,2025-12,0,0,1,,0,1,0,0,,,,,,
C0279,CARD_D,삼성카드 삼성 iD SELECT ALL 카드,2025-12,353400,2,0,400000.0,46600,0,0,0,7940.0,7940.0,외식,고깃집,152900.0,"D카드 SELECT 7% 할인까지 4만 6,600원 남았어요. 이번 주 외식은 D카드로 결제하세요."
C0279,CARD_E,NH농협카드 올바른 FLEX 카드,2025-12,67600,2,0,300000.0,232400,0,0,0,3910.0,3910.0,편의점,CU,32300.0,"E카드 스타벅스 50% 할인까지 23만 2,400원 남았어요. 이번 주 편의점은 E카드로 결제하세요."
C0280,CARD_A,신한카드 Mr.Life,2025-12,943410,13,2,1000000.0,56590,1,13000,23020,26020.0,3000.0,장보기,쿠팡프레시,201900.0,"A카드 할인한도 월 5만 원까지 5만 6,600원 남았어요. 이번 주말 장보기는 A카드로 결제하세요."
C0280,CARD_B,KB국민카드 굿데이카드,2025-12,148500,2,0,300000.0,151500,0,0,0,0.0,0.0,외식,맘스터치,65100.0,"B카드 통신비 10% 할인까지 15만 1,500원 남았어요. 이번 주 외식은 B카드로 결제하세요."
C0280,CARD_C,하나카드 MOVING카드 ALLDAY모드,2025-12,0,0,1,,0,1,0,0,,,,,,
C0280,CARD_D,삼성카드 삼성 iD SELECT ALL 카드,2025-12,0,0,0,400000.0,400000,0,0,0,0.0,0.0,장보기,쿠팡프레시,201900.0,D카드 SELECT 7% 할인까지 40만 원 남았어요. 이번 주말 장보기는 D카드로 결제하세요.
C0280,CARD_E,NH농협카드 올바른 FLEX 카드,2025-12,0,0,0,300000.0,300000,0,0,0,0.0,0.0,온라인쇼핑,쿠팡,183600.0,E카드 스타벅스 50% 할인까지 30만 원 남았어요. 이번 주 온라인쇼핑은 E카드로 결제하세요.
C0281,CARD_A,신한카드 Mr.Life,2025-12,0,0,0,300000.0,300000,0,0,0,0.0,0.0,장보기,쿠팡프레시,522600.0,A카드 공과금·편의점 10% 할인까지 30만 원 남았어요. 이번 주말 장보기는 A카드로 결제하세요.
C0281,CARD_B,KB국민카드 굿데이카드,2025-12,0,0,0,300000.0,300000,0,0,0,0.0,0.0,외식,김밥천국,68300.0,B카드 통신비 10% 할인까지 30만 원 남았어요. 이번 주 외식은 B카드로 결제하세요.
C0281,CARD_C,하나카드 MOVING카드 ALLDAY모드,2025-12,534290,14,1,,0,1,2670,2670,,,,,,
C0281,CARD_D,삼성카드 삼성 iD SELECT ALL 카드,2025-12,47300,1,0,400000.0,352700,0,0,0,330.0,330.0,장보기,쿠팡프레시,522600.0,"D카드 SELECT 7% 할인까지 35만 2,700원 남았어요. 이번 주말 장보기는 D카드로 결제하세요."
C0281,CARD_E,NH농협카드 올바른 FLEX 카드,2025-12,75700,1,0,300000.0,224300,0,0,0,0.0,0.0,온라인쇼핑,쿠팡,141700.0,"E카드 스타벅스 50% 할인까지 22만 4,300원 남았어요. 이번 주 온라인쇼핑은 E카드로 결제하세요."
C0282,CARD_A,신한카드 Mr.Life,2025-12,80000,1,0,300000.0,220000,0,0,0,0.0,0.0,외식,김밥천국,151300.0,A카드 공과금·편의점 10% 할인까지 22만 원 남았어요. 이번 주 외식은 A카드로 결제하세요.
C0282,CARD_B,KB국민카드 굿데이카드,2025-12,14900,1,0,300000.0,285100,1,0,0,0.0,0.0,외식,김밥천국,151300.0,"B카드 통신비 10% 할인까지 28만 5,100원 남았어요. 이번 주 외식은 B카드로 결제하세요."
C0282,CARD_C,하나카드 MOVING카드 ALLDAY모드,2025-12,0,0,1,,0,1,0,0,,,,,,
C0282,CARD_D,삼성카드 삼성 iD SELECT ALL 카드,2025-12,0,0,0,400000.0,400000,0,0,0,0.0,0.0,외식,김밥천국,151300.0,D카드 SELECT 7% 할인까지 40만 원 남았어요. 이번 주 외식은 D카드로 결제하세요.
C0282,CARD_E,NH농협카드 올바른 FLEX 카드,2025-12,318250,10,1,,0,1,6900,6900,,,,,,
C0283,CARD_A,신한카드 Mr.Life,2025-12,0,0,0,300000.0,300000,1,0,0,0.0,0.0,외식,김밥천국,196200.0,A카드 공과금·편의점 10% 할인까지 30만 원 남았어요. 이번 주 외식은 A카드로 결제하세요.
C0283,CARD_B,KB국민카드 굿데이카드,2025-12,0,0,0,300000.0,300000,0,0,0,0.0,0.0,외식,김밥천국,196200.0,B카드 통신비 10% 할인까지 30만 원 남았어요. 이번 주 외식은 B카드로 결제하세요.
C0283,CARD_C,하나카드 MOVING카드 ALLDAY모드,2025-12,23700,1,1,,0,1,120,120,,,,,,
C0283,CARD_D,삼성카드 삼성 iD SELECT ALL 카드,2025-12,1868740,16,3,,0,3,33080,33080,,,,,,
C0283,CARD_E,NH농협카드 올바른 FLEX 카드,2025-12,0,0,0,300000.0,300000,0,0,0,0.0,0.0,온라인쇼핑,쿠팡,170200.0,E카드 스타벅스 50% 할인까지 30만 원 남았어요. 이번 주 온라인쇼핑은 E카드로 결제하세요.
C0284,CARD_A,신한카드 Mr.Life,2025-12,0,0,0,300000.0,300000,0,0,0,0.0,0.0,병원·약국,한의원,175500.0,A카드 공과금·편의점 10% 할인까지 30만 원 남았어요. 이번 주 병원·약국은 A카드로 결제하세요.
C0284,CARD_B,KB국민카드 굿데이카드,2025-12,9230,1,0,300000.0,290770,0,0,0,0.0,0.0,외식,동네식당,48800.0,B카드 통신비 10% 할인까지 29만 800원 남았어요. 이번 주 외식은 B카드로 결제하세요.
C0284,CARD_C,하나카드 MOVING카드 ALLDAY모드,2025-12,0,0,1,,0,1,0,0,,,,,,
C0284,CARD_D,삼성카드 삼성 iD SELECT ALL 카드,2025-12,350450,10,0,400000.0,49550,0,0,0,10900.0,10900.0,병원·약국,한의원,175500.0,"D카드 SELECT 7% 할인까지 4만 9,600원 남았어요. 이번 주 병원·약국은 D카드로 결제하세요."
C0284,CARD_E,NH농협카드 올바른 FLEX 카드,2025-12,0,0,0,300000.0,300000,0,0,0,0.0,0.0,온라인쇼핑,올리브영온라인,5700.0,E카드 스타벅스 50% 할인까지 30만 원 남았어요. 이번 주 온라인쇼핑은 E카드로 결제하세요.
C0285,CARD_A,신한카드 Mr.Life,2025-12,0,0,0,300000.0,300000,0,0,0,0.0,0.0,장보기,쿠팡프레시,428000.0,A카드 공과금·편의점 10% 할인까지 30만 원 남았어요. 이번 주말 장보기는 A카드로 결제하세요.
C0285,CARD_B,KB국민카드 굿데이카드,2025-12,0,0,0,300000.0,300000,0,0,0,0.0,0.0,외식,김밥천국,30800.0,B카드 통신비 10% 할인까지 30만 원 남았어요. 이번 주 외식은 B카드로 결제하세요.
C0285,CARD_C,하나카드 MOVING카드 ALLDAY모드,2025-12,515600,15,1,,0,1,5620,5620,,,,,,
C0285,CARD_D,삼성카드 삼성 iD SELECT ALL 카드,2025-12,0,0,0,400000.0,400000,0,0,0,0.0,0.0,장보기,쿠팡프레시,428000.0,D카드 SELECT 7% 할인까지 40만 원 남았어요. 이번 주말 장보기는 D카드로 결제하세요.
C0285,CARD_E,NH농협카드 올바른 FLEX 카드,2025-12,68500,1,0,300000.0,231500,0,0,0,0.0,0.0,편의점,CU,8100.0,"E카드 스타벅스 50% 할인까지 23만 1,500원 남았어요. 이번 주 편의점은 E카드로 결제하세요."
C0286,CARD_A,신한카드 Mr.Life,2025-12,4900,1,0,300000.0,295100,0,0,0,0.0,0.0,커피,투썸플레이스,22300.0,"A카드 공과금·편의점 10% 할인까지 29만 5,100원 남았어요. 이번 주 커피는 A카드로 결제하세요."
C0286,CARD_B,KB국민카드 굿데이카드,2025-12,411990,11,1,600000.0,188010,1,3000,3000,8000.0,5000.0,커피,투썸플레이스,22300.0,"B카드 외식·커피 10% 할인까지 18만 8,000원 남았어요. 이번 주 커피는 B카드로 결제하세요."
C0286,CARD_C,하나카드 MOVING카드 ALLDAY모드,2025-12,0,0,1,,0,1,0,0,,,,,,
C0286,CARD_D,삼성카드 삼성 iD SELECT ALL 카드,2025-12,6910,1,0,400000.0,393090,0,0,0,50.0,50.0,구독료,네이버플러스 멤버십,24800.0,"D카드 SELECT 7% 할인까지 39만 3,100원 남았어요. 이번 주 구독료는 D카드로 결제하세요."
C0286,CARD_E,NH농협카드 올바른 FLEX 카드,2025-12,143800,1,0,300000.0,156200,0,0,0,5000.0,5000.0,커피,투썸플레이스,22300.0,"E카드 스타벅스 50% 할인까지 15만 6,200원 남았어요. 이번 주 커피는 E카드로 결제하세요."
C0287,CARD_A,신한카드 Mr.Life,2025-12,0,0,0,300000.0,300000,0,0,0,0.0,0.0,장보기,마켓컬리,383900.0,A카드 공과금·편의점 10% 할인까지 30만 원 남았어요. 이번 주말 장보기는 A카드로 결제하세요.
C0287,CARD_B,KB국민카드 굿데이카드,2025-12,0,0,0,300000.0,300000,0,0,0,0.0,0.0,외식,한식뷔페,27200.0,B카드 통신비 10% 할인까지 30만 원 남았어요. 이번 주 외식은 B카드로 결제하세요.
C0287,CARD_C,하나카드 MOVING카드 ALLDAY모드,2025-12,680760,13,1,,0,1,6810,6810,,,,,,
C0287,CARD_D,삼성카드 삼성 iD SELECT ALL 카드,2025-12,127730,2,0,400000.0,272270,2,10510,0,7510.0,7510.0,장보기,마켓컬리,383900.0,"D카드 SELECT 7% 할인까지 27만 2,300원 남았어요. 이번 주말 장보기는 D카드로 결제하세요."
C0287,CARD_E,NH농협카드 올바른 FLEX 카드,2025-12,7020,1,0,300000.0,292980,0,0,0,350.0,350.0,온라인쇼핑,쿠팡,121300.0,"E카드 스타벅스 50% 할인까지 29만 3,000원 남았어요. 이번 주 온라인쇼핑은 E카드로 결제하세요."
C0288,CARD_A,신한카드 Mr.Life,2025-12,2410,1,0,300000.0,297590,0,0,0,240.0,240.0,장보기,이마트,479300.0,"A카드 공과금·편의점 10% 할인까지 29만 7,600원 남았어요. 이번 주말 장보기는 A카드로 결제하세요."
C0288,CARD_B,KB국민카드 굿데이카드,2025-12,528000,2,1,600000.0,72000,0,0,0,0.0,0.0,외식,동네식당,76200.0,"B카드 외식·커피 10% 할인까지 7만 2,000원 남았어요. 이번 주 외식은 B카드로 결제하세요."
C0288,CARD_C,하나카드 MOVING카드 ALLDAY모드,2025-12,529530,12,1,,0,1,5800,5800,,,,,,
C0288,CARD_D,삼성카드 삼성 iD SELECT ALL 카드,2025-12,0,0,0,400000.0,400000,0,0,0,0.0,0.0,장보기,이마트,479300.0,D카드 SELECT 7% 할인까지 40만 원 남았어요. 이번 주말 장보기는 D카드로 결제하세요.
C0288,CARD_E,NH농협카드 올바른 FLEX 카드,2025-12,0,0,0,300000.0,300000,0,0,0,0.0,0.0,온라인쇼핑,쿠팡,97600.0,E카드 스타벅스 50% 할인까지 30만 원 남았어요. 이번 주 온라인쇼핑은 E카드로 결제하세요.
C0289,CARD_A,신한카드 Mr.Life,2025-12,16500,1,0,300000.0,283500,0,0,0,0.0,0.0,커피,컴포즈커피,5300.0,"A카드 공과금·편의점 10% 할인까지 28만 3,500원 남았어요. 이번 주 커피는 A카드로 결제하세요."
C0289,CARD_B,KB국민카드 굿데이카드,2025-12,82750,5,0,300000.0,217250,0,0,0,520.0,520.0,커피,컴포즈커피,5300.0,"B카드 통신비 10% 할인까지 21만 7,200원 남았어요. 이번 주 커피는 B카드로 결제하세요."
C0289,CARD_C,하나카드 MOVING카드 ALLDAY모드,2025-12,0,0,1,,0,1,0,0,,,,,,
C0289,CARD_D,삼성카드 삼성 iD SELECT ALL 카드,2025-12,0,0,0,400000.0,400000,0,0,0,0.0,0.0,장보기,쿠팡프레시,62400.0,D카드 SELECT 7% 할인까지 40만 원 남았어요. 이번 주말 장보기는 D카드로 결제하세요.
C0289,CARD_E,NH농협카드 올바른 FLEX 카드,2025-12,0,0,0,300000.0,300000,0,0,0,0.0,0.0,커피,컴포즈커피,5300.0,E카드 스타벅스 50% 할인까지 30만 원 남았어요. 이번 주 커피는 E카드로 결제하세요.
C0290,CARD_A,신한카드 Mr.Life,2025-12,1615010,21,3,,0,3,13630,13630,,,,,,
C0290,CARD_B,KB국민카드 굿데이카드,2025-12,0,0,0,300000.0,300000,0,0,0,0.0,0.0,외식,고깃집,92800.0,B카드 통신비 10% 할인까지 30만 원 남았어요. 이번 주 외식은 B카드로 결제하세요.
C0290,CARD_C,하나카드 MOVING카드 ALLDAY모드,2025-12,3300,1,1,,0,1,20,20,,,,,,
C0290,CARD_D,삼성카드 삼성 iD SELECT ALL 카드,2025-12,43300,1,0,400000.0,356700,0,0,0,3330.0,3330.0,외식,고깃집,92800.0,"D카드 SELECT 7% 할인까지 35만 6,700원 남았어요. 이번 주 외식은 D카드로 결제하세요."
C0290,CARD_E,NH농협카드 올바른 FLEX 카드,2025-12,0,0,0,300000.0,300000,0,0,0,0.0,0.0,편의점,CU,25700.0,E카드 스타벅스 50% 할인까지 30만 원 남았어요. 이번 주 편의점은 E카드로 결제하세요.
C0291,CARD_A,신한카드 Mr.Life,2025-12,13900,1,0,300000.0,286100,0,0,0,0.0,0.0,외식,동네식당,152400.0,"A카드 공과금·편의점 10% 할인까지 28만 6,100원 남았어요. 이번 주 외식은 A카드로 결제하세요."
C0291,CARD_B,KB국민카드 굿데이카드,2025-12,0,0,0,300000.0,300000,0,0,0,0.0,0.0,외식,동네식당,152400.0,B카드 통신비 10% 할인까지 30만 원 남았어요. 이번 주 외식은 B카드로 결제하세요.
C0291,CARD_C,하나카드 MOVING카드 ALLDAY모드,2025-12,159950,10,1,,0,1,1600,1600,,,,,,
C0291,CARD_D,삼성카드 삼성 iD SELECT ALL 카드,2025-12,0,0,0,400000.0,400000,0,0,0,0.0,0.0,외식,동네식당,152400.0,D카드 SELECT 7% 할인까지 40만 원 남았어요. 이번 주 외식은 D카드로 결제하세요.
C0291,CARD_E,NH농협카드 올바른 FLEX 카드,2025-12,0,0,0,300000.0,300000,0,0,0,0.0,0.0,구독료,쿠팡와우,38600.0,E카드 스타벅스 50% 할인까지 30만 원 남았어요. 이번 주 구독료는 E카드로 결제하세요.
C0292,CARD_A,신한카드 Mr.Life,2025-12,0,0,0,300000.0,300000,0,0,0,0.0,0.0,온라인쇼핑,네이버쇼핑,130200.0,A카드 공과금·편의점 10% 할인까지 30만 원 남았어요. 이번 주 온라인쇼핑은 A카드로 결제하세요.
C0292,CARD_B,KB국민카드 굿데이카드,2025-12,10700,1,0,300000.0,289300,0,0,0,0.0,0.0,주유,GS칼텍스,121200.0,"B카드 통신비 10% 할인까지 28만 9,300원 남았어요. 이번 주말 주유는 B카드로 결제하세요."
C0292,CARD_C,하나카드 MOVING카드 ALLDAY모드,2025-12,568970,12,1,,0,1,5690,5690,,,,,,
C0292,CARD_D,삼성카드 삼성 iD SELECT ALL 카드,2025-12,0,0,0,400000.0,400000,0,0,0,0.0,0.0,온라인쇼핑,네이버쇼핑,130200.0,D카드 SELECT 7% 할인까지 40만 원 남았어요. 이번 주 온라인쇼핑은 D카드로 결제하세요.
C0292,CARD_E,NH농협카드 올바른 FLEX 카드,2025-12,0,0,0,300000.0,300000,0,0,0,0.0,0.0,온라인쇼핑,네이버쇼핑,130200.0,E카드 스타벅스 50% 할인까지 30만 원 남았어요. 이번 주 온라인쇼핑은 E카드로 결제하세요.
C0293,CARD_A,신한카드 Mr.Life,2025-12,1701900,14,3,,0,3,10310,10310,,,,,,
C0293,CARD_B,KB국민카드 굿데이카드,2025-12,0,0,0,300000.0,300000,0,0,0,0.0,0.0,외식,동네식당,234500.0,B카드 통신비 10% 할인까지 30만 원 남았어요. 이번 주 외식은 B카드로 결제하세요.
C0293,CARD_C,하나카드 MOVING카드 ALLDAY모드,2025-12,0,0,1,,0,1,0,0,,,,,,
C0293,CARD_D,삼성카드 삼성 iD SELECT ALL 카드,2025-12,0,0,0,400000.0,400000,0,0,0,0.0,0.0,외식,동네식당,234500.0,D카드 SELECT 7% 할인까지 40만 원 남았어요. 이번 주 외식은 D카드로 결제하세요.
C0293,CARD_E,NH농협카드 올바른 FLEX 카드,2025-12,0,0,0,300000.0,300000,0,0,0,0.0,0.0,배달 주문,배달의민족,76100.0,E카드 스타벅스 50% 할인까지 30만 원 남았어요. 이번 주 배달 주문은 E카드로 결제하세요.
C0294,CARD_A,신한카드 Mr.Life,2025-12,20300,2,0,300000.0,279700,0,0,0,0.0,0.0,외식,김밥천국,140900.0,"A카드 공과금·편의점 10% 할인까지 27만 9,700원 남았어요. 이번 주 외식은 A카드로 결제하세요."
C0294,CARD_B,KB국민카드 굿데이카드,2025-12,7060,1,0,300000.0,292940,0,0,0,0.0,0.0,외식,김밥천국,140900.0,"B카드 통신비 10% 할인까지 29만 2,900원 남았어요. 이번 주 외식은 B카드로 결제하세요."
C0294,CARD_C,하나카드 MOVING카드 ALLDAY모드,2025-12,21280,3,1,,0,1,110,110,,,,,,
C0294,CARD_D,삼성카드 삼성 iD SELECT ALL 카드,2025-12,126400,1,0,400000.0,273600,0,0,0,880.0,880.0,외식,김밥천국,140900.0,"D카드 SELECT 7% 할인까지 27만 3,600원 남았어요. 이번 주 외식은 D카드로 결제하세요."
C0294,CARD_E,NH농협카드 올바른 FLEX 카드,2025-12,2196780,30,1,,0,1,11580,11580,,,,,,
C0295,CARD_A,신한카드 Mr.Life,2025-12,0,0,0,300000.0,300000,0,0,0,0.0,0.0,편의점,CU,7100.0,A카드 공과금·편의점 10% 할인까지 30만 원 남았어요. 이번 주 편의점은 A카드로 결제하세요.
C0295,CARD_B,KB국민카드 굿데이카드,2025-12,100730,5,0,300000.0,199270,0,0,0,650.0,650.0,편의점,CU,7100.0,"B카드 통신비 10% 할인까지 19만 9,300원 남았어요. 이번 주 편의점은 B카드로 결제하세요."
C0295,CARD_C,하나카드 MOVING카드 ALLDAY모드,2025-12,0,0,1,,0,1,0,0,,,,,,
C0295,CARD_D,삼성카드 삼성 iD SELECT ALL 카드,2025-12,0,0,0,400000.0,400000,0,0,0,0.0,0.0,편의점,CU,7100.0,D카드 SELECT 7% 할인까지 40만 원 남았어요. 이번 주 편의점은 D카드로 결제하세요.
C0295,CARD_E,NH농협카드 올바른 FLEX 카드,2025-12,0,0,0,300000.0,300000,0,0,0,0.0,0.0,편의점,CU,7100.0,E카드 스타벅스 50% 할인까지 30만 원 남았어요. 이번 주 편의점은 E카드로 결제하세요.
C0296,CARD_A,신한카드 Mr.Life,2025-12,2903500,13,3,,0,3,18960,18960,,,,,,
C0296,CARD_B,KB국민카드 굿데이카드,2025-12,0,0,0,300000.0,300000,0,0,0,0.0,0.0,외식,스시오마카세,1130500.0,B카드 통신비 10% 할인까지 30만 원 남았어요. 이번 주 외식은 B카드로 결제하세요.
C0296,CARD_C,하나카드 MOVING카드 ALLDAY모드,2025-12,489800,1,1,,0,1,2450,2450,,,,,,
C0296,CARD_D,삼성카드 삼성 iD SELECT ALL 카드,2025-12,190900,2,0,400000.0,209100,2,10000,0,7000.0,7000.0,외식,스시오마카세,1130500.0,"D카드 SELECT 7% 할인까지 20만 9,100원 남았어요. 이번 주 외식은 D카드로 결제하세요."
C0296,CARD_E,NH농협카드 올바른 FLEX 카드,2025-12,195000,1,0,300000.0,105000,0,0,0,0.0,0.0,온라인쇼핑,쿠팡,142700.0,"E카드 스타벅스 50% 할인까지 10만 5,000원 남았어요. 이번 주 온라인쇼핑은 E카드로 결제하세요."
C0297,CARD_A,신한카드 Mr.Life,2025-12,1041870,11,3,,0,2,19180,22180,,,,,,
C0297,CARD_B,KB국민카드 굿데이카드,2025-12,0,0,0,300000.0,300000,0,0,0,0.0,0.0,커피,스타벅스,22300.0,B카드 통신비 10% 할인까지 30만 원 남았어요. 이번 주 커피는 B카드로 결제하세요.
C0297,CARD_C,하나카드 MOVING카드 ALLDAY모드,2025-12,2990,1,1,,0,1,10,10,,,,,,
C0297,CARD_D,삼성카드 삼성 iD SELECT ALL 카드,2025-12,0,0,0,400000.0,400000,0,0,0,0.0,0.0,온라인쇼핑,알리익스프레스,147900.0,D카드 SELECT 7% 할인까지 40만 원 남았어요. 이번 주 온라인쇼핑은 D카드로 결제하세요.
C0297,CARD_E,NH농협카드 올바른 FLEX 카드,2025-12,245560,3,0,300000.0,54440,0,0,0,2800.0,2800.0,온라인쇼핑,알리익스프레스,147900.0,"E카드 스타벅스 50% 할인까지 5만 4,400원 남았어요. 이번 주 온라인쇼핑은 E카드로 결제하세요."
C0298,CARD_A,신한카드 Mr.Life,2025-12,0,0,0,300000.0,300000,0,0,0,0.0,0.0,장보기,동네마트,431800.0,A카드 공과금·편의점 10% 할인까지 30만 원 남았어요. 이번 주말 장보기는 A카드로 결제하세요.
C0298,CARD_B,KB국민카드 굿데이카드,2025-12,316910,12,1,600000.0,283090,2,4610,0,4610.0,4610.0,편의점,CU,20800.0,"B카드 외식·커피 10% 할인까지 28만 3,100원 남았어요. 이번 주 편의점은 B카드로 결제하세요."
C0298,CARD_C,하나카드 MOVING카드 ALLDAY모드,2025-12,0,0,1,,0,1,0,0,,,,,,
C0298,CARD_D,삼성카드 삼성 iD SELECT ALL 카드,2025-12,0,0,0,400000.0,400000,0,0,0,0.0,0.0,장보기,동네마트,431800.0,D카드 SELECT 7% 할인까지 40만 원 남았어요. 이번 주말 장보기는 D카드로 결제하세요.
C0298,CARD_E,NH농협카드 올바른 FLEX 카드,2025-12,0,0,0,300000.0,300000,0,0,0,0.0,0.0,편의점,CU,20800.0,E카드 스타벅스 50% 할인까지 30만 원 남았어요. 이번 주 편의점은 E카드로 결제하세요.
C0299,CARD_A,신한카드 Mr.Life,2025-12,73000,1,0,300000.0,227000,0,0,0,0.0,0.0,온라인쇼핑,쿠팡,271000.0,"A카드 공과금·편의점 10% 할인까지 22만 7,000원 남았어요. 이번 주 온라인쇼핑은 A카드로 결제하세요."
C0299,CARD_B,KB국민카드 굿데이카드,2025-12,7500,1,0,300000.0,292500,0,0,0,0.0,0.0,외식,동네식당,84700.0,"B카드 통신비 10% 할인까지 29만 2,500원 남았어요. 이번 주 외식은 B카드로 결제하세요."
C0299,CARD_C,하나카드 MOVING카드 ALLDAY모드,2025-12,1980100,14,1,,0,1,19870,19870,,,,,,
C0299,CARD_D,삼성카드 삼성 iD SELECT ALL 카드,2025-12,0,0,0,400000.0,400000,0,0,0,0.0,0.0,온라인쇼핑,쿠팡,271000.0,D카드 SELECT 7% 할인까지 40만 원 남았어요. 이번 주 온라인쇼핑은 D카드로 결제하세요.
C0299,CARD_E,NH농협카드 올바른 FLEX 카드,2025-12,4190,1,0,300000.0,295810,0,0,0,210.0,210.0,온라인쇼핑,쿠팡,271000.0,"E카드 스타벅스 50% 할인까지 29만 5,800원 남았어요. 이번 주 온라인쇼핑은 E카드로 결제하세요."
C0300,CARD_A,신한카드 Mr.Life,2025-12,180130,7,0,300000.0,119870,1,4800,0,4800.0,4800.0,커피,스타벅스,13800.0,"A카드 공과금·편의점 10% 할인까지 11만 9,900원 남았어요. 이번 주 커피는 A카드로 결제하세요."
C0300,CARD_B,KB국민카드 굿데이카드,2025-12,0,0,0,300000.0,300000,0,0,0,0.0,0.0,커피,스타벅스,13800.0,B카드 통신비 10% 할인까지 30만 원 남았어요. 이번 주 커피는 B카드로 결제하세요.
C0300,CARD_C,하나카드 MOVING카드 ALLDAY모드,2025-12,55700,2,1,,0,1,280,280,,,,,,
C0300,CARD_D,삼성카드 삼성 iD SELECT ALL 카드,2025-12,0,0,0,400000.0,400000,0,0,0,0.0,0.0,배달 주문,쿠팡이츠,35300.0,D카드 SELECT 7% 할인까지 40만 원 남았어요. 이번 주 배달 주문은 D카드로 결제하세요.
C0300,CARD_E,NH농협카드 올바른 FLEX 카드,2025-12,0,0,0,300000.0,300000,0,0,0,0.0,0.0,배달 주문,쿠팡이츠,35300.0,E카드 스타벅스 50% 할인까지 30만 원 남았어요. 이번 주 배달 주문은 E카드로 결제하세요.
C0301,CARD_A,신한카드 Mr.Life,2025-12,145350,8,0,300000.0,154650,1,8760,0,8760.0,8760.0,온라인쇼핑,알리익스프레스,86600.0,"A카드 공과금·편의점 10% 할인까지 15만 4,600원 남았어요. 이번 주 온라인쇼핑은 A카드로 결제하세요."
C0301,CARD_B,KB국민카드 굿데이카드,2025-12,0,0,0,300000.0,300000,0,0,0,0.0,0.0,편의점,GS25,10200.0,B카드 통신비 10% 할인까지 30만 원 남았어요. 이번 주 편의점은 B카드로 결제하세요.
C0301,CARD_C,하나카드 MOVING카드 ALLDAY모드,2025-12,0,0,1,,0,1,0,0,,,,,,
C0301,CARD_D,삼성카드 삼성 iD SELECT ALL 카드,2025-12,0,0,0,400000.0,400000,0,0,0,0.0,0.0,온라인쇼핑,알리익스프레스,86600.0,D카드 SELECT 7% 할인까지 40만 원 남았어요. 이번 주 온라인쇼핑은 D카드로 결제하세요.
C0301,CARD_E,NH농협카드 올바른 FLEX 카드,2025-12,0,0,0,300000.0,300000,0,0,0,0.0,0.0,온라인쇼핑,알리익스프레스,86600.0,E카드 스타벅스 50% 할인까지 30만 원 남았어요. 이번 주 온라인쇼핑은 E카드로 결제하세요.
C0302,CARD_A,신한카드 Mr.Life,2025-12,0,0,0,300000.0,300000,0,0,0,0.0,0.0,온라인쇼핑,쿠팡,150300.0,A카드 공과금·편의점 10% 할인까지 30만 원 남았어요. 이번 주 온라인쇼핑은 A카드로 결제하세요.
C0302,CARD_B,KB국민카드 굿데이카드,2025-12,8430,1,0,300000.0,291570,0,0,0,0.0,0.0,커피,스타벅스,10600.0,"B카드 통신비 10% 할인까지 29만 1,600원 남았어요. 이번 주 커피는 B카드로 결제하세요."
C0302,CARD_C,하나카드 MOVING카드 ALLDAY모드,2025-12,2070,1,1,,0,1,10,10,,,,,,
C0302,CARD_D,삼성카드 삼성 iD SELECT ALL 카드,2025-12,565920,13,1,800000.0,234080,1,20960,20960,23960.0,3000.0,온라인쇼핑,쿠팡,150300.0,"D카드 SELECT 한도 월 1만 원까지 23만 4,100원 남았어요. 이번 주 온라인쇼핑은 D카드로 결제하세요."
C0302,CARD_E,NH농협카드 올바른 FLEX 카드,2025-12,0,0,0,300000.0,300000,0,0,0,0.0,0.0,온라인쇼핑,쿠팡,150300.0,E카드 스타벅스 50% 할인까지 30만 원 남았어요. 이번 주 온라인쇼핑은 E카드로 결제하세요.
C0303,CARD_A,신한카드 Mr.Life,2025-12,507050,15,2,1000000.0,492950,1,6560,6560,6560.0,0.0,편의점,CU,13300.0,"A카드 할인한도 월 5만 원까지 49만 3,000원 남았어요. 이번 주 편의점은 A카드로 결제하세요."
C0303,CARD_B,KB국민카드 굿데이카드,2025-12,65600,1,0,300000.0,234400,0,0,0,0.0,0.0,편의점,CU,13300.0,"B카드 통신비 10% 할인까지 23만 4,400원 남았어요. 이번 주 편의점은 B카드로 결제하세요."
C0303,CARD_C,하나카드 MOVING카드 ALLDAY모드,2025-12,0,0,1,,0,1,0,0,,,,,,
C0303,CARD_D,삼성카드 삼성 iD SELECT ALL 카드,2025-12,0,0,0,400000.0,400000,0,0,0,0.0,0.0,배달 주문,배달의민족,106500.0,D카드 SELECT 7% 할인까지 40만 원 남았어요. 이번 주 배달 주문은 D카드로 결제하세요.
C0303,CARD_E,NH농협카드 올바른 FLEX 카드,2025-12,114900,2,0,300000.0,185100,0,0,0,0.0,0.0,배달 주문,배달의민족,106500.0,"E카드 스타벅스 50% 할인까지 18만 5,100원 남았어요. 이번 주 배달 주문은 E카드로 결제하세요."
C0304,CARD_A,신한카드 Mr.Life,2025-12,1045700,9,3,,0,0,0,9380,,,,,,
C0304,CARD_B,KB국민카드 굿데이카드,2025-12,0,0,0,300000.0,300000,0,0,0,0.0,0.0,외식,동네식당,231100.0,B카드 통신비 10% 할인까지 30만 원 남았어요. 이번 주 외식은 B카드로 결제하세요.
C0304,CARD_C,하나카드 MOVING카드 ALLDAY모드,2025-12,0,0,1,,0,1,0,0,,,,,,
C0304,CARD_D,삼성카드 삼성 iD SELECT ALL 카드,2025-12,9550,1,0,400000.0,390450,0,0,0,70.0,70.0,외식,동네식당,231100.0,D카드 SELECT 7% 할인까지 39만 400원 남았어요. 이번 주 외식은 D카드로 결제하세요.
C0304,CARD_E,NH농협카드 올바른 FLEX 카드,2025-12,27200,1,0,300000.0,272800,0,0,0,0.0,0.0,교통비,티머니,23600.0,"E카드 스타벅스 50% 할인까지 27만 2,800원 남았어요. 이번 주 교통비는 E카드로 결제하세요."
C0305,CARD_A,신한카드 Mr.Life,2025-12,294990,11,0,300000.0,5010,0,0,0,7210.0,7210.0,장보기,홈플러스,288900.0,"A카드 공과금·편의점 10% 할인까지 5,000원 남았어요. 이번 주말 장보기는 A카드로 결제하세요."
C0305,CARD_B,KB국민카드 굿데이카드,2025-12,0,0,0,300000.0,300000,0,0,0,0.0,0.0,외식,동네식당,33300.0,B카드 통신비 10% 할인까지 30만 원 남았어요. 이번 주 외식은 B카드로 결제하세요.
C0305,CARD_C,하나카드 MOVING카드 ALLDAY모드,2025-12,19200,1,1,,0,1,100,100,,,,,,
C0305,CARD_D,삼성카드 삼성 iD SELECT ALL 카드,2025-12,0,0,0,400000.0,400000,0,0,0,0.0,0.0,장보기,홈플러스,288900.0,D카드 SELECT 7% 할인까지 40만 원 남았어요. 이번 주말 장보기는 D카드로 결제하세요.
C0305,CARD_E,NH농협카드 올바른 FLEX 카드,2025-12,284700,2,0,300000.0,15300,0,0,0,0.0,0.0,온라인쇼핑,쿠팡,90000.0,"E카드 스타벅스 50% 할인까지 1만 5,300원 남았어요. 이번 주 온라인쇼핑은 E카드로 결제하세요."
C0306,CARD_A,신한카드 Mr.Life,2025-12,2760,1,0,300000.0,297240,0,0,0,0.0,0.0,온라인쇼핑,쿠팡,293400.0,"A카드 공과금·편의점 10% 할인까지 29만 7,200원 남았어요. 이번 주 온라인쇼핑은 A카드로 결제하세요."
C0306,CARD_B,KB국민카드 굿데이카드,2025-12,2054540,16,3,,0,2,6340,6340,,,,,,
C0306,CARD_C,하나카드 MOVING카드 ALLDAY모드,2025-12,347560,2,1,,0,1,1740,1740,,,,,,
C0306,CARD_D,삼성카드 삼성 iD SELECT ALL 카드,2025-12,32800,2,0,400000.0,367200,0,0,0,6550.0,6550.0,온라인쇼핑,쿠팡,293400.0,"D카드 SELECT 7% 할인까지 36만 7,200원 남았어요. 이번 주 온라인쇼핑은 D카드로 결제하세요."
C0306,CARD_E,NH농협카드 올바른 FLEX 카드,2025-12,21100,2,0,300000.0,278900,0,0,0,0.0,0.0,온라인쇼핑,쿠팡,293400.0,"E카드 스타벅스 50% 할인까지 27만 8,900원 남았어요. 이번 주 온라인쇼핑은 E카드로 결제하세요."
C0307,CARD_A,신한카드 Mr.Life,2025-12,609240,10,2,1000000.0,390760,2,5430,5430,5430.0,0.0,주유,SK에너지,324500.0,A카드 할인한도 월 5만 원까지 39만 800원 남았어요. 이번 주말 주유는 A카드로 결제하세요.
C0307,CARD_B,KB국민카드 굿데이카드,2025-12,35700,2,0,300000.0,264300,0,0,0,0.0,0.0,주유,SK에너지,324500.0,"B카드 통신비 10% 할인까지 26만 4,300원 남았어요. 이번 주말 주유는 B카드로 결제하세요."
C0307,CARD_C,하나카드 MOVING카드 ALLDAY모드,2025-12,0,0,1,,0,1,0,0,,,,,,
C0307,CARD_D,삼성카드 삼성 iD SELECT ALL 카드,2025-12,0,0,0,400000.0,400000,0,0,0,0.0,0.0,주유,SK에너지,324500.0,D카드 SELECT 7% 할인까지 40만 원 남았어요. 이번 주말 주유는 D카드로 결제하세요.
C0307,CARD_E,NH농협카드 올바른 FLEX 카드,2025-12,0,0,0,300000.0,300000,0,0,0,0.0,0.0,온라인쇼핑,쿠팡,254300.0,E카드 스타벅스 50% 할인까지 30만 원 남았어요. 이번 주 온라인쇼핑은 E카드로 결제하세요.
C0308,CARD_A,신한카드 Mr.Life,2025-12,24200,1,0,300000.0,275800,1,0,0,0.0,0.0,주유,SK에너지,291300.0,"A카드 공과금·편의점 10% 할인까지 27만 5,800원 남았어요. 이번 주말 주유는 A카드로 결제하세요."
C0308,CARD_B,KB국민카드 굿데이카드,2025-12,1228980,18,3,,0,1,10060,16340,,,,,,
C0308,CARD_C,하나카드 MOVING카드 ALLDAY모드,2025-12,0,0,1,,0,1,0,0,,,,,,
C0308,CARD_D,삼성카드 삼성 iD SELECT ALL 카드,2025-12,4780,1,0,400000.0,395220,0,0,0,30.0,30.0,주유,SK에너지,291300.0,"D카드 SELECT 7% 할인까지 39만 5,200원 남았어요. 이번 주말 주유는 D카드로 결제하세요."
C0308,CARD_E,NH농협카드 올바른 FLEX 카드,2025-12,80200,2,0,300000.0,219800,0,0,0,3410.0,3410.0,교통비,티머니,114000.0,"E카드 스타벅스 50% 할인까지 21만 9,800원 남았어요. 이번 주 교통비는 E카드로 결제하세요."
C0309,CARD_A,신한카드 Mr.Life,2025-12,0,0,0,300000.0,300000,0,0,0,0.0,0.0,외식,맘스터치,52300.0,A카드 공과금·편의점 10% 할인까지 30만 원 남았어요. 이번 주 외식은 A카드로 결제하세요.
C0309,CARD_B,KB국민카드 굿데이카드,2025-12,359070,18,1,600000.0,240930,2,2870,200,2870.0,2660.0,외식,맘스터치,52300.0,B카드 외식·커피 10% 할인까지 24만 900원 남았어요. 이번 주 외식은 B카드로 결제하세요.
C0309,CARD_C,하나카드 MOVING카드 ALLDAY모드,2025-12,92550,2,1,,0,1,460,460,,,,,,
C0309,CARD_D,삼성카드 삼성 iD SELECT ALL 카드,2025-12,0,0,0,400000.0,400000,0,0,0,0.0,0.0,외식,맘스터치,52300.0,D카드 SELECT 7% 할인까지 40만 원 남았어요. 이번 주 외식은 D카드로 결제하세요.
C0309,CARD_E,NH농협카드 올바른 FLEX 카드,2025-12,0,0,0,300000.0,300000,0,0,0,0.0,0.0,구독료,티빙,44600.0,E카드 스타벅스 50% 할인까지 30만 원 남았어요. 이번 주 구독료는 E카드로 결제하세요.
C0310,CARD_A,신한카드 Mr.Life,2025-12,10000,1,0,300000.0,290000,1,0,0,0.0,0.0,장보기,홈플러스,299600.0,A카드 공과금·편의점 10% 할인까지 29만 원 남았어요. 이번 주말 장보기는 A카드로 결제하세요.
C0310,CARD_B,KB국민카드 굿데이카드,2025-12,0,0,0,300000.0,300000,0,0,0,0.0,0.0,교통비,주차장,94800.0,B카드 통신비 10% 할인까지 30만 원 남았어요. 이번 주 교통비는 B카드로 결제하세요.
C0310,CARD_C,하나카드 MOVING카드 ALLDAY모드,2025-12,0,0,1,,0,1,0,0,,,,,,
C0310,CARD_D,삼성카드 삼성 iD SELECT ALL 카드,2025-12,2084860,30,3,,0,3,39590,39590,,,,,,
C0310,CARD_E,NH농협카드 올바른 FLEX 카드,2025-12,84000,1,0,300000.0,216000,0,0,0,0.0,0.0,교통비,주차장,94800.0,"E카드 스타벅스 50% 할인까지 21만 6,000원 남았어요. 이번 주 교통비는 E카드로 결제하세요."
C0311,CARD_A,신한카드 Mr.Life,2025-12,0,0,0,300000.0,300000,0,0,0,0.0,0.0,주유,SK에너지,236000.0,A카드 공과금·편의점 10% 할인까지 30만 원 남았어요. 이번 주말 주유는 A카드로 결제하세요.
C0311,CARD_B,KB국민카드 굿데이카드,2025-12,50500,1,0,300000.0,249500,0,0,0,3000.0,3000.0,교통비,주차장,71400.0,"B카드 통신비 10% 할인까지 24만 9,500원 남았어요. 이번 주 교통비는 B카드로 결제하세요."
C0311,CARD_C,하나카드 MOVING카드 ALLDAY모드,2025-12,0,0,1,,0,1,0,0,,,,,,
C0311,CARD_D,삼성카드 삼성 iD SELECT ALL 카드,2025-12,342390,4,0,400000.0,57610,0,0,0,14000.0,14000.0,주유,SK에너지,236000.0,"D카드 SELECT 7% 할인까지 5만 7,600원 남았어요. 이번 주말 주유는 D카드로 결제하세요."
C0311,CARD_E,NH농협카드 올바른 FLEX 카드,2025-12,591590,16,1,,0,1,10850,10850,,,,,,
C0312,CARD_A,신한카드 Mr.Life,2025-12,0,0,0,300000.0,300000,0,0,0,0.0,0.0,편의점,GS25,29200.0,A카드 공과금·편의점 10% 할인까지 30만 원 남았어요. 이번 주 편의점은 A카드로 결제하세요.
C0312,CARD_B,KB국민카드 굿데이카드,2025-12,21320,2,0,300000.0,278680,0,0,0,0.0,0.0,편의점,GS25,29200.0,"B카드 통신비 10% 할인까지 27만 8,700원 남았어요. 이번 주 편의점은 B카드로 결제하세요."
C0312,CARD_C,하나카드 MOVING카드 ALLDAY모드,2025-12,190860,18,1,,0,1,2090,2090,,,,,,
C0312,CARD_D,삼성카드 삼성 iD SELECT ALL 카드,2025-12,0,0,0,400000.0,400000,0,0,0,0.0,0.0,편의점,GS25,29200.0,D카드 SELECT 7% 할인까지 40만 원 남았어요. 이번 주 편의점은 D카드로 결제하세요.
C0312,CARD_E,NH농협카드 올바른 FLEX 카드,2025-12,28070,2,0,300000.0,271930,0,0,0,0.0,0.0,편의점,GS25,29200.0,"E카드 스타벅스 50% 할인까지 27만 1,900원 남았어요. 이번 주 편의점은 E카드로 결제하세요."
C0313,CARD_A,신한카드 Mr.Life,2025-12,88900,2,0,300000.0,211100,0,0,0,3000.0,3000.0,커피,스타벅스,13900.0,"A카드 공과금·편의점 10% 할인까지 21만 1,100원 남았어요. 이번 주 커피는 A카드로 결제하세요."
C0313,CARD_B,KB국민카드 굿데이카드,2025-12,840010,17,2,1200000.0,359990,2,2820,2820,2820.0,0.0,커피,스타벅스,13900.0,B카드 학원비 10% 할인까지 36만 원 남았어요. 이번 주 커피는 B카드로 결제하세요.
C0313,CARD_C,하나카드 MOVING카드 ALLDAY모드,2025-12,0,0,1,,0,1,0,0,,,,,,
C0313,CARD_D,삼성카드 삼성 iD SELECT ALL 카드,2025-12,1750,1,0,400000.0,398250,0,0,0,10.0,10.0,구독료,마이크로소프트 365,73300.0,"D카드 SELECT 7% 할인까지 39만 8,200원 남았어요. 이번 주 구독료는 D카드로 결제하세요."
C0313,CARD_E,NH농협카드 올바른 FLEX 카드,2025-12,5050,1,0,300000.0,294950,0,0,0,250.0,250.0,구독료,마이크로소프트 365,73300.0,"E카드 스타벅스 50% 할인까지 29만 5,000원 남았어요. 이번 주 구독료는 E카드로 결제하세요."
C0314,CARD_A,신한카드 Mr.Life,2025-12,41200,1,0,300000.0,258800,0,0,0,3000.0,3000.0,편의점,GS25,15800.0,"A카드 공과금·편의점 10% 할인까지 25만 8,800원 남았어요. 이번 주 편의점은 A카드로 결제하세요."
C0314,CARD_B,KB국민카드 굿데이카드,2025-12,9870,1,0,300000.0,290130,0,0,0,0.0,0.0,편의점,GS25,15800.0,B카드 통신비 10% 할인까지 29만 100원 남았어요. 이번 주 편의점은 B카드로 결제하세요.
C0314,CARD_C,하나카드 MOVING카드 ALLDAY모드,2025-12,1523110,16,1,,0,1,15230,15230,,,,,,
C0314,CARD_D,삼성카드 삼성 iD SELECT ALL 카드,2025-12,6740,1,0,400000.0,393260,0,0,0,520.0,520.0,편의점,GS25,15800.0,"D카드 SELECT 7% 할인까지 39만 3,300원 남았어요. 이번 주 편의점은 D카드로 결제하세요."
C0314,CARD_E,NH농협카드 올바른 FLEX 카드,2025-12,0,0,0,300000.0,300000,0,0,0,0.0,0.0,편의점,GS25,15800.0,E카드 스타벅스 50% 할인까지 30만 원 남았어요. 이번 주 편의점은 E카드로 결제하세요.
C0315,CARD_A,신한카드 Mr.Life,2025-12,798780,17,2,1000000.0,201220,3,6480,6480,6480.0,0.0,장보기,이마트,518700.0,"A카드 할인한도 월 5만 원까지 20만 1,200원 남았어요. 이번 주말 장보기는 A카드로 결제하세요."
C0315,CARD_B,KB국민카드 굿데이카드,2025-12,0,0,0,300000.0,300000,0,0,0,0.0,0.0,커피,컴포즈커피,11800.0,B카드 통신비 10% 할인까지 30만 원 남았어요. 이번 주 커피는 B카드로 결제하세요.
C0315,CARD_C,하나카드 MOVING카드 ALLDAY모드,2025-12,121770,3,1,,0,1,790,790,,,,,,
C0315,CARD_D,삼성카드 삼성 iD SELECT ALL 카드,2025-12,0,0,0,400000.0,400000,0,0,0,0.0,0.0,장보기,이마트,518700.0,D카드 SELECT 7% 할인까지 40만 원 남았어요. 이번 주말 장보기는 D카드로 결제하세요.
C0315,CARD_E,NH농협카드 올바른 FLEX 카드,2025-12,0,0,0,300000.0,300000,0,0,0,0.0,0.0,온라인쇼핑,쿠팡,119600.0,E카드 스타벅스 50% 할인까지 30만 원 남았어요. 이번 주 온라인쇼핑은 E카드로 결제하세요.
C0316,CARD_A,신한카드 Mr.Life,2025-12,0,0,0,300000.0,300000,0,0,0,0.0,0.0,온라인쇼핑,쿠팡,334700.0,A카드 공과금·편의점 10% 할인까지 30만 원 남았어요. 이번 주 온라인쇼핑은 A카드로 결제하세요.
C0316,CARD_B,KB국민카드 굿데이카드,2025-12,0,0,0,300000.0,300000,0,0,0,0.0,0.0,외식,동네식당,101600.0,B카드 통신비 10% 할인까지 30만 원 남았어요. 이번 주 외식은 B카드로 결제하세요.
C0316,CARD_C,하나카드 MOVING카드 ALLDAY모드,2025-12,392970,8,1,,0,1,1960,1960,,,,,,
C0316,CARD_D,삼성카드 삼성 iD SELECT ALL 카드,2025-12,123700,3,0,400000.0,276300,0,0,0,4390.0,4390.0,온라인쇼핑,쿠팡,334700.0,"D카드 SELECT 7% 할인까지 27만 6,300원 남았어요. 이번 주 온라인쇼핑은 D카드로 결제하세요."
C0316,CARD_E,NH농협카드 올바른 FLEX 카드,2025-12,22770,2,0,300000.0,277230,0,0,0,0.0,0.0,온라인쇼핑,쿠팡,334700.0,"E카드 스타벅스 50% 할인까지 27만 7,200원 남았어요. 이번 주 온라인쇼핑은 E카드로 결제하세요."
C0317,CARD_A,신한카드 Mr.Life,2025-12,1134990,11,3,,0,2,710,710,,,,,,
C0317,CARD_B,KB국민카드 굿데이카드,2025-12,0,0,0,300000.0,300000,0,0,0,0.0,0.0,커피,스타벅스,29400.0,B카드 통신비 10% 할인까지 30만 원 남았어요. 이번 주 커피는 B카드로 결제하세요.
C0317,CARD_C,하나카드 MOVING카드 ALLDAY모드,2025-12,0,0,1,,0,1,0,0,,,,,,
C0317,CARD_D,삼성카드 삼성 iD SELECT ALL 카드,2025-12,73600,1,0,400000.0,326400,0,0,0,5670.0,5670.0,외식,동네식당,86800.0,"D카드 SELECT 7% 할인까지 32만 6,400원 남았어요. 이번 주 외식은 D카드로 결제하세요."
C0317,CARD_E,NH농협카드 올바른 FLEX 카드,2025-12,40900,1,0,300000.0,259100,0,0,0,2860.0,2860.0,커피,스타벅스,29400.0,"E카드 스타벅스 50% 할인까지 25만 9,100원 남았어요. 이번 주 커피는 E카드로 결제하세요."
C0318,CARD_A,신한카드 Mr.Life,2025-12,3440,1,0,300000.0,296560,0,0,0,340.0,340.0,장보기,롯데마트,486600.0,"A카드 공과금·편의점 10% 할인까지 29만 6,600원 남았어요. 이번 주말 장보기는 A카드로 결제하세요."
C0318,CARD_B,KB국민카드 굿데이카드,2025-12,2150,1,0,300000.0,297850,0,0,0,0.0,0.0,외식,동네식당,142200.0,"B카드 통신비 10% 할인까지 29만 7,800원 남았어요. 이번 주 외식은 B카드로 결제하세요."
C0318,CARD_C,하나카드 MOVING카드 ALLDAY모드,2025-12,659520,13,1,,0,1,6600,6600,,,,,,
C0318,CARD_D,삼성카드 삼성 iD SELECT ALL 카드,2025-12,125470,3,0,400000.0,274530,0,0,0,7880.0,7880.0,장보기,롯데마트,486600.0,"D카드 SELECT 7% 할인까지 27만 4,500원 남았어요. 이번 주말 장보기는 D카드로 결제하세요."
C0318,CARD_E,NH농협카드 올바른 FLEX 카드,2025-12,143400,1,0,300000.0,156600,0,0,0,5000.0,5000.0,구독료,어도비 Creative Cloud,46900.0,"E카드 스타벅스 50% 할인까지 15만 6,600원 남았어요. 이번 주 구독료는 E카드로 결제하세요."
C0319,CARD_A,신한카드 Mr.Life,2025-12,1656500,10,3,,0,2,8600,8600,,,,,,
C0319,CARD_B,KB국민카드 굿데이카드,2025-12,575200,1,1,600000.0,24800,0,0,0,0.0,0.0,외식,동네식당,52500.0,"B카드 외식·커피 10% 할인까지 2만 4,800원 남았어요. 이번 주 외식은 B카드로 결제하세요."
C0319,CARD_C,하나카드 MOVING카드 ALLDAY모드,2025-12,27900,1,1,,0,1,140,140,,,,,,
C0319,CARD_D,삼성카드 삼성 iD SELECT ALL 카드,2025-12,0,0,0,400000.0,400000,0,0,0,0.0,0.0,외식,동네식당,52500.0,D카드 SELECT 7% 할인까지 40만 원 남았어요. 이번 주 외식은 D카드로 결제하세요.
C0319,CARD_E,NH농협카드 올바른 FLEX 카드,2025-12,47000,1,0,300000.0,253000,0,0,0,0.0,0.0,교통비,카카오T,36200.0,"E카드 스타벅스 50% 할인까지 25만 3,000원 남았어요. 이번 주 교통비는 E카드로 결제하세요."
C0320,CARD_A,신한카드 Mr.Life,2025-12,878710,18,2,1000000.0,121290,3,9650,7550,9650.0,2100.0,외식,동네식당,251300.0,"A카드 할인한도 월 5만 원까지 12만 1,300원 남았어요. 이번 주 외식은 A카드로 결제하세요."
C0320,CARD_B,KB국민카드 굿데이카드,2025-12,16500,1,0,300000.0,283500,0,0,0,0.0,0.0,외식,동네식당,251300.0,"B카드 통신비 10% 할인까지 28만 3,500원 남았어요. 이번 주 외식은 B카드로 결제하세요."
C0320,CARD_C,하나카드 MOVING카드 ALLDAY모드,2025-12,19700,1,1,,0,1,100,100,,,,,,
C0320,CARD_D,삼성카드 삼성 iD SELECT ALL 카드,2025-12,8070,1,0,400000.0,391930,0,0,0,60.0,60.0,외식,동네식당,251300.0,"D카드 SELECT 7% 할인까지 39만 1,900원 남았어요. 이번 주 외식은 D카드로 결제하세요."
C0320,CARD_E,NH농협카드 올바른 FLEX 카드,2025-12,19000,1,0,300000.0,281000,1,5000,0,5000.0,5000.0,온라인쇼핑,쿠팡,201800.0,"E카드 스타벅스 50% 할인까지 28만 1,000원 남았어요. 이번 주 온라인쇼핑은 E카드로 결제하세요."
C0321,CARD_A,신한카드 Mr.Life,2025-12,577750,12,2,1000000.0,422250,3,6610,6610,6610.0,0.0,장보기,이마트,242000.0,"A카드 할인한도 월 5만 원까지 42만 2,200원 남았어요. 이번 주말 장보기는 A카드로 결제하세요."
C0321,CARD_B,KB국민카드 굿데이카드,2025-12,0,0,0,300000.0,300000,0,0,0,0.0,0.0,편의점,CU,14500.0,B카드 통신비 10% 할인까지 30만 원 남았어요. 이번 주 편의점은 B카드로 결제하세요.
C0321,CARD_C,하나카드 MOVING카드 ALLDAY모드,2025-12,0,0,1,,0,1,0,0,,,,,,
C0321,CARD_D,삼성카드 삼성 iD SELECT ALL 카드,2025-12,0,0,0,400000.0,400000,0,0,0,0.0,0.0,장보기,이마트,242000.0,D카드 SELECT 7% 할인까지 40만 원 남았어요. 이번 주말 장보기는 D카드로 결제하세요.
C0321,CARD_E,NH농협카드 올바른 FLEX 카드,2025-12,0,0,0,300000.0,300000,0,0,0,0.0,0.0,편의점,CU,14500.0,E카드 스타벅스 50% 할인까지 30만 원 남았어요. 이번 주 편의점은 E카드로 결제하세요.
C0322,CARD_A,신한카드 Mr.Life,2025-12,0,0,0,300000.0,300000,0,0,0,0.0,0.0,장보기,하나로마트,17700.0,A카드 공과금·편의점 10% 할인까지 30만 원 남았어요. 이번 주말 장보기는 A카드로 결제하세요.
C0322,CARD_B,KB국민카드 굿데이카드,2025-12,70970,6,0,300000.0,229030,0,0,0,1710.0,1710.0,외식,이자카야,13300.0,"B카드 통신비 10% 할인까지 22만 9,000원 남았어요. 이번 주 외식은 B카드로 결제하세요."
C0322,CARD_C,하나카드 MOVING카드 ALLDAY모드,2025-12,46000,1,1,,0,1,230,230,,,,,,
C0322,CARD_D,삼성카드 삼성 iD SELECT ALL 카드,2025-12,0,0,0,400000.0,400000,0,0,0,0.0,0.0,장보기,하나로마트,17700.0,D카드 SELECT 7% 할인까지 40만 원 남았어요. 이번 주말 장보기는 D카드로 결제하세요.
C0323,CARD_A,신한카드 Mr.Life,2025-12,26800,1,0,300000.0,273200,0,0,0,0.0,0.0,커피,스타벅스,27700.0,"A카드 공과금·편의점 10% 할인까지 27만 3,200원 남았어요. 이번 주 커피는 A카드로 결제하세요."
C0323,CARD_B,KB국민카드 굿데이카드,2025-12,0,0,0,300000.0,300000,2,0,0,0.0,0.0,커피,스타벅스,27700.0,B카드 통신비 10% 할인까지 30만 원 남았어요. 이번 주 커피는 B카드로 결제하세요.
C0323,CARD_C,하나카드 MOVING카드 ALLDAY모드,2025-12,0,0,1,,0,1,0,0,,,,,,
C0323,CARD_D,삼성카드 삼성 iD SELECT ALL 카드,2025-12,861960,15,2,1200000.0,338040,3,17510,16030,17510.0,1470.0,온라인쇼핑,쿠팡,203300.0,"D카드 SELECT 한도 월 1.5만 원까지 33만 8,000원 남았어요. 이번 주 온라인쇼핑은 D카드로 결제하세요."
C0323,CARD_E,NH농협카드 올바른 FLEX 카드,2025-12,0,0,0,300000.0,300000,0,0,0,0.0,0.0,커피,스타벅스,27700.0,E카드 스타벅스 50% 할인까지 30만 원 남았어요. 이번 주 커피는 E카드로 결제하세요.
C0324,CARD_A,신한카드 Mr.Life,2025-12,0,0,0,300000.0,300000,0,0,0,0.0,0.0,병원·약국,약국,184300.0,A카드 공과금·편의점 10% 할인까지 30만 원 남았어요. 이번 주 병원·약국은 A카드로 결제하세요.
C0324,CARD_B,KB국민카드 굿데이카드,2025-12,0,0,0,300000.0,300000,0,0,0,0.0,0.0,외식,고깃집,15800.0,B카드 통신비 10% 할인까지 30만 원 남았어요. 이번 주 외식은 B카드로 결제하세요.
C0324,CARD_C,하나카드 MOVING카드 ALLDAY모드,2025-12,751610,12,1,,0,1,7520,7520,,,,,,
C0324,CARD_D,삼성카드 삼성 iD SELECT ALL 카드,2025-12,0,0,0,400000.0,400000,0,0,0,0.0,0.0,병원·약국,약국,184300.0,D카드 SELECT 7% 할인까지 40만 원 남았어요. 이번 주 병원·약국은 D카드로 결제하세요.
C0324,CARD_E,NH농협카드 올바른 FLEX 카드,2025-12,0,0,0,300000.0,300000,0,0,0,0.0,0.0,구독료,티빙,13900.0,E카드 스타벅스 50% 할인까지 30만 원 남았어요. 이번 주 구독료는 E카드로 결제하세요.
C0325,CARD_A,신한카드 Mr.Life,2025-12,158130,13,0,300000.0,141870,1,12710,0,12710.0,12710.0,커피,메가MGC커피,24000.0,"A카드 공과금·편의점 10% 할인까지 14만 1,900원 남았어요. 이번 주 커피는 A카드로 결제하세요."
C0325,CARD_B,KB국민카드 굿데이카드,2025-12,0,0,0,300000.0,300000,0,0,0,0.0,0.0,커피,메가MGC커피,24000.0,B카드 통신비 10% 할인까지 30만 원 남았어요. 이번 주 커피는 B카드로 결제하세요.
C0325,CARD_C,하나카드 MOVING카드 ALLDAY모드,2025-12,0,0,1,,0,1,0,0,,,,,,
C0325,CARD_D,삼성카드 삼성 iD SELECT ALL 카드,2025-12,0,0,0,400000.0,400000,0,0,0,0.0,0.0,편의점,GS25,32100.0,D카드 SELECT 7% 할인까지 40만 원 남았어요. 이번 주 편의점은 D카드로 결제하세요.
C0325,CARD_E,NH농협카드 올바른 FLEX 카드,2025-12,32570,5,0,300000.0,267430,0,0,0,1650.0,1650.0,커피,메가MGC커피,24000.0,"E카드 스타벅스 50% 할인까지 26만 7,400원 남았어요. 이번 주 커피는 E카드로 결제하세요."
C0326,CARD_A,신한카드 Mr.Life,2025-12,373490,13,1,500000.0,126510,3,19680,16000,19680.0,3680.0,커피,이디야커피,12400.0,"A카드 할인한도 월 3.4만 원까지 12만 6,500원 남았어요. 이번 주 커피는 A카드로 결제하세요."
C0326,CARD_B,KB국민카드 굿데이카드,2025-12,0,0,0,300000.0,300000,0,0,0,0.0,0.0,커피,이디야커피,12400.0,B카드 통신비 10% 할인까지 30만 원 남았어요. 이번 주 커피는 B카드로 결제하세요.
C0326,CARD_C,하나카드 MOVING카드 ALLDAY모드,2025-12,0,0,1,,0,1,0,0,,,,,,
C0326,CARD_D,삼성카드 삼성 iD SELECT ALL 카드,2025-12,4810,1,0,400000.0,395190,0,0,0,30.0,30.0,편의점,GS25,15400.0,"D카드 SELECT 7% 할인까지 39만 5,200원 남았어요. 이번 주 편의점은 D카드로 결제하세요."
C0326,CARD_E,NH농협카드 올바른 FLEX 카드,2025-12,0,0,0,300000.0,300000,0,0,0,0.0,0.0,커피,이디야커피,12400.0,E카드 스타벅스 50% 할인까지 30만 원 남았어요. 이번 주 커피는 E카드로 결제하세요.
C0327,CARD_A,신한카드 Mr.Life,2025-12,0,0,0,300000.0,300000,0,0,0,0.0,0.0,외식,맘스터치,41000.0,A카드 공과금·편의점 10% 할인까지 30만 원 남았어요. 이번 주 외식은 A카드로 결제하세요.
C0327,CARD_B,KB국민카드 굿데이카드,2025-12,0,0,0,300000.0,300000,1,0,0,0.0,0.0,외식,맘스터치,41000.0,B카드 통신비 10% 할인까지 30만 원 남았어요. 이번 주 외식은 B카드로 결제하세요.
C0327,CARD_C,하나카드 MOVING카드 ALLDAY모드,2025-12,39200,1,1,,0,1,200,200,,,,,,
C0327,CARD_D,삼성카드 삼성 iD SELECT ALL 카드,2025-12,1324200,12,3,,0,3,15540,15540,,,,,,
C0327,CARD_E,NH농협카드 올바른 FLEX 카드,2025-12,194900,2,0,300000.0,105100,0,0,0,4110.0,4110.0,편의점,GS25,8300.0,"E카드 스타벅스 50% 할인까지 10만 5,100원 남았어요. 이번 주 편의점은 E카드로 결제하세요."
C0328,CARD_A,신한카드 Mr.Life,2025-12,701740,10,2,1000000.0,298260,2,6940,6940,6940.0,0.0,커피,컴포즈커피,14100.0,"A카드 할인한도 월 5만 원까지 29만 8,300원 남았어요. 이번 주 커피는 A카드로 결제하세요."
C0328,CARD_B,KB국민카드 굿데이카드,2025-12,13140,2,0,300000.0,286860,0,0,0,0.0,0.0,커피,컴포즈커피,14100.0,"B카드 통신비 10% 할인까지 28만 6,900원 남았어요. 이번 주 커피는 B카드로 결제하세요."
C0328,CARD_C,하나카드 MOVING카드 ALLDAY모드,2025-12,323400,5,1,,0,1,1620,1620,,,,,,
C0328,CARD_D,삼성카드 삼성 iD SELECT ALL 카드,2025-12,10900,1,0,400000.0,389100,0,0,0,80.0,80.0,구독료,유튜브 프리미엄,26100.0,"D카드 SELECT 7% 할인까지 38만 9,100원 남았어요. 이번 주 구독료는 D카드로 결제하세요."
C0328,CARD_E,NH농협카드 올바른 FLEX 카드,2025-12,311290,3,1,,0,0,0,5000,,,,,,
C0329,CARD_A,신한카드 Mr.Life,2025-12,0,0,0,300000.0,300000,1,0,0,0.0,0.0,병원·약국,내과의원,311600.0,A카드 공과금·편의점 10% 할인까지 30만 원 남았어요. 이번 주 병원·약국은 A카드로 결제하세요.
C0329,CARD_B,KB국민카드 굿데이카드,2025-12,180200,2,0,300000.0,119800,0,0,0,0.0,0.0,커피,스타벅스,23800.0,"B카드 통신비 10% 할인까지 11만 9,800원 남았어요. 이번 주 커피는 B카드로 결제하세요."
C0329,CARD_C,하나카드 MOVING카드 ALLDAY모드,2025-12,364030,10,1,,0,1,3640,3640,,,,,,
C0329,CARD_D,삼성카드 삼성 iD SELECT ALL 카드,2025-12,11100,1,0,400000.0,388900,0,0,0,80.0,80.0,병원·약국,내과의원,311600.0,"D카드 SELECT 7% 할인까지 38만 8,900원 남았어요. 이번 주 병원·약국은 D카드로 결제하세요."
C0329,CARD_E,NH농협카드 올바른 FLEX 카드,2025-12,0,0,0,300000.0,300000,0,0,0,0.0,0.0,커피,스타벅스,23800.0,E카드 스타벅스 50% 할인까지 30만 원 남았어요. 이번 주 커피는 E카드로 결제하세요.
C0330,CARD_A,신한카드 Mr.Life,2025-12,0,0,0,300000.0,300000,0,0,0,0.0,0.0,외식,스시오마카세,219500.0,A카드 공과금·편의점 10% 할인까지 30만 원 남았어요. 이번 주 외식은 A카드로 결제하세요.
C0330,CARD_B,KB국민카드 굿데이카드,2025-12,579300,8,1,600000.0,20700,3,6670,2910,6670.0,3760.0,외식,스시오마카세,219500.0,B카드 외식·커피 10% 할인까지 2만 700원 남았어요. 이번 주 외식은 B카드로 결제하세요.
C0330,CARD_C,하나카드 MOVING카드 ALLDAY모드,2025-12,0,0,1,,0,1,0,0,,,,,,
C0330,CARD_D,삼성카드 삼성 iD SELECT ALL 카드,2025-12,0,0,0,400000.0,400000,0,0,0,0.0,0.0,외식,스시오마카세,219500.0,D카드 SELECT 7% 할인까지 40만 원 남았어요. 이번 주 외식은 D카드로 결제하세요.
C0330,CARD_E,NH농협카드 올바른 FLEX 카드,2025-12,0,0,0,300000.0,300000,0,0,0,0.0,0.0,배달 주문,쿠팡이츠,100800.0,E카드 스타벅스 50% 할인까지 30만 원 남았어요. 이번 주 배달 주문은 E카드로 결제하세요.
C0331,CARD_A,신한카드 Mr.Life,2025-12,0,0,0,300000.0,300000,0,0,0,0.0,0.0,외식,고깃집,17900.0,A카드 공과금·편의점 10% 할인까지 30만 원 남았어요. 이번 주 외식은 A카드로 결제하세요.
C0331,CARD_B,KB국민카드 굿데이카드,2025-12,0,0,0,300000.0,300000,0,0,0,0.0,0.0,외식,고깃집,17900.0,B카드 통신비 10% 할인까지 30만 원 남았어요. 이번 주 외식은 B카드로 결제하세요.
C0331,CARD_C,하나카드 MOVING카드 ALLDAY모드,2025-12,11600,1,1,,0,1,60,60,,,,,,
C0331,CARD_D,삼성카드 삼성 iD SELECT ALL 카드,2025-12,91660,2,0,400000.0,308340,0,0,0,640.0,640.0,외식,고깃집,17900.0,"D카드 SELECT 7% 할인까지 30만 8,300원 남았어요. 이번 주 외식은 D카드로 결제하세요."
C0331,CARD_E,NH농협카드 올바른 FLEX 카드,2025-12,0,0,0,300000.0,300000,0,0,0,0.0,0.0,커피,스타벅스,2600.0,E카드 스타벅스 50% 할인까지 30만 원 남았어요. 이번 주 커피는 E카드로 결제하세요.
C0332,CARD_A,신한카드 Mr.Life,2025-12,0,0,0,300000.0,300000,0,0,0,0.0,0.0,장보기,이마트,692300.0,A카드 공과금·편의점 10% 할인까지 30만 원 남았어요. 이번 주말 장보기는 A카드로 결제하세요.
C0332,CARD_B,KB국민카드 굿데이카드,2025-12,0,0,0,300000.0,300000,0,0,0,0.0,0.0,외식,스시오마카세,155700.0,B카드 통신비 10% 할인까지 30만 원 남았어요. 이번 주 외식은 B카드로 결제하세요.
C0332,CARD_C,하나카드 MOVING카드 ALLDAY모드,2025-12,1421410,16,1,,0,1,14210,14210,,,,,,
C0332,CARD_D,삼성카드 삼성 iD SELECT ALL 카드,2025-12,0,0,0,400000.0,400000,0,0,0,0.0,0.0,장보기,이마트,692300.0,D카드 SELECT 7% 할인까지 40만 원 남았어요. 이번 주말 장보기는 D카드로 결제하세요.
C0332,CARD_E,NH농협카드 올바른 FLEX 카드,2025-12,69100,2,0,300000.0,230900,0,0,0,0.0,0.0,편의점,CU,12400.0,E카드 스타벅스 50% 할인까지 23만 900원 남았어요. 이번 주 편의점은 E카드로 결제하세요.
C0333,CARD_A,신한카드 Mr.Life,2025-12,333050,14,1,500000.0,166950,3,8350,8060,8350.0,290.0,커피,메가MGC커피,8400.0,"A카드 할인한도 월 3.4만 원까지 16만 7,000원 남았어요. 이번 주 커피는 A카드로 결제하세요."
C0333,CARD_B,KB국민카드 굿데이카드,2025-12,10200,1,0,300000.0,289800,0,0,0,1020.0,1020.0,커피,메가MGC커피,8400.0,"B카드 통신비 10% 할인까지 28만 9,800원 남았어요. 이번 주 커피는 B카드로 결제하세요."
C0333,CARD_C,하나카드 MOVING카드 ALLDAY모드,2025-12,1940,1,1,,0,1,10,10,,,,,,
C0333,CARD_D,삼성카드 삼성 iD SELECT ALL 카드,2025-12,0,0,0,400000.0,400000,0,0,0,0.0,0.0,구독료,네이버플러스 멤버십,36300.0,D카드 SELECT 7% 할인까지 40만 원 남았어요. 이번 주 구독료는 D카드로 결제하세요.
C0333,CARD_E,NH농협카드 올바른 FLEX 카드,2025-12,17200,1,0,300000.0,282800,0,0,0,1200.0,1200.0,커피,메가MGC커피,8400.0,"E카드 스타벅스 50% 할인까지 28만 2,800원 남았어요. 이번 주 커피는 E카드로 결제하세요."
C0334,CARD_A,신한카드 Mr.Life,2025-12,4800,1,0,300000.0,295200,0,0,0,0.0,0.0,장보기,이마트,186900.0,"A카드 공과금·편의점 10% 할인까지 29만 5,200원 남았어요. 이번 주말 장보기는 A카드로 결제하세요."
C0334,CARD_B,KB국민카드 굿데이카드,2025-12,0,0,0,300000.0,300000,0,0,0,0.0,0.0,편의점,CU,10800.0,B카드 통신비 10% 할인까지 30만 원 남았어요. 이번 주 편의점은 B카드로 결제하세요.
C0334,CARD_C,하나카드 MOVING카드 ALLDAY모드,2025-12,1045810,6,1,,0,1,5230,5230,,,,,,
C0334,CARD_D,삼성카드 삼성 iD SELECT ALL 카드,2025-12,0,0,0,400000.0,400000,0,0,0,0.0,0.0,장보기,이마트,186900.0,D카드 SELECT 7% 할인까지 40만 원 남았어요. 이번 주말 장보기는 D카드로 결제하세요.
C0334,CARD_E,NH농협카드 올바른 FLEX 카드,2025-12,19000,1,0,300000.0,281000,0,0,0,950.0,950.0,온라인쇼핑,쿠팡,52600.0,"E카드 스타벅스 50% 할인까지 28만 1,000원 남았어요. 이번 주 온라인쇼핑은 E카드로 결제하세요."
C0335,CARD_A,신한카드 Mr.Life,2025-12,5201300,8,3,,0,3,11040,11040,,,,,,
C0335,CARD_B,KB국민카드 굿데이카드,2025-12,59300,2,0,300000.0,240700,0,0,0,0.0,0.0,외식,김밥천국,156700.0,B카드 통신비 10% 할인까지 24만 700원 남았어요. 이번 주 외식은 B카드로 결제하세요.
C0335,CARD_C,하나카드 MOVING카드 ALLDAY모드,2025-12,60700,1,1,,0,1,300,300,,,,,,
C0335,CARD_D,삼성카드 삼성 iD SELECT ALL 카드,2025-12,0,0,0,400000.0,400000,0,0,0,0.0,0.0,외식,김밥천국,156700.0,D카드 SELECT 7% 할인까지 40만 원 남았어요. 이번 주 외식은 D카드로 결제하세요.
C0335,CARD_E,NH농협카드 올바른 FLEX 카드,2025-12,0,0,0,300000.0,300000,0,0,0,0.0,0.0,온라인쇼핑,올리브영온라인,174800.0,E카드 스타벅스 50% 할인까지 30만 원 남았어요. 이번 주 온라인쇼핑은 E카드로 결제하세요.
C0336,CARD_A,신한카드 Mr.Life,2025-12,0,0,0,300000.0,300000,0,0,0,0.0,0.0,장보기,이마트,395000.0,A카드 공과금·편의점 10% 할인까지 30만 원 남았어요. 이번 주말 장보기는 A카드로 결제하세요.
C0336,CARD_B,KB국민카드 굿데이카드,2025-12,0,0,0,300000.0,300000,0,0,0,0.0,0.0,외식,동네식당,95200.0,B카드 통신비 10% 할인까지 30만 원 남았어요. 이번 주 외식은 B카드로 결제하세요.
C0336,CARD_C,하나카드 MOVING카드 ALLDAY모드,2025-12,801200,7,1,,0,1,8010,8010,,,,,,
C0336,CARD_D,삼성카드 삼성 iD SELECT ALL 카드,2025-12,59200,1,0,400000.0,340800,0,0,0,410.0,410.0,장보기,이마트,395000.0,D카드 SELECT 7% 할인까지 34만 800원 남았어요. 이번 주말 장보기는 D카드로 결제하세요.
C0336,CARD_E,NH농협카드 올바른 FLEX 카드,2025-12,0,0,0,300000.0,300000,0,0,0,0.0,0.0,배달 주문,배달의민족,25100.0,E카드 스타벅스 50% 할인까지 30만 원 남았어요. 이번 주 배달 주문은 E카드로 결제하세요.
C0337,CARD_A,신한카드 Mr.Life,2025-12,420140,9,1,500000.0,79860,2,22280,13000,22280.0,9280.0,장보기,쿠팡프레시,158000.0,"A카드 할인한도 월 3.4만 원까지 7만 9,900원 남았어요. 이번 주말 장보기는 A카드로 결제하세요."
C0337,CARD_B,KB국민카드 굿데이카드,2025-12,3610,1,0,300000.0,296390,0,0,0,0.0,0.0,커피,메가MGC커피,4400.0,"B카드 통신비 10% 할인까지 29만 6,400원 남았어요. 이번 주 커피는 B카드로 결제하세요."
C0337,CARD_C,하나카드 MOVING카드 ALLDAY모드,2025-12,0,0,1,,0,1,0,0,,,,,,
C0337,CARD_D,삼성카드 삼성 iD SELECT ALL 카드,2025-12,21700,1,0,400000.0,378300,0,0,0,1670.0,1670.0,구독료,스포티파이,21900.0,"D카드 SELECT 7% 할인까지 37만 8,300원 남았어요. 이번 주 구독료는 D카드로 결제하세요."
C0337,CARD_E,NH농협카드 올바른 FLEX 카드,2025-12,0,0,0,300000.0,300000,0,0,0,0.0,0.0,구독료,스포티파이,21900.0,E카드 스타벅스 50% 할인까지 30만 원 남았어요. 이번 주 구독료는 E카드로 결제하세요.
C0338,CARD_A,신한카드 Mr.Life,2025-12,0,0,0,300000.0,300000,0,0,0,0.0,0.0,커피,컴포즈커피,25600.0,A카드 공과금·편의점 10% 할인까지 30만 원 남았어요. 이번 주 커피는 A카드로 결제하세요.
C0338,CARD_B,KB국민카드 굿데이카드,2025-12,17300,1,0,300000.0,282700,1,0,0,0.0,0.0,커피,컴포즈커피,25600.0,"B카드 통신비 10% 할인까지 28만 2,700원 남았어요. 이번 주 커피는 B카드로 결제하세요."
C0338,CARD_C,하나카드 MOVING카드 ALLDAY모드,2025-12,0,0,1,,0,1,0,0,,,,,,
C0338,CARD_D,삼성카드 삼성 iD SELECT ALL 카드,2025-12,608210,14,1,800000.0,191790,2,21210,18210,21210.0,3000.0,외식,맘스터치,101400.0,"D카드 SELECT 한도 월 1만 원까지 19만 1,800원 남았어요. 이번 주 외식은 D카드로 결제하세요."
C0338,CARD_E,NH농협카드 올바른 FLEX 카드,2025-12,7790,1,0,300000.0,292210,0,0,0,390.0,390.0,커피,컴포즈커피,25600.0,"E카드 스타벅스 50% 할인까지 29만 2,200원 남았어요. 이번 주 커피는 E카드로 결제하세요."
C0339,CARD_A,신한카드 Mr.Life,2025-12,0,0,0,300000.0,300000,1,0,0,0.0,0.0,편의점,GS25,43600.0,A카드 공과금·편의점 10% 할인까지 30만 원 남았어요. 이번 주 편의점은 A카드로 결제하세요.
C0339,CARD_B,KB국민카드 굿데이카드,2025-12,71000,1,0,300000.0,229000,0,0,0,0.0,0.0,편의점,GS25,43600.0,"B카드 통신비 10% 할인까지 22만 9,000원 남았어요. 이번 주 편의점은 B카드로 결제하세요."
C0339,CARD_C,하나카드 MOVING카드 ALLDAY모드,2025-12,805970,6,1,,0,1,4030,4030,,,,,,
C0339,CARD_D,삼성카드 삼성 iD SELECT ALL 카드,2025-12,1069100,2,2,1200000.0,130900,0,0,17480,22480.0,5000.0,편의점,GS25,43600.0,D카드 SELECT 한도 월 1.5만 원까지 13만 900원 남았어요. 이번 주 편의점은 D카드로 결제하세요.
C0339,CARD_E,NH농협카드 올바른 FLEX 카드,2025-12,135300,3,0,300000.0,164700,0,0,0,3620.0,3620.0,편의점,GS25,43600.0,"E카드 스타벅스 50% 할인까지 16만 4,700원 남았어요. 이번 주 편의점은 E카드로 결제하세요."
C0340,CARD_A,신한카드 Mr.Life,2025-12,1870200,30,3,,0,1,5980,6560,,,,,,
C0340,CARD_B,KB국민카드 굿데이카드,2025-12,0,0,0,300000.0,300000,0,0,0,0.0,0.0,외식,동네식당,240400.0,B카드 통신비 10% 할인까지 30만 원 남았어요. 이번 주 외식은 B카드로 결제하세요.
C0340,CARD_C,하나카드 MOVING카드 ALLDAY모드,2025-12,0,0,1,,0,1,0,0,,,,,,
C0340,CARD_D,삼성카드 삼성 iD SELECT ALL 카드,2025-12,0,0,0,400000.0,400000,0,0,0,0.0,0.0,외식,동네식당,240400.0,D카드 SELECT 7% 할인까지 40만 원 남았어요. 이번 주 외식은 D카드로 결제하세요.
C0340,CARD_E,NH농협카드 올바른 FLEX 카드,2025-12,147720,2,0,300000.0,152280,0,0,0,0.0,0.0,편의점,GS25,27100.0,"E카드 스타벅스 50% 할인까지 15만 2,300원 남았어요. 이번 주 편의점은 E카드로 결제하세요."
C0341,CARD_A,신한카드 Mr.Life,2025-12,88860,2,0,300000.0,211140,0,0,0,3000.0,3000.0,장보기,동네마트,340100.0,"A카드 공과금·편의점 10% 할인까지 21만 1,100원 남았어요. 이번 주말 장보기는 A카드로 결제하세요."
C0341,CARD_B,KB국민카드 굿데이카드,2025-12,122890,2,0,300000.0,177110,0,0,0,0.0,0.0,편의점,GS25,14200.0,"B카드 통신비 10% 할인까지 17만 7,100원 남았어요. 이번 주 편의점은 B카드로 결제하세요."
C0341,CARD_C,하나카드 MOVING카드 ALLDAY모드,2025-12,1193270,15,1,,0,1,11930,11930,,,,,,
C0341,CARD_D,삼성카드 삼성 iD SELECT ALL 카드,2025-12,7890,1,0,400000.0,392110,0,0,0,60.0,60.0,장보기,동네마트,340100.0,"D카드 SELECT 7% 할인까지 39만 2,100원 남았어요. 이번 주말 장보기는 D카드로 결제하세요."
C0341,CARD_E,NH농협카드 올바른 FLEX 카드,2025-12,15350,2,0,300000.0,284650,0,0,0,4180.0,4180.0,편의점,GS25,14200.0,"E카드 스타벅스 50% 할인까지 28만 4,600원 남았어요. 이번 주 편의점은 E카드로 결제하세요."
C0342,CARD_A,신한카드 Mr.Life,2025-12,977490,23,2,1000000.0,22510,3,21750,21750,21750.0,0.0,온라인쇼핑,쿠팡,448700.0,"A카드 할인한도 월 5만 원까지 2만 2,500원 남았어요. 이번 주 온라인쇼핑은 A카드로 결제하세요."
C0342,CARD_B,KB국민카드 굿데이카드,2025-12,92100,2,0,300000.0,207900,0,0,0,0.0,0.0,커피,이디야커피,43500.0,"B카드 통신비 10% 할인까지 20만 7,900원 남았어요. 이번 주 커피는 B카드로 결제하세요."
C0342,CARD_C,하나카드 MOVING카드 ALLDAY모드,2025-12,18740,2,1,,0,1,90,90,,,,,,
C0342,CARD_D,삼성카드 삼성 iD SELECT ALL 카드,2025-12,3920,1,0,400000.0,396080,0,0,0,30.0,30.0,온라인쇼핑,쿠팡,448700.0,"D카드 SELECT 7% 할인까지 39만 6,100원 남았어요. 이번 주 온라인쇼핑은 D카드로 결제하세요."
C0342,CARD_E,NH농협카드 올바른 FLEX 카드,2025-12,0,0,0,300000.0,300000,0,0,0,0.0,0.0,온라인쇼핑,쿠팡,448700.0,E카드 스타벅스 50% 할인까지 30만 원 남았어요. 이번 주 온라인쇼핑은 E카드로 결제하세요.
C0343,CARD_A,신한카드 Mr.Life,2025-12,3415090,15,3,,0,3,7160,7160,,,,,,
C0343,CARD_B,KB국민카드 굿데이카드,2025-12,0,0,0,300000.0,300000,0,0,0,0.0,0.0,외식,한식뷔페,142800.0,B카드 통신비 10% 할인까지 30만 원 남았어요. 이번 주 외식은 B카드로 결제하세요.
C0343,CARD_C,하나카드 MOVING카드 ALLDAY모드,2025-12,0,0,1,,0,1,0,0,,,,,,
C0343,CARD_D,삼성카드 삼성 iD SELECT ALL 카드,2025-12,49700,1,0,400000.0,350300,0,0,0,350.0,350.0,외식,한식뷔페,142800.0,D카드 SELECT 7% 할인까지 35만 300원 남았어요. 이번 주 외식은 D카드로 결제하세요.
C0343,CARD_E,NH농협카드 올바른 FLEX 카드,2025-12,0,0,0,300000.0,300000,0,0,0,0.0,0.0,구독료,쿠팡와우,11200.0,E카드 스타벅스 50% 할인까지 30만 원 남았어요. 이번 주 구독료는 E카드로 결제하세요.
C0344,CARD_A,신한카드 Mr.Life,2025-12,0,0,0,300000.0,300000,0,0,0,0.0,0.0,커피,메가MGC커피,20400.0,A카드 공과금·편의점 10% 할인까지 30만 원 남았어요. 이번 주 커피는 A카드로 결제하세요.
C0344,CARD_B,KB국민카드 굿데이카드,2025-12,740040,15,2,1200000.0,459960,3,5840,5840,5840.0,0.0,커피,메가MGC커피,20400.0,B카드 학원비 10% 할인까지 46만 원 남았어요. 이번 주 커피는 B카드로 결제하세요.
C0344,CARD_C,하나카드 MOVING카드 ALLDAY모드,2025-12,0,0,1,,0,1,0,0,,,,,,
C0344,CARD_D,삼성카드 삼성 iD SELECT ALL 카드,2025-12,0,0,0,400000.0,400000,0,0,0,0.0,0.0,구독료,밀리의서재,28500.0,D카드 SELECT 7% 할인까지 40만 원 남았어요. 이번 주 구독료는 D카드로 결제하세요.
C0344,CARD_E,NH농협카드 올바른 FLEX 카드,2025-12,0,0,0,300000.0,300000,0,0,0,0.0,0.0,커피,메가MGC커피,20400.0,E카드 스타벅스 50% 할인까지 30만 원 남았어요. 이번 주 커피는 E카드로 결제하세요.
C0345,CARD_A,신한카드 Mr.Life,2025-12,0,0,0,300000.0,300000,0,0,0,0.0,0.0,외식,동네식당,99500.0,A카드 공과금·편의점 10% 할인까지 30만 원 남았어요. 이번 주 외식은 A카드로 결제하세요.
C0345,CARD_B,KB국민카드 굿데이카드,2025-12,316100,8,1,600000.0,283900,2,1280,0,1280.0,1280.0,외식,동네식당,99500.0,"B카드 외식·커피 10% 할인까지 28만 3,900원 남았어요. 이번 주 외식은 B카드로 결제하세요."
C0345,CARD_C,하나카드 MOVING카드 ALLDAY모드,2025-12,0,0,1,,0,1,0,0,,,,,,
C0345,CARD_D,삼성카드 삼성 iD SELECT ALL 카드,2025-12,0,0,0,400000.0,400000,0,0,0,0.0,0.0,외식,동네식당,99500.0,D카드 SELECT 7% 할인까지 40만 원 남았어요. 이번 주 외식은 D카드로 결제하세요.
C0345,CARD_E,NH농협카드 올바른 FLEX 카드,2025-12,41100,1,0,300000.0,258900,0,0,0,4110.0,4110.0,구독료,어도비 Creative Cloud,61000.0,"E카드 스타벅스 50% 할인까지 25만 8,900원 남았어요. 이번 주 구독료는 E카드로 결제하세요."
C0346,CARD_A,신한카드 Mr.Life,2025-12,139900,2,0,300000.0,160100,2,3680,0,3000.0,3000.0,편의점,CU,44500.0,A카드 공과금·편의점 10% 할인까지 16만 100원 남았어요. 이번 주 편의점은 A카드로 결제하세요.
C0346,CARD_B,KB국민카드 굿데이카드,2025-12,0,0,0,300000.0,300000,0,0,0,0.0,0.0,편의점,CU,44500.0,B카드 통신비 10% 할인까지 30만 원 남았어요. 이번 주 편의점은 B카드로 결제하세요.
C0346,CARD_C,하나카드 MOVING카드 ALLDAY모드,2025-12,0,0,1,,0,1,0,0,,,,,,
C0346,CARD_D,삼성카드 삼성 iD SELECT ALL 카드,2025-12,550260,10,1,800000.0,249740,2,13850,10850,13850.0,3000.0,편의점,CU,44500.0,"D카드 SELECT 한도 월 1만 원까지 24만 9,700원 남았어요. 이번 주 편의점은 D카드로 결제하세요."
C0346,CARD_E,NH농협카드 올바른 FLEX 카드,2025-12,68800,2,0,300000.0,231200,0,0,0,4600.0,4600.0,편의점,CU,44500.0,"E카드 스타벅스 50% 할인까지 23만 1,200원 남았어요. 이번 주 편의점은 E카드로 결제하세요."
C0347,CARD_A,신한카드 Mr.Life,2025-12,0,0,0,300000.0,300000,0,0,0,0.0,0.0,외식,서브웨이,87700.0,A카드 공과금·편의점 10% 할인까지 30만 원 남았어요. 이번 주 외식은 A카드로 결제하세요.
C0347,CARD_B,KB국민카드 굿데이카드,2025-12,0,0,0,300000.0,300000,0,0,0,0.0,0.0,외식,서브웨이,87700.0,B카드 통신비 10% 할인까지 30만 원 남았어요. 이번 주 외식은 B카드로 결제하세요.
C0347,CARD_C,하나카드 MOVING카드 ALLDAY모드,2025-12,597600,4,1,,0,1,2990,2990,,,,,,
C0347,CARD_D,삼성카드 삼성 iD SELECT ALL 카드,2025-12,0,0,0,400000.0,400000,0,0,0,0.0,0.0,외식,서브웨이,87700.0,D카드 SELECT 7% 할인까지 40만 원 남았어요. 이번 주 외식은 D카드로 결제하세요.
C0347,CARD_E,NH농협카드 올바른 FLEX 카드,2025-12,112900,1,0,300000.0,187100,0,0,0,0.0,0.0,온라인쇼핑,네이버쇼핑,41800.0,"E카드 스타벅스 50% 할인까지 18만 7,100원 남았어요. 이번 주 온라인쇼핑은 E카드로 결제하세요."
C0348,CARD_A,신한카드 Mr.Life,2025-12,0,0,0,300000.0,300000,0,0,0,0.0,0.0,커피,메가MGC커피,8700.0,A카드 공과금·편의점 10% 할인까지 30만 원 남았어요. 이번 주 커피는 A카드로 결제하세요.
C0348,CARD_B,KB국민카드 굿데이카드,2025-12,17000,1,0,300000.0,283000,1,0,0,0.0,0.0,커피,메가MGC커피,8700.0,"B카드 통신비 10% 할인까지 28만 3,000원 남았어요. 이번 주 커피는 B카드로 결제하세요."
C0348,CARD_C,하나카드 MOVING카드 ALLDAY모드,2025-12,375970,9,1,,0,1,3760,3760,,,,,,
C0348,CARD_D,삼성카드 삼성 iD SELECT ALL 카드,2025-12,0,0,0,400000.0,400000,0,0,0,0.0,0.0,배달 주문,배달의민족,48500.0,D카드 SELECT 7% 할인까지 40만 원 남았어요. 이번 주 배달 주문은 D카드로 결제하세요.
C0348,CARD_E,NH농협카드 올바른 FLEX 카드,2025-12,55610,2,0,300000.0,244390,0,0,0,430.0,430.0,커피,메가MGC커피,8700.0,"E카드 스타벅스 50% 할인까지 24만 4,400원 남았어요. 이번 주 커피는 E카드로 결제하세요."
C0349,CARD_A,신한카드 Mr.Life,2025-12,0,0,0,300000.0,300000,0,0,0,0.0,0.0,장보기,동네마트,143700.0,A카드 공과금·편의점 10% 할인까지 30만 원 남았어요. 이번 주말 장보기는 A카드로 결제하세요.
C0349,CARD_B,KB국민카드 굿데이카드,2025-12,0,0,0,300000.0,300000,0,0,0,0.0,0.0,커피,이디야커피,9200.0,B카드 통신비 10% 할인까지 30만 원 남았어요. 이번 주 커피는 B카드로 결제하세요.
C0349,CARD_C,하나카드 MOVING카드 ALLDAY모드,2025-12,171010,4,1,,0,1,860,860,,,,,,
C0349,CARD_D,삼성카드 삼성 iD SELECT ALL 카드,2025-12,0,0,0,400000.0,400000,0,0,0,0.0,0.0,장보기,동네마트,143700.0,D카드 SELECT 7% 할인까지 40만 원 남았어요. 이번 주말 장보기는 D카드로 결제하세요.
C0349,CARD_E,NH농협카드 올바른 FLEX 카드,2025-12,0,0,0,300000.0,300000,0,0,0,0.0,0.0,커피,이디야커피,9200.0,E카드 스타벅스 50% 할인까지 30만 원 남았어요. 이번 주 커피는 E카드로 결제하세요.
C0350,CARD_A,신한카드 Mr.Life,2025-12,0,0,0,300000.0,300000,0,0,0,0.0,0.0,장보기,홈플러스,341700.0,A카드 공과금·편의점 10% 할인까지 30만 원 남았어요. 이번 주말 장보기는 A카드로 결제하세요.
C0350,CARD_B,KB국민카드 굿데이카드,2025-12,0,0,0,300000.0,300000,3,0,0,0.0,0.0,커피,스타벅스,15600.0,B카드 통신비 10% 할인까지 30만 원 남았어요. 이번 주 커피는 B카드로 결제하세요.
C0350,CARD_C,하나카드 MOVING카드 ALLDAY모드,2025-12,455490,10,1,,0,1,2280,2280,,,,,,
C0350,CARD_D,삼성카드 삼성 iD SELECT ALL 카드,2025-12,92600,1,0,400000.0,307400,0,0,0,650.0,650.0,장보기,홈플러스,341700.0,"D카드 SELECT 7% 할인까지 30만 7,400원 남았어요. 이번 주말 장보기는 D카드로 결제하세요."
C0350,CARD_E,NH농협카드 올바른 FLEX 카드,2025-12,0,0,0,300000.0,300000,0,0,0,0.0,0.0,커피,스타벅스,15600.0,E카드 스타벅스 50% 할인까지 30만 원 남았어요. 이번 주 커피는 E카드로 결제하세요.
C0351,CARD_A,신한카드 Mr.Life,2025-12,215160,6,0,300000.0,84840,1,2520,0,2520.0,2520.0,주유,GS칼텍스,170600.0,"A카드 공과금·편의점 10% 할인까지 8만 4,800원 남았어요. 이번 주말 주유는 A카드로 결제하세요."
C0351,CARD_B,KB국민카드 굿데이카드,2025-12,0,0,0,300000.0,300000,0,0,0,0.0,0.0,주유,GS칼텍스,170600.0,B카드 통신비 10% 할인까지 30만 원 남았어요. 이번 주말 주유는 B카드로 결제하세요.
C0351,CARD_C,하나카드 MOVING카드 ALLDAY모드,2025-12,67600,1,1,,0,1,340,340,,,,,,
C0351,CARD_D,삼성카드 삼성 iD SELECT ALL 카드,2025-12,68820,2,0,400000.0,331180,0,0,0,4970.0,4970.0,주유,GS칼텍스,170600.0,"D카드 SELECT 7% 할인까지 33만 1,200원 남았어요. 이번 주말 주유는 D카드로 결제하세요."
C0351,CARD_E,NH농협카드 올바른 FLEX 카드,2025-12,0,0,0,300000.0,300000,0,0,0,0.0,0.0,커피,컴포즈커피,8200.0,E카드 스타벅스 50% 할인까지 30만 원 남았어요. 이번 주 커피는 E카드로 결제하세요.
C0352,CARD_A,신한카드 Mr.Life,2025-12,652230,13,2,1000000.0,347770,2,5610,5610,5610.0,0.0,편의점,GS25,23500.0,"A카드 할인한도 월 5만 원까지 34만 7,800원 남았어요. 이번 주 편의점은 A카드로 결제하세요."
C0352,CARD_B,KB국민카드 굿데이카드,2025-12,10900,1,0,300000.0,289100,0,0,0,0.0,0.0,편의점,GS25,23500.0,"B카드 통신비 10% 할인까지 28만 9,100원 남았어요. 이번 주 편의점은 B카드로 결제하세요."
C0352,CARD_C,하나카드 MOVING카드 ALLDAY모드,2025-12,88300,2,1,,0,1,440,440,,,,,,
C0352,CARD_D,삼성카드 삼성 iD SELECT ALL 카드,2025-12,13600,1,0,400000.0,386400,0,0,0,100.0,100.0,배달 주문,쿠팡이츠,115300.0,"D카드 SELECT 7% 할인까지 38만 6,400원 남았어요. 이번 주 배달 주문은 D카드로 결제하세요."
C0352,CARD_E,NH농협카드 올바른 FLEX 카드,2025-12,76460,2,0,300000.0,223540,0,0,0,70.0,70.0,배달 주문,쿠팡이츠,115300.0,"E카드 스타벅스 50% 할인까지 22만 3,500원 남았어요. 이번 주 배달 주문은 E카드로 결제하세요."
C0353,CARD_A,신한카드 Mr.Life,2025-12,0,0,0,300000.0,300000,0,0,0,0.0,0.0,커피,폴바셋,27600.0,A카드 공과금·편의점 10% 할인까지 30만 원 남았어요. 이번 주 커피는 A카드로 결제하세요.
C0353,CARD_B,KB국민카드 굿데이카드,2025-12,1302030,24,3,,0,3,5100,5100,,,,,,
C0353,CARD_C,하나카드 MOVING카드 ALLDAY모드,2025-12,61200,3,1,,0,1,310,310,,,,,,
C0353,CARD_D,삼성카드 삼성 iD SELECT ALL 카드,2025-12,25200,3,0,400000.0,374800,0,0,0,470.0,470.0,구독료,웨이브,48600.0,"D카드 SELECT 7% 할인까지 37만 4,800원 남았어요. 이번 주 구독료는 D카드로 결제하세요."
C0353,CARD_E,NH농협카드 올바른 FLEX 카드,2025-12,857800,4,1,,0,0,0,4660,,,,,,
C0354,CARD_A,신한카드 Mr.Life,2025-12,1250740,10,3,,0,2,5720,5720,,,,,,
C0354,CARD_B,KB국민카드 굿데이카드,2025-12,73400,1,0,300000.0,226600,0,0,0,0.0,0.0,편의점,GS25,12500.0,"B카드 통신비 10% 할인까지 22만 6,600원 남았어요. 이번 주 편의점은 B카드로 결제하세요."
C0354,CARD_C,하나카드 MOVING카드 ALLDAY모드,2025-12,0,0,1,,0,1,0,0,,,,,,
C0354,CARD_D,삼성카드 삼성 iD SELECT ALL 카드,2025-12,0,0,0,400000.0,400000,0,0,0,0.0,0.0,장보기,마켓컬리,547400.0,D카드 SELECT 7% 할인까지 40만 원 남았어요. 이번 주말 장보기는 D카드로 결제하세요.
C0354,CARD_E,NH농협카드 올바른 FLEX 카드,2025-12,0,0,0,300000.0,300000,0,0,0,0.0,0.0,편의점,GS25,12500.0,E카드 스타벅스 50% 할인까지 30만 원 남았어요. 이번 주 편의점은 E카드로 결제하세요.
C0355,CARD_A,신한카드 Mr.Life,2025-12,45900,1,0,300000.0,254100,0,0,0,0.0,0.0,장보기,이마트,428500.0,"A카드 공과금·편의점 10% 할인까지 25만 4,100원 남았어요. 이번 주말 장보기는 A카드로 결제하세요."
C0355,CARD_B,KB국민카드 굿데이카드,2025-12,0,0,0,300000.0,300000,0,0,0,0.0,0.0,외식,동네식당,86500.0,B카드 통신비 10% 할인까지 30만 원 남았어요. 이번 주 외식은 B카드로 결제하세요.
C0355,CARD_C,하나카드 MOVING카드 ALLDAY모드,2025-12,1273960,18,1,,0,1,12740,12740,,,,,,
C0355,CARD_D,삼성카드 삼성 iD SELECT ALL 카드,2025-12,0,0,0,400000.0,400000,0,0,0,0.0,0.0,장보기,이마트,428500.0,D카드 SELECT 7% 할인까지 40만 원 남았어요. 이번 주말 장보기는 D카드로 결제하세요.
C0355,CARD_E,NH농협카드 올바른 FLEX 카드,2025-12,0,0,0,300000.0,300000,0,0,0,0.0,0.0,편의점,GS25,8000.0,E카드 스타벅스 50% 할인까지 30만 원 남았어요. 이번 주 편의점은 E카드로 결제하세요.
C0356,CARD_A,신한카드 Mr.Life,2025-12,178300,1,0,300000.0,121700,0,0,0,0.0,0.0,외식,김밥천국,142100.0,"A카드 공과금·편의점 10% 할인까지 12만 1,700원 남았어요. 이번 주 외식은 A카드로 결제하세요."
C0356,CARD_B,KB국민카드 굿데이카드,2025-12,662510,9,2,1200000.0,537490,3,5000,5000,5000.0,0.0,외식,김밥천국,142100.0,"B카드 학원비 10% 할인까지 53만 7,500원 남았어요. 이번 주 외식은 B카드로 결제하세요."
C0356,CARD_C,하나카드 MOVING카드 ALLDAY모드,2025-12,4060,1,1,,0,1,20,20,,,,,,
C0356,CARD_D,삼성카드 삼성 iD SELECT ALL 카드,2025-12,164200,2,0,400000.0,235800,0,0,0,5730.0,5730.0,외식,김밥천국,142100.0,"D카드 SELECT 7% 할인까지 23만 5,800원 남았어요. 이번 주 외식은 D카드로 결제하세요."
C0356,CARD_E,NH농협카드 올바른 FLEX 카드,2025-12,0,0,0,300000.0,300000,0,0,0,0.0,0.0,커피,컴포즈커피,10900.0,E카드 스타벅스 50% 할인까지 30만 원 남았어요. 이번 주 커피는 E카드로 결제하세요.
C0357,CARD_A,신한카드 Mr.Life,2025-12,126960,5,0,300000.0,173040,0,0,0,3000.0,3000.0,편의점,GS25,6000.0,"A카드 공과금·편의점 10% 할인까지 17만 3,000원 남았어요. 이번 주 편의점은 A카드로 결제하세요."
C0357,CARD_B,KB국민카드 굿데이카드,2025-12,0,0,0,300000.0,300000,0,0,0,0.0,0.0,편의점,GS25,6000.0,B카드 통신비 10% 할인까지 30만 원 남았어요. 이번 주 편의점은 B카드로 결제하세요.
C0357,CARD_C,하나카드 MOVING카드 ALLDAY모드,2025-12,90300,1,1,,0,1,450,450,,,,,,
C0357,CARD_D,삼성카드 삼성 iD SELECT ALL 카드,2025-12,2370,1,0,400000.0,397630,0,0,0,180.0,180.0,편의점,GS25,6000.0,"D카드 SELECT 7% 할인까지 39만 7,600원 남았어요. 이번 주 편의점은 D카드로 결제하세요."
C0357,CARD_E,NH농협카드 올바른 FLEX 카드,2025-12,0,0,0,300000.0,300000,0,0,0,0.0,0.0,편의점,GS25,6000.0,E카드 스타벅스 50% 할인까지 30만 원 남았어요. 이번 주 편의점은 E카드로 결제하세요.
C0358,CARD_A,신한카드 Mr.Life,2025-12,336900,1,1,500000.0,163100,0,0,0,0.0,0.0,편의점,CU,48200.0,"A카드 할인한도 월 3.4만 원까지 16만 3,100원 남았어요. 이번 주 편의점은 A카드로 결제하세요."
C0358,CARD_B,KB국민카드 굿데이카드,2025-12,7086030,36,3,,0,3,6920,6920,,,,,,
C0358,CARD_C,하나카드 MOVING카드 ALLDAY모드,2025-12,30200,1,1,,0,1,150,150,,,,,,
C0358,CARD_D,삼성카드 삼성 iD SELECT ALL 카드,2025-12,31980,3,0,400000.0,368020,0,0,0,1990.0,1990.0,편의점,CU,48200.0,"D카드 SELECT 7% 할인까지 36만 8,000원 남았어요. 이번 주 편의점은 D카드로 결제하세요."
C0358,CARD_E,NH농협카드 올바른 FLEX 카드,2025-12,14500,1,0,300000.0,285500,0,0,0,1450.0,1450.0,편의점,CU,48200.0,"E카드 스타벅스 50% 할인까지 28만 5,500원 남았어요. 이번 주 편의점은 E카드로 결제하세요."
C0359,CARD_A,신한카드 Mr.Life,2025-12,693170,24,2,1000000.0,306830,3,20540,20540,20540.0,0.0,외식,동네식당,188600.0,"A카드 할인한도 월 5만 원까지 30만 6,800원 남았어요. 이번 주 외식은 A카드로 결제하세요."
C0359,CARD_B,KB국민카드 굿데이카드,2025-12,45500,3,0,300000.0,254500,0,0,0,0.0,0.0,외식,동네식당,188600.0,"B카드 통신비 10% 할인까지 25만 4,500원 남았어요. 이번 주 외식은 B카드로 결제하세요."
C0359,CARD_C,하나카드 MOVING카드 ALLDAY모드,2025-12,0,0,1,,0,1,0,0,,,,,,
C0359,CARD_D,삼성카드 삼성 iD SELECT ALL 카드,2025-12,0,0,0,400000.0,400000,0,0,0,0.0,0.0,외식,동네식당,188600.0,D카드 SELECT 7% 할인까지 40만 원 남았어요. 이번 주 외식은 D카드로 결제하세요.
C0359,CARD_E,NH농협카드 올바른 FLEX 카드,2025-12,110100,1,0,300000.0,189900,0,0,0,0.0,0.0,온라인쇼핑,쿠팡,300500.0,"E카드 스타벅스 50% 할인까지 18만 9,900원 남았어요. 이번 주 온라인쇼핑은 E카드로 결제하세요."
C0360,CARD_A,신한카드 Mr.Life,2025-12,493280,13,1,500000.0,6720,2,17540,9540,17540.0,8000.0,장보기,이마트,432300.0,"A카드 할인한도 월 3.4만 원까지 6,700원 남았어요. 이번 주말 장보기는 A카드로 결제하세요."
C0360,CARD_B,KB국민카드 굿데이카드,2025-12,42900,1,0,300000.0,257100,0,0,0,0.0,0.0,외식,한식뷔페,59900.0,"B카드 통신비 10% 할인까지 25만 7,100원 남았어요. 이번 주 외식은 B카드로 결제하세요."
C0360,CARD_C,하나카드 MOVING카드 ALLDAY모드,2025-12,249400,1,1,,0,1,1250,1250,,,,,,
C0360,CARD_D,삼성카드 삼성 iD SELECT ALL 카드,2025-12,0,0,0,400000.0,400000,0,0,0,0.0,0.0,장보기,이마트,432300.0,D카드 SELECT 7% 할인까지 40만 원 남았어요. 이번 주말 장보기는 D카드로 결제하세요.
C0360,CARD_E,NH농협카드 올바른 FLEX 카드,2025-12,0,0,0,300000.0,300000,0,0,0,0.0,0.0,커피,스타벅스,8000.0,E카드 스타벅스 50% 할인까지 30만 원 남았어요. 이번 주 커피는 E카드로 결제하세요.
C0361,CARD_A,신한카드 Mr.Life,2025-12,1120880,24,3,,0,2,1930,1930,,,,,,
C0361,CARD_B,KB국민카드 굿데이카드,2025-12,8510,2,0,300000.0,291490,0,0,0,0.0,0.0,편의점,CU,38300.0,"B카드 통신비 10% 할인까지 29만 1,500원 남았어요. 이번 주 편의점은 B카드로 결제하세요."
C0361,CARD_C,하나카드 MOVING카드 ALLDAY모드,2025-12,7770,3,1,,0,1,40,40,,,,,,
C0361,CARD_D,삼성카드 삼성 iD SELECT ALL 카드,2025-12,3730,2,0,400000.0,396270,0,0,0,290.0,290.0,편의점,CU,38300.0,"D카드 SELECT 7% 할인까지 39만 6,300원 남았어요. 이번 주 편의점은 D카드로 결제하세요."
C0361,CARD_E,NH농협카드 올바른 FLEX 카드,2025-12,357870,4,1,,0,0,0,300,,,,,,
C0362,CARD_A,신한카드 Mr.Life,2025-12,0,0,0,300000.0,300000,0,0,0,0.0,0.0,외식,스시오마카세,505000.0,A카드 공과금·편의점 10% 할인까지 30만 원 남았어요. 이번 주 외식은 A카드로 결제하세요.
C0362,CARD_B,KB국민카드 굿데이카드,2025-12,0,0,0,300000.0,300000,0,0,0,0.0,0.0,외식,스시오마카세,505000.0,B카드 통신비 10% 할인까지 30만 원 남았어요. 이번 주 외식은 B카드로 결제하세요.
C0362,CARD_C,하나카드 MOVING카드 ALLDAY모드,2025-12,50800,1,1,,0,1,250,250,,,,,,
C0362,CARD_D,삼성카드 삼성 iD SELECT ALL 카드,2025-12,1392970,9,3,,0,3,24750,24750,,,,,,
C0362,CARD_E,NH농협카드 올바른 FLEX 카드,2025-12,0,0,0,300000.0,300000,1,0,0,0.0,0.0,교통비,카카오T,58800.0,E카드 스타벅스 50% 할인까지 30만 원 남았어요. 이번 주 교통비는 E카드로 결제하세요.
C0363,CARD_A,신한카드 Mr.Life,2025-12,7060,1,0,300000.0,292940,0,0,0,0.0,0.0,장보기,쿠팡프레시,389600.0,"A카드 공과금·편의점 10% 할인까지 29만 2,900원 남았어요. 이번 주말 장보기는 A카드로 결제하세요."
C0363,CARD_B,KB국민카드 굿데이카드,2025-12,870210,15,2,1200000.0,329790,2,6860,6860,6860.0,0.0,커피,메가MGC커피,5300.0,"B카드 학원비 10% 할인까지 32만 9,800원 남았어요. 이번 주 커피는 B카드로 결제하세요."
C0363,CARD_C,하나카드 MOVING카드 ALLDAY모드,2025-12,0,0,1,,0,1,0,0,,,,,,
C0363,CARD_D,삼성카드 삼성 iD SELECT ALL 카드,2025-12,0,0,0,400000.0,400000,0,0,0,0.0,0.0,장보기,쿠팡프레시,389600.0,D카드 SELECT 7% 할인까지 40만 원 남았어요. 이번 주말 장보기는 D카드로 결제하세요.
C0363,CARD_E,NH농협카드 올바른 FLEX 카드,2025-12,81500,1,0,300000.0,218500,0,0,0,0.0,0.0,커피,메가MGC커피,5300.0,"E카드 스타벅스 50% 할인까지 21만 8,500원 남았어요. 이번 주 커피는 E카드로 결제하세요."
C0364,CARD_A,신한카드 Mr.Life,2025-12,512500,11,2,1000000.0,487500,2,9080,9080,9080.0,0.0,장보기,마켓컬리,440900.0,"A카드 할인한도 월 5만 원까지 48만 7,500원 남았어요. 이번 주말 장보기는 A카드로 결제하세요."
C0364,CARD_B,KB국민카드 굿데이카드,2025-12,53930,2,0,300000.0,246070,0,0,0,0.0,0.0,외식,한식뷔페,91600.0,"B카드 통신비 10% 할인까지 24만 6,100원 남았어요. 이번 주 외식은 B카드로 결제하세요."
C0364,CARD_C,하나카드 MOVING카드 ALLDAY모드,2025-12,0,0,1,,0,1,0,0,,,,,,
C0364,CARD_D,삼성카드 삼성 iD SELECT ALL 카드,2025-12,83000,1,0,400000.0,317000,0,0,0,580.0,580.0,장보기,마켓컬리,440900.0,"D카드 SELECT 7% 할인까지 31만 7,000원 남았어요. 이번 주말 장보기는 D카드로 결제하세요."
C0364,CARD_E,NH농협카드 올바른 FLEX 카드,2025-12,93300,1,0,300000.0,206700,0,0,0,0.0,0.0,커피,메가MGC커피,5800.0,"E카드 스타벅스 50% 할인까지 20만 6,700원 남았어요. 이번 주 커피는 E카드로 결제하세요."
C0365,CARD_A,신한카드 Mr.Life,2025-12,17400,1,0,300000.0,282600,1,0,0,0.0,0.0,온라인쇼핑,쿠팡,1005900.0,"A카드 공과금·편의점 10% 할인까지 28만 2,600원 남았어요. 이번 주 온라인쇼핑은 A카드로 결제하세요."
C0365,CARD_B,KB국민카드 굿데이카드,2025-12,1385830,26,3,,0,3,4920,4920,,,,,,
C0365,CARD_C,하나카드 MOVING카드 ALLDAY모드,2025-12,15100,1,1,,0,1,80,80,,,,,,
C0365,CARD_D,삼성카드 삼성 iD SELECT ALL 카드,2025-12,44100,1,0,400000.0,355900,0,0,0,3400.0,3400.0,온라인쇼핑,쿠팡,1005900.0,"D카드 SELECT 7% 할인까지 35만 5,900원 남았어요. 이번 주 온라인쇼핑은 D카드로 결제하세요."
C0365,CARD_E,NH농협카드 올바른 FLEX 카드,2025-12,17000,1,0,300000.0,283000,0,0,0,3400.0,3400.0,온라인쇼핑,쿠팡,1005900.0,"E카드 스타벅스 50% 할인까지 28만 3,000원 남았어요. 이번 주 온라인쇼핑은 E카드로 결제하세요."
C0366,CARD_A,신한카드 Mr.Life,2025-12,858780,17,2,1000000.0,141220,3,12710,12710,12710.0,0.0,온라인쇼핑,쿠팡,832100.0,"A카드 할인한도 월 5만 원까지 14만 1,200원 남았어요. 이번 주 온라인쇼핑은 A카드로 결제하세요."
C0366,CARD_B,KB국민카드 굿데이카드,2025-12,8100,1,0,300000.0,291900,0,0,0,0.0,0.0,커피,메가MGC커피,23300.0,"B카드 통신비 10% 할인까지 29만 1,900원 남았어요. 이번 주 커피는 B카드로 결제하세요."
C0366,CARD_C,하나카드 MOVING카드 ALLDAY모드,2025-12,38400,1,1,,0,1,190,190,,,,,,
C0366,CARD_D,삼성카드 삼성 iD SELECT ALL 카드,2025-12,92000,1,0,400000.0,308000,0,0,0,7080.0,7080.0,온라인쇼핑,쿠팡,832100.0,"D카드 SELECT 7% 할인까지 30만 8,000원 남았어요. 이번 주 온라인쇼핑은 D카드로 결제하세요."
C0366,CARD_E,NH농협카드 올바른 FLEX 카드,2025-12,133810,4,0,300000.0,166190,0,0,0,1050.0,1050.0,온라인쇼핑,쿠팡,832100.0,"E카드 스타벅스 50% 할인까지 16만 6,200원 남았어요. 이번 주 온라인쇼핑은 E카드로 결제하세요."
C0367,CARD_A,신한카드 Mr.Life,2025-12,0,0,0,300000.0,300000,0,0,0,0.0,0.0,온라인쇼핑,쿠팡,148700.0,A카드 공과금·편의점 10% 할인까지 30만 원 남았어요. 이번 주 온라인쇼핑은 A카드로 결제하세요.
C0367,CARD_B,KB국민카드 굿데이카드,2025-12,0,0,0,300000.0,300000,0,0,0,0.0,0.0,외식,고깃집,113000.0,B카드 통신비 10% 할인까지 30만 원 남았어요. 이번 주 외식은 B카드로 결제하세요.
C0367,CARD_C,하나카드 MOVING카드 ALLDAY모드,2025-12,790690,19,1,,0,1,7910,7910,,,,,,
C0367,CARD_D,삼성카드 삼성 iD SELECT ALL 카드,2025-12,0,0,0,400000.0,400000,0,0,0,0.0,0.0,구독료,티빙,44700.0,D카드 SELECT 7% 할인까지 40만 원 남았어요. 이번 주 구독료는 D카드로 결제하세요.
C0367,CARD_E,NH농협카드 올바른 FLEX 카드,2025-12,29700,1,0,300000.0,270300,0,0,0,0.0,0.0,구독료,티빙,44700.0,E카드 스타벅스 50% 할인까지 27만 300원 남았어요. 이번 주 구독료는 E카드로 결제하세요.
C0368,CARD_A,신한카드 Mr.Life,2025-12,1902200,7,3,,0,3,0,0,,,,,,
C0368,CARD_B,KB국민카드 굿데이카드,2025-12,0,0,0,300000.0,300000,1,0,0,0.0,0.0,외식,동네식당,428600.0,B카드 통신비 10% 할인까지 30만 원 남았어요. 이번 주 외식은 B카드로 결제하세요.
C0368,CARD_C,하나카드 MOVING카드 ALLDAY모드,2025-12,502700,2,1,,0,1,2510,2510,,,,,,
C0368,CARD_D,삼성카드 삼성 iD SELECT ALL 카드,2025-12,9430,2,0,400000.0,390570,0,0,0,380.0,380.0,외식,동네식당,428600.0,D카드 SELECT 7% 할인까지 39만 600원 남았어요. 이번 주 외식은 D카드로 결제하세요.
C0368,CARD_E,NH농협카드 올바른 FLEX 카드,2025-12,508000,4,1,,0,0,0,4440,,,,,,
C0369,CARD_A,신한카드 Mr.Life,2025-12,1317560,18,3,,0,3,30000,30000,,,,,,
C0369,CARD_B,KB국민카드 굿데이카드,2025-12,327900,2,1,600000.0,272100,1,0,0,0.0,0.0,외식,한식뷔페,128200.0,"B카드 외식·커피 10% 할인까지 27만 2,100원 남았어요. 이번 주 외식은 B카드로 결제하세요."
C0369,CARD_C,하나카드 MOVING카드 ALLDAY모드,2025-12,0,0,1,,0,1,0,0,,,,,,
C0369,CARD_D,삼성카드 삼성 iD SELECT ALL 카드,2025-12,51000,1,0,400000.0,349000,0,0,0,3930.0,3930.0,온라인쇼핑,네이버쇼핑,1140700.0,"D카드 SELECT 7% 할인까지 34만 9,000원 남았어요. 이번 주 온라인쇼핑은 D카드로 결제하세요."
C0369,CARD_E,NH농협카드 올바른 FLEX 카드,2025-12,41500,1,0,300000.0,258500,0,0,0,2080.0,2080.0,온라인쇼핑,네이버쇼핑,1140700.0,"E카드 스타벅스 50% 할인까지 25만 8,500원 남았어요. 이번 주 온라인쇼핑은 E카드로 결제하세요."
C0370,CARD_A,신한카드 Mr.Life,2025-12,96300,1,0,300000.0,203700,0,0,0,9630.0,9630.0,편의점,CU,25300.0,"A카드 공과금·편의점 10% 할인까지 20만 3,700원 남았어요. 이번 주 편의점은 A카드로 결제하세요."
C0370,CARD_B,KB국민카드 굿데이카드,2025-12,15640,3,0,300000.0,284360,0,0,0,1560.0,1560.0,교통비,카카오T,108100.0,"B카드 통신비 10% 할인까지 28만 4,400원 남았어요. 이번 주 교통비는 B카드로 결제하세요."
C0370,CARD_C,하나카드 MOVING카드 ALLDAY모드,2025-12,190250,15,1,,0,1,2610,2610,,,,,,
C0370,CARD_D,삼성카드 삼성 iD SELECT ALL 카드,2025-12,16830,3,0,400000.0,383170,0,0,0,1180.0,1180.0,편의점,CU,25300.0,"D카드 SELECT 7% 할인까지 38만 3,200원 남았어요. 이번 주 편의점은 D카드로 결제하세요."
C0370,CARD_E,NH농협카드 올바른 FLEX 카드,2025-12,25700,1,0,300000.0,274300,0,0,0,0.0,0.0,교통비,카카오T,108100.0,"E카드 스타벅스 50% 할인까지 27만 4,300원 남았어요. 이번 주 교통비는 E카드로 결제하세요."
C0371,CARD_A,신한카드 Mr.Life,2025-12,0,0,0,300000.0,300000,0,0,0,0.0,0.0,장보기,이마트,349500.0,A카드 공과금·편의점 10% 할인까지 30만 원 남았어요. 이번 주말 장보기는 A카드로 결제하세요.
C0371,CARD_B,KB국민카드 굿데이카드,2025-12,2510,1,0,300000.0,297490,0,0,0,0.0,0.0,외식,동네식당,78600.0,"B카드 통신비 10% 할인까지 29만 7,500원 남았어요. 이번 주 외식은 B카드로 결제하세요."
C0371,CARD_C,하나카드 MOVING카드 ALLDAY모드,2025-12,706700,13,1,,0,1,3530,3530,,,,,,
C0371,CARD_D,삼성카드 삼성 iD SELECT ALL 카드,2025-12,0,0,0,400000.0,400000,0,0,0,0.0,0.0,장보기,이마트,349500.0,D카드 SELECT 7% 할인까지 40만 원 남았어요. 이번 주말 장보기는 D카드로 결제하세요.
C0371,CARD_E,NH농협카드 올바른 FLEX 카드,2025-12,0,0,0,300000.0,300000,0,0,0,0.0,0.0,온라인쇼핑,알리익스프레스,127200.0,E카드 스타벅스 50% 할인까지 30만 원 남았어요. 이번 주 온라인쇼핑은 E카드로 결제하세요.
C0372,CARD_A,신한카드 Mr.Life,2025-12,0,0,0,300000.0,300000,0,0,0,0.0,0.0,장보기,롯데마트,414200.0,A카드 공과금·편의점 10% 할인까지 30만 원 남았어요. 이번 주말 장보기는 A카드로 결제하세요.
C0372,CARD_B,KB국민카드 굿데이카드,2025-12,39000,2,0,300000.0,261000,0,0,0,0.0,0.0,외식,한식뷔페,89700.0,"B카드 통신비 10% 할인까지 26만 1,000원 남았어요. 이번 주 외식은 B카드로 결제하세요."
C0372,CARD_C,하나카드 MOVING카드 ALLDAY모드,2025-12,0,0,1,,0,1,0,0,,,,,,
C0372,CARD_D,삼성카드 삼성 iD SELECT ALL 카드,2025-12,48500,3,0,400000.0,351500,0,0,0,3480.0,3480.0,장보기,롯데마트,414200.0,"D카드 SELECT 7% 할인까지 35만 1,500원 남았어요. 이번 주말 장보기는 D카드로 결제하세요."
C0372,CARD_E,NH농협카드 올바른 FLEX 카드,2025-12,3084690,36,1,,0,1,7890,7890,,,,,,
C0373,CARD_A,신한카드 Mr.Life,2025-12,5880,1,0,300000.0,294120,0,0,0,590.0,590.0,온라인쇼핑,알리익스프레스,791700.0,"A카드 공과금·편의점 10% 할인까지 29만 4,100원 남았어요. 이번 주 온라인쇼핑은 A카드로 결제하세요."
C0373,CARD_B,KB국민카드 굿데이카드,2025-12,0,0,0,300000.0,300000,0,0,0,0.0,0.0,외식,이자카야,185500.0,B카드 통신비 10% 할인까지 30만 원 남았어요. 이번 주 외식은 B카드로 결제하세요.
C0373,CARD_C,하나카드 MOVING카드 ALLDAY모드,2025-12,5210760,26,1,,0,1,50000,50000,,,,,,
C0373,CARD_D,삼성카드 삼성 iD SELECT ALL 카드,2025-12,68800,1,0,400000.0,331200,0,0,0,480.0,480.0,온라인쇼핑,알리익스프레스,791700.0,"D카드 SELECT 7% 할인까지 33만 1,200원 남았어요. 이번 주 온라인쇼핑은 D카드로 결제하세요."
C0373,CARD_E,NH농협카드 올바른 FLEX 카드,2025-12,0,0,0,300000.0,300000,0,0,0,0.0,0.0,온라인쇼핑,알리익스프레스,791700.0,E카드 스타벅스 50% 할인까지 30만 원 남았어요. 이번 주 온라인쇼핑은 E카드로 결제하세요.
C0374,CARD_A,신한카드 Mr.Life,2025-12,0,0,0,300000.0,300000,0,0,0,0.0,0.0,온라인쇼핑,쿠팡,308100.0,A카드 공과금·편의점 10% 할인까지 30만 원 남았어요. 이번 주 온라인쇼핑은 A카드로 결제하세요.
C0374,CARD_B,KB국민카드 굿데이카드,2025-12,0,0,0,300000.0,300000,0,0,0,0.0,0.0,외식,동네식당,138000.0,B카드 통신비 10% 할인까지 30만 원 남았어요. 이번 주 외식은 B카드로 결제하세요.
C0374,CARD_C,하나카드 MOVING카드 ALLDAY모드,2025-12,10900,1,1,,0,1,50,50,,,,,,
C0374,CARD_D,삼성카드 삼성 iD SELECT ALL 카드,2025-12,772400,7,1,800000.0,27600,3,15810,12410,15410.0,3000.0,온라인쇼핑,쿠팡,308100.0,"D카드 SELECT 한도 월 1만 원까지 2만 7,600원 남았어요. 이번 주 온라인쇼핑은 D카드로 결제하세요."
C0374,CARD_E,NH농협카드 올바른 FLEX 카드,2025-12,60500,1,0,300000.0,239500,0,0,0,3020.0,3020.0,온라인쇼핑,쿠팡,308100.0,"E카드 스타벅스 50% 할인까지 23만 9,500원 남았어요. 이번 주 온라인쇼핑은 E카드로 결제하세요."
C0375,CARD_A,신한카드 Mr.Life,2025-12,80800,1,0,300000.0,219200,0,0,0,0.0,0.0,외식,고깃집,414900.0,"A카드 공과금·편의점 10% 할인까지 21만 9,200원 남았어요. 이번 주 외식은 A카드로 결제하세요."
C0375,CARD_B,KB국민카드 굿데이카드,2025-12,13560,2,0,300000.0,286440,0,0,0,0.0,0.0,외식,고깃집,414900.0,"B카드 통신비 10% 할인까지 28만 6,400원 남았어요. 이번 주 외식은 B카드로 결제하세요."
C0375,CARD_C,하나카드 MOVING카드 ALLDAY모드,2025-12,35700,1,1,,0,1,180,180,,,,,,
C0375,CARD_D,삼성카드 삼성 iD SELECT ALL 카드,2025-12,0,0,0,400000.0,400000,0,0,0,0.0,0.0,외식,고깃집,414900.0,D카드 SELECT 7% 할인까지 40만 원 남았어요. 이번 주 외식은 D카드로 결제하세요.
C0375,CARD_E,NH농협카드 올바른 FLEX 카드,2025-12,2188990,23,1,,0,1,2890,2890,,,,,,
C0376,CARD_A,신한카드 Mr.Life,2025-12,51700,3,0,300000.0,248300,0,0,0,0.0,0.0,온라인쇼핑,네이버쇼핑,664100.0,"A카드 공과금·편의점 10% 할인까지 24만 8,300원 남았어요. 이번 주 온라인쇼핑은 A카드로 결제하세요."
C0376,CARD_B,KB국민카드 굿데이카드,2025-12,945330,20,2,1200000.0,254670,3,8000,8000,8000.0,0.0,편의점,CU,19400.0,"B카드 학원비 10% 할인까지 25만 4,700원 남았어요. 이번 주 편의점은 B카드로 결제하세요."
C0376,CARD_C,하나카드 MOVING카드 ALLDAY모드,2025-12,4030,1,1,,0,1,20,20,,,,,,
C0376,CARD_D,삼성카드 삼성 iD SELECT ALL 카드,2025-12,0,0,0,400000.0,400000,0,0,0,0.0,0.0,온라인쇼핑,네이버쇼핑,664100.0,D카드 SELECT 7% 할인까지 40만 원 남았어요. 이번 주 온라인쇼핑은 D카드로 결제하세요.
C0376,CARD_E,NH농협카드 올바른 FLEX 카드,2025-12,0,0,0,300000.0,300000,0,0,0,0.0,0.0,온라인쇼핑,네이버쇼핑,664100.0,E카드 스타벅스 50% 할인까지 30만 원 남았어요. 이번 주 온라인쇼핑은 E카드로 결제하세요.
C0377,CARD_A,신한카드 Mr.Life,2025-12,0,0,0,300000.0,300000,0,0,0,0.0,0.0,온라인쇼핑,쿠팡,147400.0,A카드 공과금·편의점 10% 할인까지 30만 원 남았어요. 이번 주 온라인쇼핑은 A카드로 결제하세요.
C0377,CARD_B,KB국민카드 굿데이카드,2025-12,134300,2,0,300000.0,165700,0,0,0,3000.0,3000.0,편의점,이마트24,6300.0,"B카드 통신비 10% 할인까지 16만 5,700원 남았어요. 이번 주 편의점은 B카드로 결제하세요."
C0377,CARD_C,하나카드 MOVING카드 ALLDAY모드,2025-12,91100,1,1,,0,1,460,460,,,,,,
C0377,CARD_D,삼성카드 삼성 iD SELECT ALL 카드,2025-12,566180,13,1,800000.0,233820,1,10960,10960,13960.0,3000.0,온라인쇼핑,쿠팡,147400.0,"D카드 SELECT 한도 월 1만 원까지 23만 3,800원 남았어요. 이번 주 온라인쇼핑은 D카드로 결제하세요."
C0377,CARD_E,NH농협카드 올바른 FLEX 카드,2025-12,28100,1,0,300000.0,271900,0,0,0,0.0,0.0,온라인쇼핑,쿠팡,147400.0,"E카드 스타벅스 50% 할인까지 27만 1,900원 남았어요. 이번 주 온라인쇼핑은 E카드로 결제하세요."
C0378,CARD_A,신한카드 Mr.Life,2025-12,545590,12,2,1000000.0,454410,2,470,470,470.0,0.0,장보기,쿠팡프레시,162000.0,"A카드 할인한도 월 5만 원까지 45만 4,400원 남았어요. 이번 주말 장보기는 A카드로 결제하세요."
C0378,CARD_B,KB국민카드 굿데이카드,2025-12,12500,1,0,300000.0,287500,0,0,0,0.0,0.0,외식,동네식당,82900.0,"B카드 통신비 10% 할인까지 28만 7,500원 남았어요. 이번 주 외식은 B카드로 결제하세요."
C0378,CARD_C,하나카드 MOVING카드 ALLDAY모드,2025-12,3200,1,1,,0,1,20,20,,,,,,
C0378,CARD_D,삼성카드 삼성 iD SELECT ALL 카드,2025-12,0,0,0,400000.0,400000,0,0,0,0.0,0.0,장보기,쿠팡프레시,162000.0,D카드 SELECT 7% 할인까지 40만 원 남았어요. 이번 주말 장보기는 D카드로 결제하세요.
C0378,CARD_E,NH농협카드 올바른 FLEX 카드,2025-12,100400,2,0,300000.0,199600,0,0,0,2060.0,2060.0,편의점,CU,15000.0,"E카드 스타벅스 50% 할인까지 19만 9,600원 남았어요. 이번 주 편의점은 E카드로 결제하세요."
C0379,CARD_A,신한카드 Mr.Life,2025-12,0,0,0,300000.0,300000,0,0,0,0.0,0.0,편의점,GS25,12600.0,A카드 공과금·편의점 10% 할인까지 30만 원 남았어요. 이번 주 편의점은 A카드로 결제하세요.
C0379,CARD_B,KB국민카드 굿데이카드,2025-12,214000,1,0,300000.0,86000,0,0,0,0.0,0.0,편의점,GS25,12600.0,"B카드 통신비 10% 할인까지 8만 6,000원 남았어요. 이번 주 편의점은 B카드로 결제하세요."
C0379,CARD_C,하나카드 MOVING카드 ALLDAY모드,2025-12,230100,4,1,,0,1,1150,1150,,,,,,
C0379,CARD_D,삼성카드 삼성 iD SELECT ALL 카드,2025-12,1342390,4,3,,0,3,17400,17400,,,,,,
C0379,CARD_E,NH농협카드 올바른 FLEX 카드,2025-12,7270,1,0,300000.0,292730,0,0,0,0.0,0.0,구독료,넷플릭스,26900.0,"E카드 스타벅스 50% 할인까지 29만 2,700원 남았어요. 이번 주 구독료는 E카드로 결제하세요."
C0380,CARD_A,신한카드 Mr.Life,2025-12,744930,15,2,1000000.0,255070,3,28300,25000,28300.0,3300.0,장보기,홈플러스,425000.0,"A카드 할인한도 월 5만 원까지 25만 5,100원 남았어요. 이번 주말 장보기는 A카드로 결제하세요."
C0380,CARD_B,KB국민카드 굿데이카드,2025-12,0,0,0,300000.0,300000,0,0,0,0.0,0.0,편의점,GS25,14900.0,B카드 통신비 10% 할인까지 30만 원 남았어요. 이번 주 편의점은 B카드로 결제하세요.
C0380,CARD_C,하나카드 MOVING카드 ALLDAY모드,2025-12,29200,1,1,,0,1,150,150,,,,,,
C0380,CARD_D,삼성카드 삼성 iD SELECT ALL 카드,2025-12,121000,2,0,400000.0,279000,0,0,0,2310.0,2310.0,장보기,홈플러스,425000.0,"D카드 SELECT 7% 할인까지 27만 9,000원 남았어요. 이번 주말 장보기는 D카드로 결제하세요."
C0380,CARD_E,NH농협카드 올바른 FLEX 카드,2025-12,0,0,0,300000.0,300000,0,0,0,0.0,0.0,편의점,GS25,14900.0,E카드 스타벅스 50% 할인까지 30만 원 남았어요. 이번 주 편의점은 E카드로 결제하세요.
C0381,CARD_A,신한카드 Mr.Life,2025-12,63200,1,0,300000.0,236800,0,0,0,0.0,0.0,장보기,홈플러스,209400.0,"A카드 공과금·편의점 10% 할인까지 23만 6,800원 남았어요. 이번 주말 장보기는 A카드로 결제하세요."
C0381,CARD_B,KB국민카드 굿데이카드,2025-12,0,0,0,300000.0,300000,0,0,0,0.0,0.0,커피,메가MGC커피,4900.0,B카드 통신비 10% 할인까지 30만 원 남았어요. 이번 주 커피는 B카드로 결제하세요.
C0381,CARD_C,하나카드 MOVING카드 ALLDAY모드,2025-12,236140,7,1,,0,1,1180,1180,,,,,,
C0381,CARD_D,삼성카드 삼성 iD SELECT ALL 카드,2025-12,54200,1,0,400000.0,345800,0,0,0,4170.0,4170.0,장보기,홈플러스,209400.0,"D카드 SELECT 7% 할인까지 34만 5,800원 남았어요. 이번 주말 장보기는 D카드로 결제하세요."
C0381,CARD_E,NH농협카드 올바른 FLEX 카드,2025-12,16100,1,0,300000.0,283900,0,0,0,0.0,0.0,배달 주문,배달의민족,62300.0,"E카드 스타벅스 50% 할인까지 28만 3,900원 남았어요. 이번 주 배달 주문은 E카드로 결제하세요."
C0382,CARD_A,신한카드 Mr.Life,2025-12,472970,8,1,500000.0,27030,0,0,1680,1680.0,0.0,커피,메가MGC커피,7400.0,"A카드 할인한도 월 3.4만 원까지 2만 7,000원 남았어요. 이번 주 커피는 A카드로 결제하세요."
C0382,CARD_B,KB국민카드 굿데이카드,2025-12,0,0,0,300000.0,300000,0,0,0,0.0,0.0,커피,메가MGC커피,7400.0,B카드 통신비 10% 할인까지 30만 원 남았어요. 이번 주 커피는 B카드로 결제하세요.
C0382,CARD_C,하나카드 MOVING카드 ALLDAY모드,2025-12,0,0,1,,0,1,0,0,,,,,,
C0382,CARD_D,삼성카드 삼성 iD SELECT ALL 카드,2025-12,0,0,0,400000.0,400000,0,0,0,0.0,0.0,구독료,디즈니플러스,31100.0,D카드 SELECT 7% 할인까지 40만 원 남았어요. 이번 주 구독료는 D카드로 결제하세요.
C0382,CARD_E,NH농협카드 올바른 FLEX 카드,2025-12,74700,1,0,300000.0,225300,0,0,0,0.0,0.0,구독료,디즈니플러스,31100.0,"E카드 스타벅스 50% 할인까지 22만 5,300원 남았어요. 이번 주 구독료는 E카드로 결제하세요."
C0383,CARD_A,신한카드 Mr.Life,2025-12,3570,1,0,300000.0,296430,0,0,0,360.0,360.0,외식,서브웨이,169400.0,"A카드 공과금·편의점 10% 할인까지 29만 6,400원 남았어요. 이번 주 외식은 A카드로 결제하세요."
C0383,CARD_B,KB국민카드 굿데이카드,2025-12,510440,19,1,600000.0,89560,3,6060,1060,6060.0,5000.0,외식,서브웨이,169400.0,"B카드 외식·커피 10% 할인까지 8만 9,600원 남았어요. 이번 주 외식은 B카드로 결제하세요."
C0383,CARD_C,하나카드 MOVING카드 ALLDAY모드,2025-12,0,0,1,,0,1,0,0,,,,,,
C0383,CARD_D,삼성카드 삼성 iD SELECT ALL 카드,2025-12,13900,1,0,400000.0,386100,0,0,0,5100.0,5100.0,구독료,마이크로소프트 365,75800.0,"D카드 SELECT 7% 할인까지 38만 6,100원 남았어요. 이번 주 구독료는 D카드로 결제하세요."
C0383,CARD_E,NH농협카드 올바른 FLEX 카드,2025-12,0,0,0,300000.0,300000,0,0,0,0.0,0.0,구독료,마이크로소프트 365,75800.0,E카드 스타벅스 50% 할인까지 30만 원 남았어요. 이번 주 구독료는 E카드로 결제하세요.
C0384,CARD_A,신한카드 Mr.Life,2025-12,117500,2,0,300000.0,182500,0,0,0,3000.0,3000.0,편의점,세븐일레븐,9000.0,"A카드 공과금·편의점 10% 할인까지 18만 2,500원 남았어요. 이번 주 편의점은 A카드로 결제하세요."
C0384,CARD_B,KB국민카드 굿데이카드,2025-12,6850,1,0,300000.0,293150,0,0,0,0.0,0.0,편의점,세븐일레븐,9000.0,"B카드 통신비 10% 할인까지 29만 3,200원 남았어요. 이번 주 편의점은 B카드로 결제하세요."
C0384,CARD_C,하나카드 MOVING카드 ALLDAY모드,2025-12,55500,1,1,,0,1,280,280,,,,,,
C0384,CARD_D,삼성카드 삼성 iD SELECT ALL 카드,2025-12,0,0,0,400000.0,400000,0,0,0,0.0,0.0,편의점,세븐일레븐,9000.0,D카드 SELECT 7% 할인까지 40만 원 남았어요. 이번 주 편의점은 D카드로 결제하세요.
C0384,CARD_E,NH농협카드 올바른 FLEX 카드,2025-12,0,0,0,300000.0,300000,0,0,0,0.0,0.0,편의점,세븐일레븐,9000.0,E카드 스타벅스 50% 할인까지 30만 원 남았어요. 이번 주 편의점은 E카드로 결제하세요.
C0385,CARD_A,신한카드 Mr.Life,2025-12,0,0,0,300000.0,300000,0,0,0,0.0,0.0,장보기,이마트,208100.0,A카드 공과금·편의점 10% 할인까지 30만 원 남았어요. 이번 주말 장보기는 A카드로 결제하세요.
C0385,CARD_B,KB국민카드 굿데이카드,2025-12,1480,1,0,300000.0,298520,0,0,0,0.0,0.0,편의점,CU,20900.0,"B카드 통신비 10% 할인까지 29만 8,500원 남았어요. 이번 주 편의점은 B카드로 결제하세요."
C0385,CARD_C,하나카드 MOVING카드 ALLDAY모드,2025-12,172610,9,1,,0,1,1830,1830,,,,,,
C0385,CARD_D,삼성카드 삼성 iD SELECT ALL 카드,2025-12,43500,1,0,400000.0,356500,0,0,0,3350.0,3350.0,구독료,마이크로소프트 365,54000.0,"D카드 SELECT 7% 할인까지 35만 6,500원 남았어요. 이번 주 구독료는 D카드로 결제하세요."
C0385,CARD_E,NH농협카드 올바른 FLEX 카드,2025-12,47700,1,0,300000.0,252300,0,0,0,0.0,0.0,구독료,마이크로소프트 365,54000.0,"E카드 스타벅스 50% 할인까지 25만 2,300원 남았어요. 이번 주 구독료는 E카드로 결제하세요."
C0386,CARD_A,신한카드 Mr.Life,2025-12,0,0,0,300000.0,300000,0,0,0,0.0,0.0,편의점,GS25,19800.0,A카드 공과금·편의점 10% 할인까지 30만 원 남았어요. 이번 주 편의점은 A카드로 결제하세요.
C0386,CARD_B,KB국민카드 굿데이카드,2025-12,644760,17,2,1200000.0,555240,1,2590,4330,4330.0,0.0,편의점,GS25,19800.0,"B카드 학원비 10% 할인까지 55만 5,200원 남았어요. 이번 주 편의점은 B카드로 결제하세요."
C0386,CARD_C,하나카드 MOVING카드 ALLDAY모드,2025-12,0,0,1,,0,1,0,0,,,,,,
C0386,CARD_D,삼성카드 삼성 iD SELECT ALL 카드,2025-12,0,0,0,400000.0,400000,0,0,0,0.0,0.0,편의점,GS25,19800.0,D카드 SELECT 7% 할인까지 40만 원 남았어요. 이번 주 편의점은 D카드로 결제하세요.
C0386,CARD_E,NH농협카드 올바른 FLEX 카드,2025-12,48600,1,0,300000.0,251400,0,0,0,0.0,0.0,편의점,GS25,19800.0,"E카드 스타벅스 50% 할인까지 25만 1,400원 남았어요. 이번 주 편의점은 E카드로 결제하세요."
C0387,CARD_A,신한카드 Mr.Life,2025-12,474400,10,1,500000.0,25600,1,0,0,0.0,0.0,온라인쇼핑,쿠팡,48800.0,"A카드 할인한도 월 3.4만 원까지 2만 5,600원 남았어요. 이번 주 온라인쇼핑은 A카드로 결제하세요."
C0387,CARD_B,KB국민카드 굿데이카드,2025-12,0,0,0,300000.0,300000,0,0,0,0.0,0.0,커피,동네로스터리,8000.0,B카드 통신비 10% 할인까지 30만 원 남았어요. 이번 주 커피는 B카드로 결제하세요.
C0387,CARD_C,하나카드 MOVING카드 ALLDAY모드,2025-12,0,0,1,,0,1,0,0,,,,,,
C0387,CARD_D,삼성카드 삼성 iD SELECT ALL 카드,2025-12,12400,1,0,400000.0,387600,0,0,0,950.0,950.0,구독료,유튜브 프리미엄,68600.0,"D카드 SELECT 7% 할인까지 38만 7,600원 남았어요. 이번 주 구독료는 D카드로 결제하세요."
C0387,CARD_E,NH농협카드 올바른 FLEX 카드,2025-12,0,0,0,300000.0,300000,0,0,0,0.0,0.0,구독료,유튜브 프리미엄,68600.0,E카드 스타벅스 50% 할인까지 30만 원 남았어요. 이번 주 구독료는 E카드로 결제하세요.
C0388,CARD_A,신한카드 Mr.Life,2025-12,657140,14,2,1000000.0,342860,3,6940,6940,6940.0,0.0,온라인쇼핑,쿠팡,75000.0,"A카드 할인한도 월 5만 원까지 34만 2,900원 남았어요. 이번 주 온라인쇼핑은 A카드로 결제하세요."
C0388,CARD_B,KB국민카드 굿데이카드,2025-12,0,0,0,300000.0,300000,0,0,0,0.0,0.0,편의점,CU,10700.0,B카드 통신비 10% 할인까지 30만 원 남았어요. 이번 주 편의점은 B카드로 결제하세요.
C0388,CARD_C,하나카드 MOVING카드 ALLDAY모드,2025-12,48890,2,1,,0,1,240,240,,,,,,
C0388,CARD_D,삼성카드 삼성 iD SELECT ALL 카드,2025-12,0,0,0,400000.0,400000,0,0,0,0.0,0.0,온라인쇼핑,쿠팡,75000.0,D카드 SELECT 7% 할인까지 40만 원 남았어요. 이번 주 온라인쇼핑은 D카드로 결제하세요.
C0388,CARD_E,NH농협카드 올바른 FLEX 카드,2025-12,0,0,0,300000.0,300000,0,0,0,0.0,0.0,온라인쇼핑,쿠팡,75000.0,E카드 스타벅스 50% 할인까지 30만 원 남았어요. 이번 주 온라인쇼핑은 E카드로 결제하세요.
C0389,CARD_A,신한카드 Mr.Life,2025-12,46300,1,0,300000.0,253700,0,0,0,0.0,0.0,외식,김밥천국,208300.0,"A카드 공과금·편의점 10% 할인까지 25만 3,700원 남았어요. 이번 주 외식은 A카드로 결제하세요."
C0389,CARD_B,KB국민카드 굿데이카드,2025-12,0,0,0,300000.0,300000,2,0,0,0.0,0.0,외식,김밥천국,208300.0,B카드 통신비 10% 할인까지 30만 원 남았어요. 이번 주 외식은 B카드로 결제하세요.
C0389,CARD_C,하나카드 MOVING카드 ALLDAY모드,2025-12,1684910,24,1,,0,1,16910,16910,,,,,,
C0389,CARD_D,삼성카드 삼성 iD SELECT ALL 카드,2025-12,0,0,0,400000.0,400000,0,0,0,0.0,0.0,외식,김밥천국,208300.0,D카드 SELECT 7% 할인까지 40만 원 남았어요. 이번 주 외식은 D카드로 결제하세요.
C0389,CARD_E,NH농협카드 올바른 FLEX 카드,2025-12,286000,2,0,300000.0,14000,1,0,0,0.0,0.0,커피,스타벅스,31000.0,"E카드 스타벅스 50% 할인까지 1만 4,000원 남았어요. 이번 주 커피는 E카드로 결제하세요."
C0390,CARD_A,신한카드 Mr.Life,2025-12,83800,3,0,300000.0,216200,2,4630,0,3000.0,3000.0,외식,맘스터치,165100.0,"A카드 공과금·편의점 10% 할인까지 21만 6,200원 남았어요. 이번 주 외식은 A카드로 결제하세요."
C0390,CARD_B,KB국민카드 굿데이카드,2025-12,0,0,0,300000.0,300000,0,0,0,0.0,0.0,외식,맘스터치,165100.0,B카드 통신비 10% 할인까지 30만 원 남았어요. 이번 주 외식은 B카드로 결제하세요.
C0390,CARD_C,하나카드 MOVING카드 ALLDAY모드,2025-12,5210,1,1,,0,1,30,30,,,,,,
C0390,CARD_D,삼성카드 삼성 iD SELECT ALL 카드,2025-12,0,0,0,400000.0,400000,0,0,0,0.0,0.0,외식,맘스터치,165100.0,D카드 SELECT 7% 할인까지 40만 원 남았어요. 이번 주 외식은 D카드로 결제하세요.
C0390,CARD_E,NH농협카드 올바른 FLEX 카드,2025-12,13900,1,0,300000.0,286100,0,0,0,0.0,0.0,교통비,카카오T,39300.0,"E카드 스타벅스 50% 할인까지 28만 6,100원 남았어요. 이번 주 교통비는 E카드로 결제하세요."
C0391,CARD_A,신한카드 Mr.Life,2025-12,311030,11,1,500000.0,188970,3,0,0,0.0,0.0,외식,동네식당,142700.0,"A카드 할인한도 월 3.4만 원까지 18만 9,000원 남았어요. 이번 주 외식은 A카드로 결제하세요."
C0391,CARD_B,KB국민카드 굿데이카드,2025-12,0,0,0,300000.0,300000,0,0,0,0.0,0.0,외식,동네식당,142700.0,B카드 통신비 10% 할인까지 30만 원 남았어요. 이번 주 외식은 B카드로 결제하세요.
C0391,CARD_C,하나카드 MOVING카드 ALLDAY모드,2025-12,0,0,1,,0,1,0,0,,,,,,
C0391,CARD_D,삼성카드 삼성 iD SELECT ALL 카드,2025-12,0,0,0,400000.0,400000,2,0,0,0.0,0.0,생활용품 구매,다이소,741400.0,D카드 SELECT 7% 할인까지 40만 원 남았어요. 이번 주말 생활용품 구매는 D카드로 결제하세요.
C0391,CARD_E,NH농협카드 올바른 FLEX 카드,2025-12,702160,4,1,,0,0,0,200,,,,,,
C0392,CARD_A,신한카드 Mr.Life,2025-12,471090,17,1,500000.0,28910,2,13300,7700,13300.0,5600.0,커피,투썸플레이스,22100.0,"A카드 할인한도 월 3.4만 원까지 2만 8,900원 남았어요. 이번 주 커피는 A카드로 결제하세요."
C0392,CARD_B,KB국민카드 굿데이카드,2025-12,52300,2,0,300000.0,247700,0,0,0,0.0,0.0,커피,투썸플레이스,22100.0,"B카드 통신비 10% 할인까지 24만 7,700원 남았어요. 이번 주 커피는 B카드로 결제하세요."
C0392,CARD_C,하나카드 MOVING카드 ALLDAY모드,2025-12,0,0,1,,0,1,0,0,,,,,,
C0392,CARD_D,삼성카드 삼성 iD SELECT ALL 카드,2025-12,0,0,0,400000.0,400000,0,0,0,0.0,0.0,구독료,쿠팡와우,69000.0,D카드 SELECT 7% 할인까지 40만 원 남았어요. 이번 주 구독료는 D카드로 결제하세요.
C0392,CARD_E,NH농협카드 올바른 FLEX 카드,2025-12,4450,1,0,300000.0,295550,0,0,0,220.0,220.0,구독료,쿠팡와우,69000.0,"E카드 스타벅스 50% 할인까지 29만 5,600원 남았어요. 이번 주 구독료는 E카드로 결제하세요."
C0393,CARD_A,신한카드 Mr.Life,2025-12,0,0,0,300000.0,300000,0,0,0,0.0,0.0,외식,서브웨이,64400.0,A카드 공과금·편의점 10% 할인까지 30만 원 남았어요. 이번 주 외식은 A카드로 결제하세요.
C0393,CARD_B,KB국민카드 굿데이카드,2025-12,224760,10,0,300000.0,75240,2,5550,0,2590.0,2590.0,외식,서브웨이,64400.0,"B카드 통신비 10% 할인까지 7만 5,200원 남았어요. 이번 주 외식은 B카드로 결제하세요."
C0393,CARD_C,하나카드 MOVING카드 ALLDAY모드,2025-12,0,0,1,,0,1,0,0,,,,,,
C0393,CARD_D,삼성카드 삼성 iD SELECT ALL 카드,2025-12,0,0,0,400000.0,400000,0,0,0,0.0,0.0,외식,서브웨이,64400.0,D카드 SELECT 7% 할인까지 40만 원 남았어요. 이번 주 외식은 D카드로 결제하세요.
C0393,CARD_E,NH농협카드 올바른 FLEX 카드,2025-12,9420,1,0,300000.0,290580,0,0,0,0.0,0.0,구독료,티빙,25400.0,E카드 스타벅스 50% 할인까지 29만 600원 남았어요. 이번 주 구독료는 E카드로 결제하세요.
C0394,CARD_A,신한카드 Mr.Life,2025-12,15400,1,0,300000.0,284600,0,0,0,0.0,0.0,장보기,이마트,786100.0,"A카드 공과금·편의점 10% 할인까지 28만 4,600원 남았어요. 이번 주말 장보기는 A카드로 결제하세요."
C0394,CARD_B,KB국민카드 굿데이카드,2025-12,130000,2,0,300000.0,170000,1,0,0,0.0,0.0,외식,이자카야,113100.0,B카드 통신비 10% 할인까지 17만 원 남았어요. 이번 주 외식은 B카드로 결제하세요.
C0394,CARD_C,하나카드 MOVING카드 ALLDAY모드,2025-12,190700,1,1,,0,1,950,950,,,,,,
C0394,CARD_D,삼성카드 삼성 iD SELECT ALL 카드,2025-12,340700,1,0,400000.0,59300,0,0,0,7000.0,7000.0,장보기,이마트,786100.0,"D카드 SELECT 7% 할인까지 5만 9,300원 남았어요. 이번 주말 장보기는 D카드로 결제하세요."
C0394,CARD_E,NH농협카드 올바른 FLEX 카드,2025-12,1552860,19,1,,0,1,7690,7690,,,,,,
C0395,CARD_A,신한카드 Mr.Life,2025-12,10400,1,0,300000.0,289600,0,0,0,0.0,0.0,온라인쇼핑,쿠팡,375000.0,"A카드 공과금·편의점 10% 할인까지 28만 9,600원 남았어요. 이번 주 온라인쇼핑은 A카드로 결제하세요."
C0395,CARD_B,KB국민카드 굿데이카드,2025-12,321610,10,1,600000.0,278390,2,4560,3790,4560.0,770.0,외식,이자카야,26300.0,"B카드 외식·커피 10% 할인까지 27만 8,400원 남았어요. 이번 주 외식은 B카드로 결제하세요."
C0395,CARD_C,하나카드 MOVING카드 ALLDAY모드,2025-12,0,0,1,,0,1,0,0,,,,,,
C0395,CARD_D,삼성카드 삼성 iD SELECT ALL 카드,2025-12,0,0,0,400000.0,400000,0,0,0,0.0,0.0,온라인쇼핑,쿠팡,375000.0,D카드 SELECT 7% 할인까지 40만 원 남았어요. 이번 주 온라인쇼핑은 D카드로 결제하세요.
C0395,CARD_E,NH농협카드 올바른 FLEX 카드,2025-12,0,0,0,300000.0,300000,0,0,0,0.0,0.0,온라인쇼핑,쿠팡,375000.0,E카드 스타벅스 50% 할인까지 30만 원 남았어요. 이번 주 온라인쇼핑은 E카드로 결제하세요.
C0396,CARD_A,신한카드 Mr.Life,2025-12,1462660,21,3,,0,3,26230,26230,,,,,,
C0396,CARD_B,KB국민카드 굿데이카드,2025-12,0,0,0,300000.0,300000,0,0,0,0.0,0.0,외식,동네식당,314900.0,B카드 통신비 10% 할인까지 30만 원 남았어요. 이번 주 외식은 B카드로 결제하세요.
C0396,CARD_C,하나카드 MOVING카드 ALLDAY모드,2025-12,127400,2,1,,0,1,640,640,,,,,,
C0396,CARD_D,삼성카드 삼성 iD SELECT ALL 카드,2025-12,2740,1,0,400000.0,397260,0,0,0,210.0,210.0,외식,동네식당,314900.0,"D카드 SELECT 7% 할인까지 39만 7,300원 남았어요. 이번 주 외식은 D카드로 결제하세요."
C0396,CARD_E,NH농협카드 올바른 FLEX 카드,2025-12,319800,5,1,,0,1,0,0,,,,,,
C0397,CARD_A,신한카드 Mr.Life,2025-12,231610,27,0,300000.0,68390,0,0,0,5630.0,5630.0,커피,메가MGC커피,16200.0,"A카드 공과금·편의점 10% 할인까지 6만 8,400원 남았어요. 이번 주 커피는 A카드로 결제하세요."
C0397,CARD_B,KB국민카드 굿데이카드,2025-12,15270,2,0,300000.0,284730,0,0,0,120.0,120.0,교통비,티머니,39100.0,"B카드 통신비 10% 할인까지 28만 4,700원 남았어요. 이번 주 교통비는 B카드로 결제하세요."
C0397,CARD_C,하나카드 MOVING카드 ALLDAY모드,2025-12,67260,4,1,,0,1,450,450,,,,,,
C0397,CARD_D,삼성카드 삼성 iD SELECT ALL 카드,2025-12,1810,1,0,400000.0,398190,0,0,0,140.0,140.0,편의점,GS25,16700.0,"D카드 SELECT 7% 할인까지 39만 8,200원 남았어요. 이번 주 편의점은 D카드로 결제하세요."
C0397,CARD_E,NH농협카드 올바른 FLEX 카드,2025-12,0,0,0,300000.0,300000,0,0,0,0.0,0.0,교통비,티머니,39100.0,E카드 스타벅스 50% 할인까지 30만 원 남았어요. 이번 주 교통비는 E카드로 결제하세요.
C0398,CARD_A,신한카드 Mr.Life,2025-12,34700,2,0,300000.0,265300,0,0,0,0.0,0.0,온라인쇼핑,쿠팡,35100.0,"A카드 공과금·편의점 10% 할인까지 26만 5,300원 남았어요. 이번 주 온라인쇼핑은 A카드로 결제하세요."
C0398,CARD_B,KB국민카드 굿데이카드,2025-12,0,0,0,300000.0,300000,0,0,0,0.0,0.0,편의점,이마트24,6500.0,B카드 통신비 10% 할인까지 30만 원 남았어요. 이번 주 편의점은 B카드로 결제하세요.
C0398,CARD_C,하나카드 MOVING카드 ALLDAY모드,2025-12,0,0,1,,0,1,0,0,,,,,,
C0398,CARD_D,삼성카드 삼성 iD SELECT ALL 카드,2025-12,13800,1,0,400000.0,386200,0,0,0,1060.0,1060.0,온라인쇼핑,쿠팡,35100.0,"D카드 SELECT 7% 할인까지 38만 6,200원 남았어요. 이번 주 온라인쇼핑은 D카드로 결제하세요."
C0398,CARD_E,NH농협카드 올바른 FLEX 카드,2025-12,0,0,0,300000.0,300000,0,0,0,0.0,0.0,온라인쇼핑,쿠팡,35100.0,E카드 스타벅스 50% 할인까지 30만 원 남았어요. 이번 주 온라인쇼핑은 E카드로 결제하세요.
C0399,CARD_A,신한카드 Mr.Life,2025-12,1071010,21,3,,0,2,8160,8160,,,,,,
C0399,CARD_B,KB국민카드 굿데이카드,2025-12,32000,1,0,300000.0,268000,0,0,0,0.0,0.0,편의점,CU,22300.0,"B카드 통신비 10% 할인까지 26만 8,000원 남았어요. 이번 주 편의점은 B카드로 결제하세요."
C0399,CARD_C,하나카드 MOVING카드 ALLDAY모드,2025-12,0,0,1,,0,1,0,0,,,,,,
C0399,CARD_D,삼성카드 삼성 iD SELECT ALL 카드,2025-12,0,0,0,400000.0,400000,0,0,0,0.0,0.0,편의점,CU,22300.0,D카드 SELECT 7% 할인까지 40만 원 남았어요. 이번 주 편의점은 D카드로 결제하세요.
C0399,CARD_E,NH농협카드 올바른 FLEX 카드,2025-12,33080,2,0,300000.0,266920,0,0,0,60.0,60.0,편의점,CU,22300.0,"E카드 스타벅스 50% 할인까지 26만 6,900원 남았어요. 이번 주 편의점은 E카드로 결제하세요."
C0400,CARD_A,신한카드 Mr.Life,2025-12,1380360,18,3,,0,3,8370,8370,,,,,,
C0400,CARD_B,KB국민카드 굿데이카드,2025-12,63100,1,0,300000.0,236900,0,0,0,0.0,0.0,외식,동네식당,120000.0,"B카드 통신비 10% 할인까지 23만 6,900원 남았어요. 이번 주 외식은 B카드로 결제하세요."
C0400,CARD_C,하나카드 MOVING카드 ALLDAY모드,2025-12,0,0,1,,0,1,0,0,,,,,,
C0400,CARD_D,삼성카드 삼성 iD SELECT ALL 카드,2025-12,0,0,0,400000.0,400000,0,0,0,0.0,0.0,외식,동네식당,120000.0,D카드 SELECT 7% 할인까지 40만 원 남았어요. 이번 주 외식은 D카드로 결제하세요.
C0400,CARD_E,NH농협카드 올바른 FLEX 카드,2025-12,15800,1,0,300000.0,284200,0,0,0,0.0,0.0,커피,메가MGC커피,8800.0,"E카드 스타벅스 50% 할인까지 28만 4,200원 남았어요. 이번 주 커피는 E카드로 결제하세요."
C0401,CARD_A,신한카드 Mr.Life,2025-12,444840,10,1,500000.0,55160,2,5930,4200,5930.0,1730.0,커피,컴포즈커피,17900.0,"A카드 할인한도 월 3.4만 원까지 5만 5,200원 남았어요. 이번 주 커피는 A카드로 결제하세요."
C0401,CARD_B,KB국민카드 굿데이카드,2025-12,0,0,0,300000.0,300000,0,0,0,0.0,0.0,커피,컴포즈커피,17900.0,B카드 통신비 10% 할인까지 30만 원 남았어요. 이번 주 커피는 B카드로 결제하세요.
C0401,CARD_C,하나카드 MOVING카드 ALLDAY모드,2025-12,0,0,1,,0,1,0,0,,,,,,
C0401,CARD_D,삼성카드 삼성 iD SELECT ALL 카드,2025-12,99700,1,0,400000.0,300300,0,0,0,7680.0,7680.0,외식,고깃집,52400.0,D카드 SELECT 7% 할인까지 30만 300원 남았어요. 이번 주 외식은 D카드로 결제하세요.
C0401,CARD_E,NH농협카드 올바른 FLEX 카드,2025-12,7000,1,0,300000.0,293000,0,0,0,0.0,0.0,커피,컴포즈커피,17900.0,"E카드 스타벅스 50% 할인까지 29만 3,000원 남았어요. 이번 주 커피는 E카드로 결제하세요."
C0402,CARD_A,신한카드 Mr.Life,2025-12,0,0,0,300000.0,300000,0,0,0,0.0,0.0,온라인쇼핑,네이버쇼핑,1016000.0,A카드 공과금·편의점 10% 할인까지 30만 원 남았어요. 이번 주 온라인쇼핑은 A카드로 결제하세요.
C0402,CARD_B,KB국민카드 굿데이카드,2025-12,38700,2,0,300000.0,261300,0,0,0,0.0,0.0,편의점,GS25,23900.0,"B카드 통신비 10% 할인까지 26만 1,300원 남았어요. 이번 주 편의점은 B카드로 결제하세요."
C0402,CARD_C,하나카드 MOVING카드 ALLDAY모드,2025-12,20720,2,1,,0,1,100,100,,,,,,
C0402,CARD_D,삼성카드 삼성 iD SELECT ALL 카드,2025-12,0,0,0,400000.0,400000,0,0,0,0.0,0.0,온라인쇼핑,네이버쇼핑,1016000.0,D카드 SELECT 7% 할인까지 40만 원 남았어요. 이번 주 온라인쇼핑은 D카드로 결제하세요.
C0402,CARD_E,NH농협카드 올바른 FLEX 카드,2025-12,1015930,16,1,,0,1,15350,15350,,,,,,
C0403,CARD_A,신한카드 Mr.Life,2025-12,0,0,0,300000.0,300000,0,0,0,0.0,0.0,장보기,이마트,371600.0,A카드 공과금·편의점 10% 할인까지 30만 원 남았어요. 이번 주말 장보기는 A카드로 결제하세요.
C0403,CARD_B,KB국민카드 굿데이카드,2025-12,0,0,0,300000.0,300000,1,0,0,0.0,0.0,외식,동네식당,95800.0,B카드 통신비 10% 할인까지 30만 원 남았어요. 이번 주 외식은 B카드로 결제하세요.
C0403,CARD_C,하나카드 MOVING카드 ALLDAY모드,2025-12,1827700,11,1,,0,1,18280,18280,,,,,,
C0403,CARD_D,삼성카드 삼성 iD SELECT ALL 카드,2025-12,0,0,0,400000.0,400000,0,0,0,0.0,0.0,장보기,이마트,371600.0,D카드 SELECT 7% 할인까지 40만 원 남았어요. 이번 주말 장보기는 D카드로 결제하세요.
C0403,CARD_E,NH농협카드 올바른 FLEX 카드,2025-12,35000,1,0,300000.0,265000,0,0,0,0.0,0.0,온라인쇼핑,쿠팡,142300.0,"E카드 스타벅스 50% 할인까지 26만 5,000원 남았어요. 이번 주 온라인쇼핑은 E카드로 결제하세요."
C0404,CARD_A,신한카드 Mr.Life,2025-12,2213340,14,3,,0,2,7670,10670,,,,,,
C0404,CARD_B,KB국민카드 굿데이카드,2025-12,0,0,0,300000.0,300000,0,0,0,0.0,0.0,편의점,GS25,23500.0,B카드 통신비 10% 할인까지 30만 원 남았어요. 이번 주 편의점은 B카드로 결제하세요.
C0404,CARD_C,하나카드 MOVING카드 ALLDAY모드,2025-12,1600,1,1,,0,1,10,10,,,,,,
C0404,CARD_D,삼성카드 삼성 iD SELECT ALL 카드,2025-12,90190,2,0,400000.0,309810,0,0,0,630.0,630.0,배달 주문,배달의민족,108100.0,"D카드 SELECT 7% 할인까지 30만 9,800원 남았어요. 이번 주 배달 주문은 D카드로 결제하세요."
C0404,CARD_E,NH농협카드 올바른 FLEX 카드,2025-12,3270,1,0,300000.0,296730,0,0,0,0.0,0.0,배달 주문,배달의민족,108100.0,"E카드 스타벅스 50% 할인까지 29만 6,700원 남았어요. 이번 주 배달 주문은 E카드로 결제하세요."
C0405,CARD_A,신한카드 Mr.Life,2025-12,61880,2,0,300000.0,238120,0,0,0,6190.0,6190.0,온라인쇼핑,네이버쇼핑,553700.0,"A카드 공과금·편의점 10% 할인까지 23만 8,100원 남았어요. 이번 주 온라인쇼핑은 A카드로 결제하세요."
C0405,CARD_B,KB국민카드 굿데이카드,2025-12,436550,16,1,600000.0,163450,3,5000,0,5000.0,5000.0,외식,한식뷔페,73000.0,"B카드 외식·커피 10% 할인까지 16만 3,400원 남았어요. 이번 주 외식은 B카드로 결제하세요."
C0405,CARD_C,하나카드 MOVING카드 ALLDAY모드,2025-12,10300,1,1,,0,1,50,50,,,,,,
C0405,CARD_D,삼성카드 삼성 iD SELECT ALL 카드,2025-12,44130,3,0,400000.0,355870,0,0,0,1710.0,1710.0,온라인쇼핑,네이버쇼핑,553700.0,"D카드 SELECT 7% 할인까지 35만 5,900원 남았어요. 이번 주 온라인쇼핑은 D카드로 결제하세요."
C0405,CARD_E,NH농협카드 올바른 FLEX 카드,2025-12,227460,3,0,300000.0,72540,0,0,0,0.0,0.0,온라인쇼핑,네이버쇼핑,553700.0,"E카드 스타벅스 50% 할인까지 7만 2,500원 남았어요. 이번 주 온라인쇼핑은 E카드로 결제하세요."
C0406,CARD_A,신한카드 Mr.Life,2025-12,2359100,1,3,,0,0,0,0,,,,,,
C0406,CARD_B,KB국민카드 굿데이카드,2025-12,97900,1,0,300000.0,202100,0,0,0,0.0,0.0,외식,동네식당,321900.0,"B카드 통신비 10% 할인까지 20만 2,100원 남았어요. 이번 주 외식은 B카드로 결제하세요."
C0406,CARD_C,하나카드 MOVING카드 ALLDAY모드,2025-12,5350180,13,1,,0,1,50000,50000,,,,,,
C0406,CARD_D,삼성카드 삼성 iD SELECT ALL 카드,2025-12,149300,2,0,400000.0,250700,0,0,0,8050.0,8050.0,온라인쇼핑,G마켓,344000.0,D카드 SELECT 7% 할인까지 25만 700원 남았어요. 이번 주 온라인쇼핑은 D카드로 결제하세요.
C0406,CARD_E,NH농협카드 올바른 FLEX 카드,2025-12,848000,1,1,,0,0,0,0,,,,,,
C0407,CARD_A,신한카드 Mr.Life,2025-12,518890,20,2,1000000.0,481110,2,8070,8070,8070.0,0.0,편의점,CU,21500.0,"A카드 할인한도 월 5만 원까지 48만 1,100원 남았어요. 이번 주 편의점은 A카드로 결제하세요."
C0407,CARD_B,KB국민카드 굿데이카드,2025-12,0,0,0,300000.0,300000,0,0,0,0.0,0.0,편의점,CU,21500.0,B카드 통신비 10% 할인까지 30만 원 남았어요. 이번 주 편의점은 B카드로 결제하세요.
C0407,CARD_C,하나카드 MOVING카드 ALLDAY모드,2025-12,21580,2,1,,0,1,110,110,,,,,,
C0407,CARD_D,삼성카드 삼성 iD SELECT ALL 카드,2025-12,0,0,0,400000.0,400000,0,0,0,0.0,0.0,편의점,CU,21500.0,D카드 SELECT 7% 할인까지 40만 원 남았어요. 이번 주 편의점은 D카드로 결제하세요.
C0407,CARD_E,NH농협카드 올바른 FLEX 카드,2025-12,1550,1,0,300000.0,298450,0,0,0,110.0,110.0,편의점,CU,21500.0,"E카드 스타벅스 50% 할인까지 29만 8,400원 남았어요. 이번 주 편의점은 E카드로 결제하세요."
C0408,CARD_A,신한카드 Mr.Life,2025-12,741100,11,2,1000000.0,258900,3,28740,21940,28740.0,6800.0,장보기,이마트,702800.0,"A카드 할인한도 월 5만 원까지 25만 8,900원 남았어요. 이번 주말 장보기는 A카드로 결제하세요."
C0408,CARD_B,KB국민카드 굿데이카드,2025-12,23000,1,0,300000.0,277000,0,0,0,0.0,0.0,주유,SK에너지,186000.0,"B카드 통신비 10% 할인까지 27만 7,000원 남았어요. 이번 주말 주유는 B카드로 결제하세요."
C0408,CARD_C,하나카드 MOVING카드 ALLDAY모드,2025-12,0,0,1,,0,1,0,0,,,,,,
C0408,CARD_D,삼성카드 삼성 iD SELECT ALL 카드,2025-12,0,0,0,400000.0,400000,0,0,0,0.0,0.0,장보기,이마트,702800.0,D카드 SELECT 7% 할인까지 40만 원 남았어요. 이번 주말 장보기는 D카드로 결제하세요.
C0408,CARD_E,NH농협카드 올바른 FLEX 카드,2025-12,13000,1,0,300000.0,287000,0,0,0,0.0,0.0,온라인쇼핑,쿠팡,162000.0,"E카드 스타벅스 50% 할인까지 28만 7,000원 남았어요. 이번 주 온라인쇼핑은 E카드로 결제하세요."
C0409,CARD_A,신한카드 Mr.Life,2025-12,95670,4,0,300000.0,204330,0,0,0,480.0,480.0,장보기,이마트,240400.0,"A카드 공과금·편의점 10% 할인까지 20만 4,300원 남았어요. 이번 주말 장보기는 A카드로 결제하세요."
C0409,CARD_B,KB국민카드 굿데이카드,2025-12,0,0,0,300000.0,300000,0,0,0,0.0,0.0,외식,이자카야,33500.0,B카드 통신비 10% 할인까지 30만 원 남았어요. 이번 주 외식은 B카드로 결제하세요.
C0409,CARD_C,하나카드 MOVING카드 ALLDAY모드,2025-12,0,0,1,,0,1,0,0,,,,,,
C0409,CARD_D,삼성카드 삼성 iD SELECT ALL 카드,2025-12,0,0,0,400000.0,400000,0,0,0,0.0,0.0,구독료,멜론,36000.0,D카드 SELECT 7% 할인까지 40만 원 남았어요. 이번 주 구독료는 D카드로 결제하세요.
C0409,CARD_E,NH농협카드 올바른 FLEX 카드,2025-12,276900,6,0,300000.0,23100,1,5810,0,5810.0,5810.0,구독료,멜론,36000.0,"E카드 스타벅스 50% 할인까지 2만 3,100원 남았어요. 이번 주 구독료는 E카드로 결제하세요."
C0410,CARD_A,신한카드 Mr.Life,2025-12,0,0,0,300000.0,300000,0,0,0,0.0,0.0,커피,스타벅스,24200.0,A카드 공과금·편의점 10% 할인까지 30만 원 남았어요. 이번 주 커피는 A카드로 결제하세요.
C0410,CARD_B,KB국민카드 굿데이카드,2025-12,3470,1,0,300000.0,296530,0,0,0,0.0,0.0,커피,스타벅스,24200.0,"B카드 통신비 10% 할인까지 29만 6,500원 남았어요. 이번 주 커피는 B카드로 결제하세요."
C0410,CARD_C,하나카드 MOVING카드 ALLDAY모드,2025-12,137500,2,1,,0,1,690,690,,,,,,
C0410,CARD_D,삼성카드 삼성 iD SELECT ALL 카드,2025-12,752730,9,1,800000.0,47270,1,12270,12270,15270.0,3000.0,구독료,디즈니플러스,28500.0,"D카드 SELECT 한도 월 1만 원까지 4만 7,300원 남았어요. 이번 주 구독료는 D카드로 결제하세요."
C0410,CARD_E,NH농협카드 올바른 FLEX 카드,2025-12,24300,2,0,300000.0,275700,0,0,0,5200.0,5200.0,커피,스타벅스,24200.0,"E카드 스타벅스 50% 할인까지 27만 5,700원 남았어요. 이번 주 커피는 E카드로 결제하세요."
C0411,CARD_A,신한카드 Mr.Life,2025-12,40460,2,0,300000.0,259540,0,0,0,3790.0,3790.0,온라인쇼핑,쿠팡,230600.0,"A카드 공과금·편의점 10% 할인까지 25만 9,500원 남았어요. 이번 주 온라인쇼핑은 A카드로 결제하세요."
C0411,CARD_B,KB국민카드 굿데이카드,2025-12,8340,1,0,300000.0,291660,2,0,0,0.0,0.0,외식,동네식당,67700.0,"B카드 통신비 10% 할인까지 29만 1,700원 남았어요. 이번 주 외식은 B카드로 결제하세요."
C0411,CARD_C,하나카드 MOVING카드 ALLDAY모드,2025-12,895710,18,1,,0,1,9410,9410,,,,,,
C0411,CARD_D,삼성카드 삼성 iD SELECT ALL 카드,2025-12,38300,1,0,400000.0,361700,0,0,0,2950.0,2950.0,온라인쇼핑,쿠팡,230600.0,"D카드 SELECT 7% 할인까지 36만 1,700원 남았어요. 이번 주 온라인쇼핑은 D카드로 결제하세요."
C0411,CARD_E,NH농협카드 올바른 FLEX 카드,2025-12,76200,2,0,300000.0,223800,0,0,0,3000.0,3000.0,온라인쇼핑,쿠팡,230600.0,"E카드 스타벅스 50% 할인까지 22만 3,800원 남았어요. 이번 주 온라인쇼핑은 E카드로 결제하세요."
C0412,CARD_A,신한카드 Mr.Life,2025-12,1194230,23,3,,0,3,7860,7860,,,,,,
C0412,CARD_B,KB국민카드 굿데이카드,2025-12,133130,5,0,300000.0,166870,0,0,0,0.0,0.0,교통비,티머니,71300.0,"B카드 통신비 10% 할인까지 16만 6,900원 남았어요. 이번 주 교통비는 B카드로 결제하세요."
C0412,CARD_C,하나카드 MOVING카드 ALLDAY모드,2025-12,19850,3,1,,0,1,170,170,,,,,,
C0412,CARD_D,삼성카드 삼성 iD SELECT ALL 카드,2025-12,0,0,0,400000.0,400000,0,0,0,0.0,0.0,편의점,CU,22900.0,D카드 SELECT 7% 할인까지 40만 원 남았어요. 이번 주 편의점은 D카드로 결제하세요.
C0412,CARD_E,NH농협카드 올바른 FLEX 카드,2025-12,0,0,0,300000.0,300000,0,0,0,0.0,0.0,교통비,티머니,71300.0,E카드 스타벅스 50% 할인까지 30만 원 남았어요. 이번 주 교통비는 E카드로 결제하세요.
C0413,CARD_A,신한카드 Mr.Life,2025-12,0,0,0,300000.0,300000,0,0,0,0.0,0.0,커피,투썸플레이스,14700.0,A카드 공과금·편의점 10% 할인까지 30만 원 남았어요. 이번 주 커피는 A카드로 결제하세요.
C0413,CARD_B,KB국민카드 굿데이카드,2025-12,285260,10,0,300000.0,14740,1,0,0,0.0,0.0,커피,투썸플레이스,14700.0,"B카드 통신비 10% 할인까지 1만 4,700원 남았어요. 이번 주 커피는 B카드로 결제하세요."
C0413,CARD_C,하나카드 MOVING카드 ALLDAY모드,2025-12,0,0,1,,0,1,0,0,,,,,,
C0413,CARD_D,삼성카드 삼성 iD SELECT ALL 카드,2025-12,32100,1,0,400000.0,367900,0,0,0,220.0,220.0,외식,한식뷔페,40300.0,"D카드 SELECT 7% 할인까지 36만 7,900원 남았어요. 이번 주 외식은 D카드로 결제하세요."
C0413,CARD_E,NH농협카드 올바른 FLEX 카드,2025-12,10600,1,0,300000.0,289400,0,0,0,0.0,0.0,커피,투썸플레이스,14700.0,"E카드 스타벅스 50% 할인까지 28만 9,400원 남았어요. 이번 주 커피는 E카드로 결제하세요."
C0414,CARD_A,신한카드 Mr.Life,2025-12,960840,11,2,1000000.0,39160,3,1800,1800,1800.0,0.0,편의점,CU,10700.0,"A카드 할인한도 월 5만 원까지 3만 9,200원 남았어요. 이번 주 편의점은 A카드로 결제하세요."
C0414,CARD_B,KB국민카드 굿데이카드,2025-12,501500,2,1,600000.0,98500,0,0,0,0.0,0.0,편의점,CU,10700.0,"B카드 외식·커피 10% 할인까지 9만 8,500원 남았어요. 이번 주 편의점은 B카드로 결제하세요."
C0414,CARD_C,하나카드 MOVING카드 ALLDAY모드,2025-12,0,0,1,,0,1,0,0,,,,,,
C0414,CARD_D,삼성카드 삼성 iD SELECT ALL 카드,2025-12,0,0,0,400000.0,400000,0,0,0,0.0,0.0,편의점,CU,10700.0,D카드 SELECT 7% 할인까지 40만 원 남았어요. 이번 주 편의점은 D카드로 결제하세요.
C0414,CARD_E,NH농협카드 올바른 FLEX 카드,2025-12,0,0,0,300000.0,300000,0,0,0,0.0,0.0,편의점,CU,10700.0,E카드 스타벅스 50% 할인까지 30만 원 남았어요. 이번 주 편의점은 E카드로 결제하세요.
C0415,CARD_A,신한카드 Mr.Life,2025-12,0,0,0,300000.0,300000,0,0,0,0.0,0.0,온라인쇼핑,쿠팡,164900.0,A카드 공과금·편의점 10% 할인까지 30만 원 남았어요. 이번 주 온라인쇼핑은 A카드로 결제하세요.
C0415,CARD_B,KB국민카드 굿데이카드,2025-12,106700,1,0,300000.0,193300,0,0,0,0.0,0.0,편의점,GS25,9800.0,"B카드 통신비 10% 할인까지 19만 3,300원 남았어요. 이번 주 편의점은 B카드로 결제하세요."
C0415,CARD_C,하나카드 MOVING카드 ALLDAY모드,2025-12,74900,3,1,,0,1,370,370,,,,,,
C0415,CARD_D,삼성카드 삼성 iD SELECT ALL 카드,2025-12,0,0,0,400000.0,400000,0,0,0,0.0,0.0,온라인쇼핑,쿠팡,164900.0,D카드 SELECT 7% 할인까지 40만 원 남았어요. 이번 주 온라인쇼핑은 D카드로 결제하세요.
C0415,CARD_E,NH농협카드 올바른 FLEX 카드,2025-12,409620,11,1,,0,1,3250,3250,,,,,,
C0416,CARD_A,신한카드 Mr.Life,2025-12,2746850,19,3,,0,3,17390,17390,,,,,,
C0416,CARD_B,KB국민카드 굿데이카드,2025-12,306000,1,1,600000.0,294000,0,0,0,0.0,0.0,외식,한식뷔페,246800.0,"B카드 외식·커피 10% 할인까지 29만 4,000원 남았어요. 이번 주 외식은 B카드로 결제하세요."
C0416,CARD_C,하나카드 MOVING카드 ALLDAY모드,2025-12,0,0,1,,0,1,0,0,,,,,,
C0416,CARD_D,삼성카드 삼성 iD SELECT ALL 카드,2025-12,0,0,0,400000.0,400000,1,0,0,0.0,0.0,외식,한식뷔페,246800.0,D카드 SELECT 7% 할인까지 40만 원 남았어요. 이번 주 외식은 D카드로 결제하세요.
C0416,CARD_E,NH농협카드 올바른 FLEX 카드,2025-12,199100,1,0,300000.0,100900,0,0,0,0.0,0.0,커피,메가MGC커피,25900.0,E카드 스타벅스 50% 할인까지 10만 900원 남았어요. 이번 주 커피는 E카드로 결제하세요.
C0417,CARD_A,신한카드 Mr.Life,2025-12,396000,2,1,500000.0,104000,0,0,0,0.0,0.0,외식,동네식당,210500.0,"A카드 할인한도 월 3.4만 원까지 10만 4,000원 남았어요. 이번 주 외식은 A카드로 결제하세요."
C0417,CARD_B,KB국민카드 굿데이카드,2025-12,0,0,0,300000.0,300000,0,0,0,0.0,0.0,외식,동네식당,210500.0,B카드 통신비 10% 할인까지 30만 원 남았어요. 이번 주 외식은 B카드로 결제하세요.
C0417,CARD_C,하나카드 MOVING카드 ALLDAY모드,2025-12,0,0,1,,0,1,0,0,,,,,,
C0417,CARD_D,삼성카드 삼성 iD SELECT ALL 카드,2025-12,0,0,0,400000.0,400000,0,0,0,0.0,0.0,외식,동네식당,210500.0,D카드 SELECT 7% 할인까지 40만 원 남았어요. 이번 주 외식은 D카드로 결제하세요.
C0417,CARD_E,NH농협카드 올바른 FLEX 카드,2025-12,468900,9,1,,0,1,9250,9250,,,,,,
C0418,CARD_A,신한카드 Mr.Life,2025-12,1824700,16,3,,0,3,13050,13050,,,,,,
C0418,CARD_B,KB국민카드 굿데이카드,2025-12,0,0,0,300000.0,300000,0,0,0,0.0,0.0,외식,동네식당,261800.0,B카드 통신비 10% 할인까지 30만 원 남았어요. 이번 주 외식은 B카드로 결제하세요.
C0418,CARD_C,하나카드 MOVING카드 ALLDAY모드,2025-12,0,0,1,,0,1,0,0,,,,,,
C0418,CARD_D,삼성카드 삼성 iD SELECT ALL 카드,2025-12,0,0,0,400000.0,400000,0,0,0,0.0,0.0,외식,동네식당,261800.0,D카드 SELECT 7% 할인까지 40만 원 남았어요. 이번 주 외식은 D카드로 결제하세요.
C0418,CARD_E,NH농협카드 올바른 FLEX 카드,2025-12,72020,4,0,300000.0,227980,0,0,0,3470.0,3470.0,편의점,GS25,25800.0,"E카드 스타벅스 50% 할인까지 22만 8,000원 남았어요. 이번 주 편의점은 E카드로 결제하세요."
C0419,CARD_A,신한카드 Mr.Life,2025-12,490340,12,1,500000.0,9660,2,7180,3180,7180.0,4000.0,외식,이자카야,164500.0,"A카드 할인한도 월 3.4만 원까지 9,700원 남았어요. 이번 주 외식은 A카드로 결제하세요."
C0419,CARD_B,KB국민카드 굿데이카드,2025-12,11300,1,0,300000.0,288700,0,0,0,0.0,0.0,외식,이자카야,164500.0,"B카드 통신비 10% 할인까지 28만 8,700원 남았어요. 이번 주 외식은 B카드로 결제하세요."
C0419,CARD_C,하나카드 MOVING카드 ALLDAY모드,2025-12,106600,2,1,,0,1,530,530,,,,,,
C0419,CARD_D,삼성카드 삼성 iD SELECT ALL 카드,2025-12,21950,2,0,400000.0,378050,0,0,0,1100.0,1100.0,외식,이자카야,164500.0,"D카드 SELECT 7% 할인까지 37만 8,000원 남았어요. 이번 주 외식은 D카드로 결제하세요."
C0419,CARD_E,NH농협카드 올바른 FLEX 카드,2025-12,268040,3,0,300000.0,31960,0,0,0,1440.0,1440.0,교통비,티머니,19800.0,"E카드 스타벅스 50% 할인까지 3만 2,000원 남았어요. 이번 주 교통비는 E카드로 결제하세요."
C0420,CARD_A,신한카드 Mr.Life,2025-12,806590,14,2,1000000.0,193410,2,26800,26800,26800.0,0.0,장보기,쿠팡프레시,344000.0,"A카드 할인한도 월 5만 원까지 19만 3,400원 남았어요. 이번 주말 장보기는 A카드로 결제하세요."
C0420,CARD_B,KB국민카드 굿데이카드,2025-12,0,0,0,300000.0,300000,0,0,0,0.0,0.0,외식,동네식당,40500.0,B카드 통신비 10% 할인까지 30만 원 남았어요. 이번 주 외식은 B카드로 결제하세요.
C0420,CARD_C,하나카드 MOVING카드 ALLDAY모드,2025-12,211000,2,1,,0,1,1060,1060,,,,,,
C0420,CARD_D,삼성카드 삼성 iD SELECT ALL 카드,2025-12,0,0,0,400000.0,400000,0,0,0,0.0,0.0,장보기,쿠팡프레시,344000.0,D카드 SELECT 7% 할인까지 40만 원 남았어요. 이번 주말 장보기는 D카드로 결제하세요.
C0420,CARD_E,NH농협카드 올바른 FLEX 카드,2025-12,0,0,0,300000.0,300000,0,0,0,0.0,0.0,교통비,주차장,92100.0,E카드 스타벅스 50% 할인까지 30만 원 남았어요. 이번 주 교통비는 E카드로 결제하세요.
C0421,CARD_A,신한카드 Mr.Life,2025-12,469330,10,1,500000.0,30670,2,20000,10000,20000.0,10000.0,외식,동네식당,60600.0,A카드 할인한도 월 3.4만 원까지 3만 700원 남았어요. 이번 주 외식은 A카드로 결제하세요.
C0421,CARD_B,KB국민카드 굿데이카드,2025-12,0,0,0,300000.0,300000,0,0,0,0.0,0.0,외식,동네식당,60600.0,B카드 통신비 10% 할인까지 30만 원 남았어요. 이번 주 외식은 B카드로 결제하세요.
C0421,CARD_C,하나카드 MOVING카드 ALLDAY모드,2025-12,2620,1,1,,0,1,10,10,,,,,,
C0421,CARD_D,삼성카드 삼성 iD SELECT ALL 카드,2025-12,0,0,0,400000.0,400000,0,0,0,0.0,0.0,외식,동네식당,60600.0,D카드 SELECT 7% 할인까지 40만 원 남았어요. 이번 주 외식은 D카드로 결제하세요.
C0421,CARD_E,NH농협카드 올바른 FLEX 카드,2025-12,112000,2,0,300000.0,188000,0,0,0,0.0,0.0,커피,투썸플레이스,16200.0,"E카드 스타벅스 50% 할인까지 18만 8,000원 남았어요. 이번 주 커피는 E카드로 결제하세요."
C0422,CARD_A,신한카드 Mr.Life,2025-12,10900,1,0,300000.0,289100,0,0,0,0.0,0.0,편의점,CU,31100.0,"A카드 공과금·편의점 10% 할인까지 28만 9,100원 남았어요. 이번 주 편의점은 A카드로 결제하세요."
C0422,CARD_B,KB국민카드 굿데이카드,2025-12,23900,1,0,300000.0,276100,0,0,0,0.0,0.0,편의점,CU,31100.0,"B카드 통신비 10% 할인까지 27만 6,100원 남았어요. 이번 주 편의점은 B카드로 결제하세요."
C0422,CARD_C,하나카드 MOVING카드 ALLDAY모드,2025-12,100900,2,1,,0,1,500,500,,,,,,
C0422,CARD_D,삼성카드 삼성 iD SELECT ALL 카드,2025-12,40340,3,0,400000.0,359660,0,0,0,1950.0,1950.0,편의점,CU,31100.0,"D카드 SELECT 7% 할인까지 35만 9,700원 남았어요. 이번 주 편의점은 D카드로 결제하세요."
C0422,CARD_E,NH농협카드 올바른 FLEX 카드,2025-12,1394900,15,1,,0,1,5100,5100,,,,,,
C0423,CARD_A,신한카드 Mr.Life,2025-12,0,0,0,300000.0,300000,0,0,0,0.0,0.0,외식,고깃집,202600.0,A카드 공과금·편의점 10% 할인까지 30만 원 남았어요. 이번 주 외식은 A카드로 결제하세요.
C0423,CARD_B,KB국민카드 굿데이카드,2025-12,164860,9,0,300000.0,135140,1,0,0,0.0,0.0,외식,고깃집,202600.0,"B카드 통신비 10% 할인까지 13만 5,100원 남았어요. 이번 주 외식은 B카드로 결제하세요."
C0423,CARD_C,하나카드 MOVING카드 ALLDAY모드,2025-12,0,0,1,,0,1,0,0,,,,,,
C0423,CARD_D,삼성카드 삼성 iD SELECT ALL 카드,2025-12,29300,1,0,400000.0,370700,0,0,0,2260.0,2260.0,외식,고깃집,202600.0,D카드 SELECT 7% 할인까지 37만 700원 남았어요. 이번 주 외식은 D카드로 결제하세요.
C0423,CARD_E,NH농협카드 올바른 FLEX 카드,2025-12,0,0,0,300000.0,300000,0,0,0,0.0,0.0,구독료,스포티파이,30500.0,E카드 스타벅스 50% 할인까지 30만 원 남았어요. 이번 주 구독료는 E카드로 결제하세요.
C0424,CARD_A,신한카드 Mr.Life,2025-12,0,0,0,300000.0,300000,0,0,0,0.0,0.0,커피,컴포즈커피,8800.0,A카드 공과금·편의점 10% 할인까지 30만 원 남았어요. 이번 주 커피는 A카드로 결제하세요.
C0424,CARD_B,KB국민카드 굿데이카드,2025-12,0,0,0,300000.0,300000,0,0,0,0.0,0.0,커피,컴포즈커피,8800.0,B카드 통신비 10% 할인까지 30만 원 남았어요. 이번 주 커피는 B카드로 결제하세요.
C0424,CARD_C,하나카드 MOVING카드 ALLDAY모드,2025-12,0,0,1,,0,1,0,0,,,,,,
C0424,CARD_D,삼성카드 삼성 iD SELECT ALL 카드,2025-12,22210,2,0,400000.0,377790,0,0,0,1560.0,1560.0,장보기,동네마트,90100.0,"D카드 SELECT 7% 할인까지 37만 7,800원 남았어요. 이번 주말 장보기는 D카드로 결제하세요."
C0424,CARD_E,NH농협카드 올바른 FLEX 카드,2025-12,287140,10,0,300000.0,12860,1,3700,0,3700.0,3700.0,커피,컴포즈커피,8800.0,"E카드 스타벅스 50% 할인까지 1만 2,900원 남았어요. 이번 주 커피는 E카드로 결제하세요."
C0425,CARD_A,신한카드 Mr.Life,2025-12,691190,18,2,1000000.0,308810,1,3650,3650,3650.0,0.0,외식,서브웨이,118900.0,"A카드 할인한도 월 5만 원까지 30만 8,800원 남았어요. 이번 주 외식은 A카드로 결제하세요."
C0425,CARD_B,KB국민카드 굿데이카드,2025-12,151100,1,0,300000.0,148900,0,0,0,0.0,0.0,외식,서브웨이,118900.0,"B카드 통신비 10% 할인까지 14만 8,900원 남았어요. 이번 주 외식은 B카드로 결제하세요."
C0425,CARD_C,하나카드 MOVING카드 ALLDAY모드,2025-12,0,0,1,,0,1,0,0,,,,,,
C0425,CARD_D,삼성카드 삼성 iD SELECT ALL 카드,2025-12,0,0,0,400000.0,400000,0,0,0,0.0,0.0,외식,서브웨이,118900.0,D카드 SELECT 7% 할인까지 40만 원 남았어요. 이번 주 외식은 D카드로 결제하세요.
C0425,CARD_E,NH농협카드 올바른 FLEX 카드,2025-12,0,0,0,300000.0,300000,0,0,0,0.0,0.0,커피,투썸플레이스,25100.0,E카드 스타벅스 50% 할인까지 30만 원 남았어요. 이번 주 커피는 E카드로 결제하세요.
C0426,CARD_A,신한카드 Mr.Life,2025-12,216210,7,0,300000.0,83790,2,6230,0,4230.0,4230.0,편의점,GS25,21800.0,"A카드 공과금·편의점 10% 할인까지 8만 3,800원 남았어요. 이번 주 편의점은 A카드로 결제하세요."
C0426,CARD_B,KB국민카드 굿데이카드,2025-12,0,0,0,300000.0,300000,0,0,0,0.0,0.0,편의점,GS25,21800.0,B카드 통신비 10% 할인까지 30만 원 남았어요. 이번 주 편의점은 B카드로 결제하세요.
C0426,CARD_C,하나카드 MOVING카드 ALLDAY모드,2025-12,24100,1,1,,0,1,120,120,,,,,,
C0426,CARD_D,삼성카드 삼성 iD SELECT ALL 카드,2025-12,48300,1,0,400000.0,351700,0,0,0,4830.0,4830.0,배달 주문,쿠팡이츠,82100.0,"D카드 SELECT 7% 할인까지 35만 1,700원 남았어요. 이번 주 배달 주문은 D카드로 결제하세요."
C0426,CARD_E,NH농협카드 올바른 FLEX 카드,2025-12,56500,1,0,300000.0,243500,0,0,0,0.0,0.0,배달 주문,쿠팡이츠,82100.0,"E카드 스타벅스 50% 할인까지 24만 3,500원 남았어요. 이번 주 배달 주문은 E카드로 결제하세요."
C0427,CARD_A,신한카드 Mr.Life,2025-12,834110,11,2,1000000.0,165890,2,6270,6270,6270.0,0.0,커피,폴바셋,27100.0,"A카드 할인한도 월 5만 원까지 16만 5,900원 남았어요. 이번 주 커피는 A카드로 결제하세요."
C0427,CARD_B,KB국민카드 굿데이카드,2025-12,0,0,0,300000.0,300000,0,0,0,0.0,0.0,커피,폴바셋,27100.0,B카드 통신비 10% 할인까지 30만 원 남았어요. 이번 주 커피는 B카드로 결제하세요.
C0427,CARD_C,하나카드 MOVING카드 ALLDAY모드,2025-12,0,0,1,,0,1,0,0,,,,,,
C0427,CARD_D,삼성카드 삼성 iD SELECT ALL 카드,2025-12,0,0,0,400000.0,400000,0,0,0,0.0,0.0,배달 주문,배달의민족,87500.0,D카드 SELECT 7% 할인까지 40만 원 남았어요. 이번 주 배달 주문은 D카드로 결제하세요.
C0427,CARD_E,NH농협카드 올바른 FLEX 카드,2025-12,0,0,0,300000.0,300000,0,0,0,0.0,0.0,커피,폴바셋,27100.0,E카드 스타벅스 50% 할인까지 30만 원 남았어요. 이번 주 커피는 E카드로 결제하세요.
C0428,CARD_A,신한카드 Mr.Life,2025-12,117680,14,0,300000.0,182320,0,0,0,260.0,260.0,커피,컴포즈커피,9500.0,"A카드 공과금·편의점 10% 할인까지 18만 2,300원 남았어요. 이번 주 커피는 A카드로 결제하세요."
C0428,CARD_B,KB국민카드 굿데이카드,2025-12,11400,1,0,300000.0,288600,0,0,0,0.0,0.0,교통비,티머니,41000.0,"B카드 통신비 10% 할인까지 28만 8,600원 남았어요. 이번 주 교통비는 B카드로 결제하세요."
C0428,CARD_C,하나카드 MOVING카드 ALLDAY모드,2025-12,0,0,1,,0,1,0,0,,,,,,
C0428,CARD_D,삼성카드 삼성 iD SELECT ALL 카드,2025-12,7530,2,0,400000.0,392470,0,0,0,50.0,50.0,구독료,마이크로소프트 365,30100.0,"D카드 SELECT 7% 할인까지 39만 2,500원 남았어요. 이번 주 구독료는 D카드로 결제하세요."
C0428,CARD_E,NH농협카드 올바른 FLEX 카드,2025-12,0,0,0,300000.0,300000,0,0,0,0.0,0.0,교통비,티머니,41000.0,E카드 스타벅스 50% 할인까지 30만 원 남았어요. 이번 주 교통비는 E카드로 결제하세요.
C0429,CARD_A,신한카드 Mr.Life,2025-12,0,0,0,300000.0,300000,0,0,0,0.0,0.0,장보기,쿠팡프레시,215300.0,A카드 공과금·편의점 10% 할인까지 30만 원 남았어요. 이번 주말 장보기는 A카드로 결제하세요.
C0429,CARD_B,KB국민카드 굿데이카드,2025-12,0,0,0,300000.0,300000,0,0,0,0.0,0.0,외식,고깃집,85500.0,B카드 통신비 10% 할인까지 30만 원 남았어요. 이번 주 외식은 B카드로 결제하세요.
C0429,CARD_C,하나카드 MOVING카드 ALLDAY모드,2025-12,470090,7,1,,0,1,2350,2350,,,,,,
C0429,CARD_D,삼성카드 삼성 iD SELECT ALL 카드,2025-12,0,0,0,400000.0,400000,0,0,0,0.0,0.0,장보기,쿠팡프레시,215300.0,D카드 SELECT 7% 할인까지 40만 원 남았어요. 이번 주말 장보기는 D카드로 결제하세요.
C0429,CARD_E,NH농협카드 올바른 FLEX 카드,2025-12,49900,2,0,300000.0,250100,0,0,0,0.0,0.0,온라인쇼핑,알리익스프레스,106300.0,E카드 스타벅스 50% 할인까지 25만 100원 남았어요. 이번 주 온라인쇼핑은 E카드로 결제하세요.
C0430,CARD_A,신한카드 Mr.Life,2025-12,0,0,0,300000.0,300000,0,0,0,0.0,0.0,외식,동네식당,518000.0,A카드 공과금·편의점 10% 할인까지 30만 원 남았어요. 이번 주 외식은 A카드로 결제하세요.
C0430,CARD_B,KB국민카드 굿데이카드,2025-12,646600,1,2,1200000.0,553400,3,0,0,0.0,0.0,외식,동네식당,518000.0,"B카드 학원비 10% 할인까지 55만 3,400원 남았어요. 이번 주 외식은 B카드로 결제하세요."
C0430,CARD_C,하나카드 MOVING카드 ALLDAY모드,2025-12,1408900,11,1,,0,1,16060,16060,,,,,,
C0430,CARD_D,삼성카드 삼성 iD SELECT ALL 카드,2025-12,42100,1,0,400000.0,357900,0,0,0,290.0,290.0,외식,동네식당,518000.0,"D카드 SELECT 7% 할인까지 35만 7,900원 남았어요. 이번 주 외식은 D카드로 결제하세요."
C0430,CARD_E,NH농협카드 올바른 FLEX 카드,2025-12,0,0,0,300000.0,300000,0,0,0,0.0,0.0,편의점,CU,44600.0,E카드 스타벅스 50% 할인까지 30만 원 남았어요. 이번 주 편의점은 E카드로 결제하세요.
C0431,CARD_A,신한카드 Mr.Life,2025-12,0,0,0,300000.0,300000,0,0,0,0.0,0.0,온라인쇼핑,네이버쇼핑,653000.0,A카드 공과금·편의점 10% 할인까지 30만 원 남았어요. 이번 주 온라인쇼핑은 A카드로 결제하세요.
C0431,CARD_B,KB국민카드 굿데이카드,2025-12,0,0,0,300000.0,300000,0,0,0,0.0,0.0,편의점,CU,7300.0,B카드 통신비 10% 할인까지 30만 원 남았어요. 이번 주 편의점은 B카드로 결제하세요.
C0431,CARD_C,하나카드 MOVING카드 ALLDAY모드,2025-12,48500,1,1,,0,1,240,240,,,,,,
C0431,CARD_D,삼성카드 삼성 iD SELECT ALL 카드,2025-12,0,0,0,400000.0,400000,0,0,0,0.0,0.0,온라인쇼핑,네이버쇼핑,653000.0,D카드 SELECT 7% 할인까지 40만 원 남았어요. 이번 주 온라인쇼핑은 D카드로 결제하세요.
C0431,CARD_E,NH농협카드 올바른 FLEX 카드,2025-12,609400,18,1,,0,1,11140,11140,,,,,,
C0432,CARD_A,신한카드 Mr.Life,2025-12,67300,1,0,300000.0,232700,1,0,0,0.0,0.0,외식,동네식당,63200.0,"A카드 공과금·편의점 10% 할인까지 23만 2,700원 남았어요. 이번 주 외식은 A카드로 결제하세요."
C0432,CARD_B,KB국민카드 굿데이카드,2025-12,1070270,11,2,1200000.0,129730,2,2510,2510,2510.0,0.0,외식,동네식당,63200.0,"B카드 학원비 10% 할인까지 12만 9,700원 남았어요. 이번 주 외식은 B카드로 결제하세요."
C0432,CARD_C,하나카드 MOVING카드 ALLDAY모드,2025-12,7890,1,1,,0,1,40,40,,,,,,
C0432,CARD_D,삼성카드 삼성 iD SELECT ALL 카드,2025-12,0,0,0,400000.0,400000,0,0,0,0.0,0.0,구독료,쿠팡와우,41600.0,D카드 SELECT 7% 할인까지 40만 원 남았어요. 이번 주 구독료는 D카드로 결제하세요.
C0432,CARD_E,NH농협카드 올바른 FLEX 카드,2025-12,149700,2,0,300000.0,150300,0,0,0,3510.0,3510.0,구독료,쿠팡와우,41600.0,E카드 스타벅스 50% 할인까지 15만 300원 남았어요. 이번 주 구독료는 E카드로 결제하세요.
C0433,CARD_A,신한카드 Mr.Life,2025-12,0,0,0,300000.0,300000,0,0,0,0.0,0.0,외식,김밥천국,132000.0,A카드 공과금·편의점 10% 할인까지 30만 원 남았어요. 이번 주 외식은 A카드로 결제하세요.
C0433,CARD_B,KB국민카드 굿데이카드,2025-12,85200,1,0,300000.0,214800,0,0,0,0.0,0.0,외식,김밥천국,132000.0,"B카드 통신비 10% 할인까지 21만 4,800원 남았어요. 이번 주 외식은 B카드로 결제하세요."
C0433,CARD_C,하나카드 MOVING카드 ALLDAY모드,2025-12,0,0,1,,0,1,0,0,,,,,,
C0433,CARD_D,삼성카드 삼성 iD SELECT ALL 카드,2025-12,386470,2,0,400000.0,13530,0,0,0,3190.0,3190.0,외식,김밥천국,132000.0,"D카드 SELECT 7% 할인까지 1만 3,500원 남았어요. 이번 주 외식은 D카드로 결제하세요."
C0433,CARD_E,NH농협카드 올바른 FLEX 카드,2025-12,1980900,12,1,,0,1,8400,8400,,,,,,
C0434,CARD_A,신한카드 Mr.Life,2025-12,700920,8,2,1000000.0,299080,3,21510,21510,21510.0,0.0,장보기,홈플러스,388000.0,"A카드 할인한도 월 5만 원까지 29만 9,100원 남았어요. 이번 주말 장보기는 A카드로 결제하세요."
C0434,CARD_B,KB국민카드 굿데이카드,2025-12,0,0,0,300000.0,300000,0,0,0,0.0,0.0,주유,GS칼텍스,109200.0,B카드 통신비 10% 할인까지 30만 원 남았어요. 이번 주말 주유는 B카드로 결제하세요.
C0434,CARD_C,하나카드 MOVING카드 ALLDAY모드,2025-12,0,0,1,,0,1,0,0,,,,,,
C0434,CARD_D,삼성카드 삼성 iD SELECT ALL 카드,2025-12,210000,1,0,400000.0,190000,0,0,0,8470.0,8470.0,장보기,홈플러스,388000.0,D카드 SELECT 7% 할인까지 19만 원 남았어요. 이번 주말 장보기는 D카드로 결제하세요.
C0434,CARD_E,NH농협카드 올바른 FLEX 카드,2025-12,0,0,0,300000.0,300000,0,0,0,0.0,0.0,교통비,카센터,56400.0,E카드 스타벅스 50% 할인까지 30만 원 남았어요. 이번 주 교통비는 E카드로 결제하세요.
C0435,CARD_A,신한카드 Mr.Life,2025-12,0,0,0,300000.0,300000,0,0,0,0.0,0.0,편의점,GS25,23500.0,A카드 공과금·편의점 10% 할인까지 30만 원 남았어요. 이번 주 편의점은 A카드로 결제하세요.
C0435,CARD_B,KB국민카드 굿데이카드,2025-12,386770,17,1,600000.0,213230,2,4640,2130,4640.0,2500.0,편의점,GS25,23500.0,"B카드 외식·커피 10% 할인까지 21만 3,200원 남았어요. 이번 주 편의점은 B카드로 결제하세요."
C0435,CARD_C,하나카드 MOVING카드 ALLDAY모드,2025-12,0,0,1,,0,1,0,0,,,,,,
C0435,CARD_D,삼성카드 삼성 iD SELECT ALL 카드,2025-12,0,0,0,400000.0,400000,0,0,0,0.0,0.0,편의점,GS25,23500.0,D카드 SELECT 7% 할인까지 40만 원 남았어요. 이번 주 편의점은 D카드로 결제하세요.
C0435,CARD_E,NH농협카드 올바른 FLEX 카드,2025-12,136220,3,0,300000.0,163780,0,0,0,1550.0,1550.0,편의점,GS25,23500.0,"E카드 스타벅스 50% 할인까지 16만 3,800원 남았어요. 이번 주 편의점은 E카드로 결제하세요."
C0436,CARD_A,신한카드 Mr.Life,2025-12,28300,1,0,300000.0,271700,0,0,0,0.0,0.0,장보기,마켓컬리,286800.0,"A카드 공과금·편의점 10% 할인까지 27만 1,700원 남았어요. 이번 주말 장보기는 A카드로 결제하세요."
C0436,CARD_B,KB국민카드 굿데이카드,2025-12,106400,2,0,300000.0,193600,0,0,0,2890.0,2890.0,주유,S-OIL,210900.0,"B카드 통신비 10% 할인까지 19만 3,600원 남았어요. 이번 주말 주유는 B카드로 결제하세요."
C0436,CARD_C,하나카드 MOVING카드 ALLDAY모드,2025-12,0,0,1,,0,1,0,0,,,,,,
C0436,CARD_D,삼성카드 삼성 iD SELECT ALL 카드,2025-12,1007900,12,2,1200000.0,192100,3,30730,20730,30730.0,10000.0,장보기,마켓컬리,286800.0,"D카드 SELECT 한도 월 1.5만 원까지 19만 2,100원 남았어요. 이번 주말 장보기는 D카드로 결제하세요."
C0436,CARD_E,NH농협카드 올바른 FLEX 카드,2025-12,0,0,0,300000.0,300000,0,0,0,0.0,0.0,편의점,GS25,13700.0,E카드 스타벅스 50% 할인까지 30만 원 남았어요. 이번 주 편의점은 E카드로 결제하세요.
C0437,CARD_A,신한카드 Mr.Life,2025-12,0,0,0,300000.0,300000,0,0,0,0.0,0.0,장보기,이마트,332100.0,A카드 공과금·편의점 10% 할인까지 30만 원 남았어요. 이번 주말 장보기는 A카드로 결제하세요.
C0437,CARD_B,KB국민카드 굿데이카드,2025-12,0,0,0,300000.0,300000,0,0,0,0.0,0.0,외식,한식뷔페,58500.0,B카드 통신비 10% 할인까지 30만 원 남았어요. 이번 주 외식은 B카드로 결제하세요.
C0437,CARD_C,하나카드 MOVING카드 ALLDAY모드,2025-12,0,0,1,,0,1,0,0,,,,,,
C0437,CARD_D,삼성카드 삼성 iD SELECT ALL 카드,2025-12,4067200,6,3,,0,2,32730,32730,,,,,,
C0437,CARD_E,NH농협카드 올바른 FLEX 카드,2025-12,332130,4,1,,0,0,0,0,,,,,,
C0438,CARD_A,신한카드 Mr.Life,2025-12,0,0,0,300000.0,300000,0,0,0,0.0,0.0,장보기,이마트,360200.0,A카드 공과금·편의점 10% 할인까지 30만 원 남았어요. 이번 주말 장보기는 A카드로 결제하세요.
C0438,CARD_B,KB국민카드 굿데이카드,2025-12,1572990,16,3,,0,2,3680,3680,,,,,,
C0438,CARD_C,하나카드 MOVING카드 ALLDAY모드,2025-12,0,0,1,,0,1,0,0,,,,,,
C0438,CARD_D,삼성카드 삼성 iD SELECT ALL 카드,2025-12,0,0,0,400000.0,400000,0,0,0,0.0,0.0,장보기,이마트,360200.0,D카드 SELECT 7% 할인까지 40만 원 남았어요. 이번 주말 장보기는 D카드로 결제하세요.
C0438,CARD_E,NH농협카드 올바른 FLEX 카드,2025-12,0,0,0,300000.0,300000,0,0,0,0.0,0.0,구독료,밀리의서재,14800.0,E카드 스타벅스 50% 할인까지 30만 원 남았어요. 이번 주 구독료는 E카드로 결제하세요.
C0439,CARD_A,신한카드 Mr.Life,2025-12,34200,1,0,300000.0,265800,0,0,0,3420.0,3420.0,외식,고깃집,142400.0,"A카드 공과금·편의점 10% 할인까지 26만 5,800원 남았어요. 이번 주 외식은 A카드로 결제하세요."
C0439,CARD_B,KB국민카드 굿데이카드,2025-12,792990,16,2,1200000.0,407010,2,11660,11660,11660.0,0.0,외식,고깃집,142400.0,"B카드 학원비 10% 할인까지 40만 7,000원 남았어요. 이번 주 외식은 B카드로 결제하세요."
C0439,CARD_C,하나카드 MOVING카드 ALLDAY모드,2025-12,0,0,1,,0,1,0,0,,,,,,
C0439,CARD_D,삼성카드 삼성 iD SELECT ALL 카드,2025-12,0,0,0,400000.0,400000,0,0,0,0.0,0.0,외식,고깃집,142400.0,D카드 SELECT 7% 할인까지 40만 원 남았어요. 이번 주 외식은 D카드로 결제하세요.
C0439,CARD_E,NH농협카드 올바른 FLEX 카드,2025-12,0,0,0,300000.0,300000,0,0,0,0.0,0.0,교통비,카카오T,17100.0,E카드 스타벅스 50% 할인까지 30만 원 남았어요. 이번 주 교통비는 E카드로 결제하세요.
C0440,CARD_A,신한카드 Mr.Life,2025-12,435950,16,1,500000.0,64050,3,9250,7250,9250.0,2000.0,장보기,동네마트,267200.0,"A카드 할인한도 월 3.4만 원까지 6만 4,000원 남았어요. 이번 주말 장보기는 A카드로 결제하세요."
C0440,CARD_B,KB국민카드 굿데이카드,2025-12,40600,1,0,300000.0,259400,0,0,0,0.0,0.0,외식,한식뷔페,54200.0,"B카드 통신비 10% 할인까지 25만 9,400원 남았어요. 이번 주 외식은 B카드로 결제하세요."
C0440,CARD_C,하나카드 MOVING카드 ALLDAY모드,2025-12,110700,3,1,,0,1,550,550,,,,,,
C0440,CARD_D,삼성카드 삼성 iD SELECT ALL 카드,2025-12,55600,1,0,400000.0,344400,0,0,0,5560.0,5560.0,장보기,동네마트,267200.0,"D카드 SELECT 7% 할인까지 34만 4,400원 남았어요. 이번 주말 장보기는 D카드로 결제하세요."
C0440,CARD_E,NH농협카드 올바른 FLEX 카드,2025-12,79600,1,0,300000.0,220400,0,0,0,0.0,0.0,온라인쇼핑,쿠팡,50800.0,E카드 스타벅스 50% 할인까지 22만 400원 남았어요. 이번 주 온라인쇼핑은 E카드로 결제하세요.
C0441,CARD_A,신한카드 Mr.Life,2025-12,16600,1,0,300000.0,283400,0,0,0,0.0,0.0,장보기,이마트,439000.0,"A카드 공과금·편의점 10% 할인까지 28만 3,400원 남았어요. 이번 주말 장보기는 A카드로 결제하세요."
C0441,CARD_B,KB국민카드 굿데이카드,2025-12,0,0,0,300000.0,300000,0,0,0,0.0,0.0,외식,동네식당,20100.0,B카드 통신비 10% 할인까지 30만 원 남았어요. 이번 주 외식은 B카드로 결제하세요.
C0441,CARD_C,하나카드 MOVING카드 ALLDAY모드,2025-12,0,0,1,,0,1,0,0,,,,,,
C0441,CARD_D,삼성카드 삼성 iD SELECT ALL 카드,2025-12,0,0,0,400000.0,400000,0,0,0,0.0,0.0,장보기,이마트,439000.0,D카드 SELECT 7% 할인까지 40만 원 남았어요. 이번 주말 장보기는 D카드로 결제하세요.
C0441,CARD_E,NH농협카드 올바른 FLEX 카드,2025-12,901910,15,1,,0,1,2290,2290,,,,,,
C0442,CARD_A,신한카드 Mr.Life,2025-12,1847540,7,3,,0,3,9910,9910,,,,,,
C0442,CARD_B,KB국민카드 굿데이카드,2025-12,21700,1,0,300000.0,278300,0,0,0,0.0,0.0,외식,서브웨이,27500.0,"B카드 통신비 10% 할인까지 27만 8,300원 남았어요. 이번 주 외식은 B카드로 결제하세요."
C0442,CARD_C,하나카드 MOVING카드 ALLDAY모드,2025-12,50100,1,1,,0,1,250,250,,,,,,
C0442,CARD_D,삼성카드 삼성 iD SELECT ALL 카드,2025-12,0,0,0,400000.0,400000,0,0,0,0.0,0.0,장보기,동네마트,360100.0,D카드 SELECT 7% 할인까지 40만 원 남았어요. 이번 주말 장보기는 D카드로 결제하세요.
C0442,CARD_E,NH농협카드 올바른 FLEX 카드,2025-12,0,0,0,300000.0,300000,0,0,0,0.0,0.0,온라인쇼핑,11번가,181800.0,E카드 스타벅스 50% 할인까지 30만 원 남았어요. 이번 주 온라인쇼핑은 E카드로 결제하세요.
C0443,CARD_A,신한카드 Mr.Life,2025-12,1041580,14,3,,0,2,12760,12760,,,,,,
C0443,CARD_B,KB국민카드 굿데이카드,2025-12,43800,1,0,300000.0,256200,0,0,0,0.0,0.0,주유,GS칼텍스,165300.0,"B카드 통신비 10% 할인까지 25만 6,200원 남았어요. 이번 주말 주유는 B카드로 결제하세요."
C0443,CARD_C,하나카드 MOVING카드 ALLDAY모드,2025-12,8900,1,1,,0,1,40,40,,,,,,
C0443,CARD_D,삼성카드 삼성 iD SELECT ALL 카드,2025-12,0,0,0,400000.0,400000,0,0,0,0.0,0.0,구독료,웨이브,40100.0,D카드 SELECT 7% 할인까지 40만 원 남았어요. 이번 주 구독료는 D카드로 결제하세요.
C0443,CARD_E,NH농협카드 올바른 FLEX 카드,2025-12,10600,1,0,300000.0,289400,0,0,0,0.0,0.0,구독료,웨이브,40100.0,"E카드 스타벅스 50% 할인까지 28만 9,400원 남았어요. 이번 주 구독료는 E카드로 결제하세요."
C0444,CARD_A,신한카드 Mr.Life,2025-12,119220,2,0,300000.0,180780,0,0,0,0.0,0.0,커피,스타벅스,20100.0,A카드 공과금·편의점 10% 할인까지 18만 800원 남았어요. 이번 주 커피는 A카드로 결제하세요.
C0444,CARD_B,KB국민카드 굿데이카드,2025-12,0,0,0,300000.0,300000,0,0,0,0.0,0.0,커피,스타벅스,20100.0,B카드 통신비 10% 할인까지 30만 원 남았어요. 이번 주 커피는 B카드로 결제하세요.
C0444,CARD_C,하나카드 MOVING카드 ALLDAY모드,2025-12,0,0,1,,0,1,0,0,,,,,,
C0444,CARD_D,삼성카드 삼성 iD SELECT ALL 카드,2025-12,36700,1,0,400000.0,363300,0,0,0,260.0,260.0,온라인쇼핑,11번가,137000.0,"D카드 SELECT 7% 할인까지 36만 3,300원 남았어요. 이번 주 온라인쇼핑은 D카드로 결제하세요."
C0444,CARD_E,NH농협카드 올바른 FLEX 카드,2025-12,696000,20,1,,0,1,10910,10910,,,,,,
C0445,CARD_A,신한카드 Mr.Life,2025-12,0,0,0,300000.0,300000,0,0,0,0.0,0.0,외식,동네식당,148500.0,A카드 공과금·편의점 10% 할인까지 30만 원 남았어요. 이번 주 외식은 A카드로 결제하세요.
C0445,CARD_B,KB국민카드 굿데이카드,2025-12,616760,8,2,1200000.0,583240,0,0,660,660.0,0.0,외식,동네식당,148500.0,"B카드 학원비 10% 할인까지 58만 3,200원 남았어요. 이번 주 외식은 B카드로 결제하세요."
C0445,CARD_C,하나카드 MOVING카드 ALLDAY모드,2025-12,26200,1,1,,0,1,130,130,,,,,,
C0445,CARD_D,삼성카드 삼성 iD SELECT ALL 카드,2025-12,0,0,0,400000.0,400000,0,0,0,0.0,0.0,외식,동네식당,148500.0,D카드 SELECT 7% 할인까지 40만 원 남았어요. 이번 주 외식은 D카드로 결제하세요.
C0445,CARD_E,NH농협카드 올바른 FLEX 카드,2025-12,187500,1,0,300000.0,112500,0,0,0,0.0,0.0,편의점,CU,8600.0,"E카드 스타벅스 50% 할인까지 11만 2,500원 남았어요. 이번 주 편의점은 E카드로 결제하세요."
C0446,CARD_A,신한카드 Mr.Life,2025-12,0,0,0,300000.0,300000,0,0,0,0.0,0.0,외식,이자카야,132400.0,A카드 공과금·편의점 10% 할인까지 30만 원 남았어요. 이번 주 외식은 A카드로 결제하세요.
C0446,CARD_B,KB국민카드 굿데이카드,2025-12,51100,1,0,300000.0,248900,0,0,0,3000.0,3000.0,외식,이자카야,132400.0,"B카드 통신비 10% 할인까지 24만 8,900원 남았어요. 이번 주 외식은 B카드로 결제하세요."
C0446,CARD_C,하나카드 MOVING카드 ALLDAY모드,2025-12,405780,11,1,,0,1,4060,4060,,,,,,
C0446,CARD_D,삼성카드 삼성 iD SELECT ALL 카드,2025-12,0,0,0,400000.0,400000,0,0,0,0.0,0.0,외식,이자카야,132400.0,D카드 SELECT 7% 할인까지 40만 원 남았어요. 이번 주 외식은 D카드로 결제하세요.
C0446,CARD_E,NH농협카드 올바른 FLEX 카드,2025-12,55000,2,0,300000.0,245000,0,0,0,2750.0,2750.0,편의점,GS25,10600.0,"E카드 스타벅스 50% 할인까지 24만 5,000원 남았어요. 이번 주 편의점은 E카드로 결제하세요."
C0447,CARD_A,신한카드 Mr.Life,2025-12,124500,1,0,300000.0,175500,0,0,0,0.0,0.0,주유,현대오일뱅크,234500.0,"A카드 공과금·편의점 10% 할인까지 17만 5,500원 남았어요. 이번 주말 주유는 A카드로 결제하세요."
C0447,CARD_B,KB국민카드 굿데이카드,2025-12,504890,12,1,600000.0,95110,2,12970,7970,12970.0,5000.0,주유,현대오일뱅크,234500.0,"B카드 외식·커피 10% 할인까지 9만 5,100원 남았어요. 이번 주말 주유는 B카드로 결제하세요."
C0447,CARD_C,하나카드 MOVING카드 ALLDAY모드,2025-12,17600,1,1,,0,1,90,90,,,,,,
C0447,CARD_D,삼성카드 삼성 iD SELECT ALL 카드,2025-12,0,0,0,400000.0,400000,0,0,0,0.0,0.0,주유,현대오일뱅크,234500.0,D카드 SELECT 7% 할인까지 40만 원 남았어요. 이번 주말 주유는 D카드로 결제하세요.
C0447,CARD_E,NH농협카드 올바른 FLEX 카드,2025-12,17500,1,0,300000.0,282500,0,0,0,880.0,880.0,교통비,카카오T,24700.0,"E카드 스타벅스 50% 할인까지 28만 2,500원 남았어요. 이번 주 교통비는 E카드로 결제하세요."
C0448,CARD_A,신한카드 Mr.Life,2025-12,0,0,0,300000.0,300000,0,0,0,0.0,0.0,외식,동네식당,229900.0,A카드 공과금·편의점 10% 할인까지 30만 원 남았어요. 이번 주 외식은 A카드로 결제하세요.
C0448,CARD_B,KB국민카드 굿데이카드,2025-12,1464100,15,3,,0,3,10750,10750,,,,,,
C0448,CARD_C,하나카드 MOVING카드 ALLDAY모드,2025-12,42200,3,1,,0,1,210,210,,,,,,
C0448,CARD_D,삼성카드 삼성 iD SELECT ALL 카드,2025-12,0,0,0,400000.0,400000,0,0,0,0.0,0.0,외식,동네식당,229900.0,D카드 SELECT 7% 할인까지 40만 원 남았어요. 이번 주 외식은 D카드로 결제하세요.
C0448,CARD_E,NH농협카드 올바른 FLEX 카드,2025-12,125830,2,0,300000.0,174170,0,0,0,0.0,0.0,커피,이디야커피,27200.0,"E카드 스타벅스 50% 할인까지 17만 4,200원 남았어요. 이번 주 커피는 E카드로 결제하세요."
C0449,CARD_A,신한카드 Mr.Life,2025-12,0,0,0,300000.0,300000,0,0,0,0.0,0.0,편의점,세븐일레븐,8300.0,A카드 공과금·편의점 10% 할인까지 30만 원 남았어요. 이번 주 편의점은 A카드로 결제하세요.
C0449,CARD_B,KB국민카드 굿데이카드,2025-12,0,0,0,300000.0,300000,0,0,0,0.0,0.0,편의점,세븐일레븐,8300.0,B카드 통신비 10% 할인까지 30만 원 남았어요. 이번 주 편의점은 B카드로 결제하세요.
C0449,CARD_C,하나카드 MOVING카드 ALLDAY모드,2025-12,0,0,1,,0,1,0,0,,,,,,
C0449,CARD_D,삼성카드 삼성 iD SELECT ALL 카드,2025-12,2690,1,0,400000.0,397310,0,0,0,210.0,210.0,편의점,세븐일레븐,8300.0,"D카드 SELECT 7% 할인까지 39만 7,300원 남았어요. 이번 주 편의점은 D카드로 결제하세요."
C0449,CARD_E,NH농협카드 올바른 FLEX 카드,2025-12,121400,4,0,300000.0,178600,0,0,0,3280.0,3280.0,편의점,세븐일레븐,8300.0,"E카드 스타벅스 50% 할인까지 17만 8,600원 남았어요. 이번 주 편의점은 E카드로 결제하세요."
C0450,CARD_A,신한카드 Mr.Life,2025-12,50310,5,0,300000.0,249690,0,0,0,350.0,350.0,외식,고깃집,28300.0,"A카드 공과금·편의점 10% 할인까지 24만 9,700원 남았어요. 이번 주 외식은 A카드로 결제하세요."
C0450,CARD_B,KB국민카드 굿데이카드,2025-12,0,0,0,300000.0,300000,0,0,0,0.0,0.0,외식,고깃집,28300.0,B카드 통신비 10% 할인까지 30만 원 남았어요. 이번 주 외식은 B카드로 결제하세요.
C0450,CARD_C,하나카드 MOVING카드 ALLDAY모드,2025-12,34830,2,1,,0,1,230,230,,,,,,
C0450,CARD_D,삼성카드 삼성 iD SELECT ALL 카드,2025-12,3210,1,0,400000.0,396790,0,0,0,20.0,20.0,외식,고깃집,28300.0,"D카드 SELECT 7% 할인까지 39만 6,800원 남았어요. 이번 주 외식은 D카드로 결제하세요."
C0450,CARD_E,NH농협카드 올바른 FLEX 카드,2025-12,21000,1,0,300000.0,279000,0,0,0,0.0,0.0,편의점,GS25,5400.0,"E카드 스타벅스 50% 할인까지 27만 9,000원 남았어요. 이번 주 편의점은 E카드로 결제하세요."
C0451,CARD_A,신한카드 Mr.Life,2025-12,76500,1,0,300000.0,223500,0,0,0,0.0,0.0,장보기,이마트,189200.0,"A카드 공과금·편의점 10% 할인까지 22만 3,500원 남았어요. 이번 주말 장보기는 A카드로 결제하세요."
C0451,CARD_B,KB국민카드 굿데이카드,2025-12,0,0,0,300000.0,300000,0,0,0,0.0,0.0,커피,스타벅스,12700.0,B카드 통신비 10% 할인까지 30만 원 남았어요. 이번 주 커피는 B카드로 결제하세요.
C0451,CARD_C,하나카드 MOVING카드 ALLDAY모드,2025-12,471730,15,1,,0,1,4720,4720,,,,,,
C0451,CARD_D,삼성카드 삼성 iD SELECT ALL 카드,2025-12,12670,2,0,400000.0,387330,0,0,0,530.0,530.0,장보기,이마트,189200.0,"D카드 SELECT 7% 할인까지 38만 7,300원 남았어요. 이번 주말 장보기는 D카드로 결제하세요."
C0451,CARD_E,NH농협카드 올바른 FLEX 카드,2025-12,60920,2,0,300000.0,239080,0,0,0,160.0,160.0,커피,스타벅스,12700.0,"E카드 스타벅스 50% 할인까지 23만 9,100원 남았어요. 이번 주 커피는 E카드로 결제하세요."
C0452,CARD_A,신한카드 Mr.Life,2025-12,0,0,0,300000.0,300000,0,0,0,0.0,0.0,커피,투썸플레이스,10100.0,A카드 공과금·편의점 10% 할인까지 30만 원 남았어요. 이번 주 커피는 A카드로 결제하세요.
C0452,CARD_B,KB국민카드 굿데이카드,2025-12,447340,11,1,600000.0,152660,1,3000,3000,3900.0,900.0,커피,투썸플레이스,10100.0,"B카드 외식·커피 10% 할인까지 15만 2,700원 남았어요. 이번 주 커피는 B카드로 결제하세요."
C0452,CARD_C,하나카드 MOVING카드 ALLDAY모드,2025-12,0,0,1,,0,1,0,0,,,,,,
C0452,CARD_D,삼성카드 삼성 iD SELECT ALL 카드,2025-12,0,0,0,400000.0,400000,0,0,0,0.0,0.0,구독료,웨이브,22200.0,D카드 SELECT 7% 할인까지 40만 원 남았어요. 이번 주 구독료는 D카드로 결제하세요.
C0452,CARD_E,NH농협카드 올바른 FLEX 카드,2025-12,0,0,0,300000.0,300000,0,0,0,0.0,0.0,커피,투썸플레이스,10100.0,E카드 스타벅스 50% 할인까지 30만 원 남았어요. 이번 주 커피는 E카드로 결제하세요.
C0453,CARD_A,신한카드 Mr.Life,2025-12,4290,1,0,300000.0,295710,0,0,0,0.0,0.0,외식,동네식당,96900.0,"A카드 공과금·편의점 10% 할인까지 29만 5,700원 남았어요. 이번 주 외식은 A카드로 결제하세요."
C0453,CARD_B,KB국민카드 굿데이카드,2025-12,0,0,0,300000.0,300000,0,0,0,0.0,0.0,외식,동네식당,96900.0,B카드 통신비 10% 할인까지 30만 원 남았어요. 이번 주 외식은 B카드로 결제하세요.
C0453,CARD_C,하나카드 MOVING카드 ALLDAY모드,2025-12,1150900,11,1,,0,1,11510,11510,,,,,,
C0453,CARD_D,삼성카드 삼성 iD SELECT ALL 카드,2025-12,128800,1,0,400000.0,271200,0,0,0,7900.0,7900.0,외식,동네식당,96900.0,"D카드 SELECT 7% 할인까지 27만 1,200원 남았어요. 이번 주 외식은 D카드로 결제하세요."
C0453,CARD_E,NH농협카드 올바른 FLEX 카드,2025-12,0,0,0,300000.0,300000,0,0,0,0.0,0.0,구독료,넷플릭스,25900.0,E카드 스타벅스 50% 할인까지 30만 원 남았어요. 이번 주 구독료는 E카드로 결제하세요.
C0454,CARD_A,신한카드 Mr.Life,2025-12,4850,1,0,300000.0,295150,0,0,0,0.0,0.0,장보기,이마트,570200.0,"A카드 공과금·편의점 10% 할인까지 29만 5,200원 남았어요. 이번 주말 장보기는 A카드로 결제하세요."
C0454,CARD_B,KB국민카드 굿데이카드,2025-12,68300,2,0,300000.0,231700,0,0,0,0.0,0.0,교통비,티머니,74800.0,"B카드 통신비 10% 할인까지 23만 1,700원 남았어요. 이번 주 교통비는 B카드로 결제하세요."
C0454,CARD_C,하나카드 MOVING카드 ALLDAY모드,2025-12,132300,1,1,,0,1,660,660,,,,,,
C0454,CARD_D,삼성카드 삼성 iD SELECT ALL 카드,2025-12,79000,2,0,400000.0,321000,0,0,0,5000.0,5000.0,장보기,이마트,570200.0,"D카드 SELECT 7% 할인까지 32만 1,000원 남았어요. 이번 주말 장보기는 D카드로 결제하세요."
C0454,CARD_E,NH농협카드 올바른 FLEX 카드,2025-12,738370,18,1,,0,1,15690,15690,,,,,,
C0455,CARD_A,신한카드 Mr.Life,2025-12,0,0,0,300000.0,300000,0,0,0,0.0,0.0,외식,이자카야,79900.0,A카드 공과금·편의점 10% 할인까지 30만 원 남았어요. 이번 주 외식은 A카드로 결제하세요.
C0455,CARD_B,KB국민카드 굿데이카드,2025-12,0,0,0,300000.0,300000,0,0,0,0.0,0.0,외식,이자카야,79900.0,B카드 통신비 10% 할인까지 30만 원 남았어요. 이번 주 외식은 B카드로 결제하세요.
C0455,CARD_C,하나카드 MOVING카드 ALLDAY모드,2025-12,0,0,1,,0,1,0,0,,,,,,
C0455,CARD_D,삼성카드 삼성 iD SELECT ALL 카드,2025-12,0,0,0,400000.0,400000,0,0,0,0.0,0.0,외식,이자카야,79900.0,D카드 SELECT 7% 할인까지 40만 원 남았어요. 이번 주 외식은 D카드로 결제하세요.
C0455,CARD_E,NH농협카드 올바른 FLEX 카드,2025-12,59080,3,0,300000.0,240920,1,4240,0,4240.0,4240.0,배달 주문,배달의민족,18300.0,E카드 스타벅스 50% 할인까지 24만 900원 남았어요. 이번 주 배달 주문은 E카드로 결제하세요.
C0456,CARD_A,신한카드 Mr.Life,2025-12,134150,3,0,300000.0,165850,0,0,0,3000.0,3000.0,주유,SK에너지,196200.0,"A카드 공과금·편의점 10% 할인까지 16만 5,800원 남았어요. 이번 주말 주유는 A카드로 결제하세요."
C0456,CARD_B,KB국민카드 굿데이카드,2025-12,0,0,0,300000.0,300000,0,0,0,0.0,0.0,주유,SK에너지,196200.0,B카드 통신비 10% 할인까지 30만 원 남았어요. 이번 주말 주유는 B카드로 결제하세요.
C0456,CARD_C,하나카드 MOVING카드 ALLDAY모드,2025-12,336210,7,1,,0,1,3360,3360,,,,,,
C0456,CARD_D,삼성카드 삼성 iD SELECT ALL 카드,2025-12,0,0,0,400000.0,400000,0,0,0,0.0,0.0,주유,SK에너지,196200.0,D카드 SELECT 7% 할인까지 40만 원 남았어요. 이번 주말 주유는 D카드로 결제하세요.
C0456,CARD_E,NH농협카드 올바른 FLEX 카드,2025-12,0,0,0,300000.0,300000,0,0,0,0.0,0.0,교통비,티머니,27700.0,E카드 스타벅스 50% 할인까지 30만 원 남았어요. 이번 주 교통비는 E카드로 결제하세요.
C0457,CARD_A,신한카드 Mr.Life,2025-12,334330,14,1,500000.0,165670,2,7460,3460,7460.0,4000.0,장보기,하나로마트,230500.0,"A카드 할인한도 월 3.4만 원까지 16만 5,700원 남았어요. 이번 주말 장보기는 A카드로 결제하세요."
C0457,CARD_B,KB국민카드 굿데이카드,2025-12,322100,1,1,600000.0,277900,0,0,0,0.0,0.0,외식,동네식당,64800.0,"B카드 외식·커피 10% 할인까지 27만 7,900원 남았어요. 이번 주 외식은 B카드로 결제하세요."
C0457,CARD_C,하나카드 MOVING카드 ALLDAY모드,2025-12,1700,1,1,,0,1,10,10,,,,,,
C0457,CARD_D,삼성카드 삼성 iD SELECT ALL 카드,2025-12,165000,1,0,400000.0,235000,0,0,0,8160.0,8160.0,배달 주문,배달의민족,118600.0,"D카드 SELECT 7% 할인까지 23만 5,000원 남았어요. 이번 주 배달 주문은 D카드로 결제하세요."
C0457,CARD_E,NH농협카드 올바른 FLEX 카드,2025-12,0,0,0,300000.0,300000,0,0,0,0.0,0.0,배달 주문,배달의민족,118600.0,E카드 스타벅스 50% 할인까지 30만 원 남았어요. 이번 주 배달 주문은 E카드로 결제하세요.
C0458,CARD_A,신한카드 Mr.Life,2025-12,864590,12,2,1000000.0,135410,3,11780,11780,11780.0,0.0,주유,알뜰주유소,213900.0,"A카드 할인한도 월 5만 원까지 13만 5,400원 남았어요. 이번 주말 주유는 A카드로 결제하세요."
C0458,CARD_B,KB국민카드 굿데이카드,2025-12,0,0,0,300000.0,300000,0,0,0,0.0,0.0,주유,알뜰주유소,213900.0,B카드 통신비 10% 할인까지 30만 원 남았어요. 이번 주말 주유는 B카드로 결제하세요.
C0458,CARD_C,하나카드 MOVING카드 ALLDAY모드,2025-12,0,0,1,,0,1,0,0,,,,,,
C0458,CARD_D,삼성카드 삼성 iD SELECT ALL 카드,2025-12,137800,1,0,400000.0,262200,0,0,0,960.0,960.0,주유,알뜰주유소,213900.0,"D카드 SELECT 7% 할인까지 26만 2,200원 남았어요. 이번 주말 주유는 D카드로 결제하세요."
C0458,CARD_E,NH농협카드 올바른 FLEX 카드,2025-12,55830,2,0,300000.0,244170,0,0,0,0.0,0.0,편의점,세븐일레븐,10600.0,"E카드 스타벅스 50% 할인까지 24만 4,200원 남았어요. 이번 주 편의점은 E카드로 결제하세요."
C0459,CARD_A,신한카드 Mr.Life,2025-12,237310,12,0,300000.0,62690,1,1830,0,1830.0,1830.0,외식,한식뷔페,68500.0,"A카드 공과금·편의점 10% 할인까지 6만 2,700원 남았어요. 이번 주 외식은 A카드로 결제하세요."
C0459,CARD_B,KB국민카드 굿데이카드,2025-12,21300,1,0,300000.0,278700,0,0,0,0.0,0.0,외식,한식뷔페,68500.0,"B카드 통신비 10% 할인까지 27만 8,700원 남았어요. 이번 주 외식은 B카드로 결제하세요."
C0459,CARD_C,하나카드 MOVING카드 ALLDAY모드,2025-12,508500,1,1,,0,1,2540,2540,,,,,,
C0459,CARD_D,삼성카드 삼성 iD SELECT ALL 카드,2025-12,0,0,0,400000.0,400000,0,0,0,0.0,0.0,배달 주문,배달의민족,118000.0,D카드 SELECT 7% 할인까지 40만 원 남았어요. 이번 주 배달 주문은 D카드로 결제하세요.
C0459,CARD_E,NH농협카드 올바른 FLEX 카드,2025-12,0,0,0,300000.0,300000,0,0,0,0.0,0.0,배달 주문,배달의민족,118000.0,E카드 스타벅스 50% 할인까지 30만 원 남았어요. 이번 주 배달 주문은 E카드로 결제하세요.
C0460,CARD_A,신한카드 Mr.Life,2025-12,56000,1,0,300000.0,244000,0,0,0,3000.0,3000.0,온라인쇼핑,쿠팡,277300.0,"A카드 공과금·편의점 10% 할인까지 24만 4,000원 남았어요. 이번 주 온라인쇼핑은 A카드로 결제하세요."
C0460,CARD_B,KB국민카드 굿데이카드,2025-12,6459700,20,3,,0,3,5000,5000,,,,,,
C0460,CARD_C,하나카드 MOVING카드 ALLDAY모드,2025-12,0,0,1,,0,1,0,0,,,,,,
C0460,CARD_D,삼성카드 삼성 iD SELECT ALL 카드,2025-12,0,0,0,400000.0,400000,0,0,0,0.0,0.0,구독료,네이버플러스 멤버십,25500.0,D카드 SELECT 7% 할인까지 40만 원 남았어요. 이번 주 구독료는 D카드로 결제하세요.
C0460,CARD_E,NH농협카드 올바른 FLEX 카드,2025-12,0,0,0,300000.0,300000,0,0,0,0.0,0.0,구독료,네이버플러스 멤버십,25500.0,E카드 스타벅스 50% 할인까지 30만 원 남았어요. 이번 주 구독료는 E카드로 결제하세요.
C0461,CARD_A,신한카드 Mr.Life,2025-12,0,0,0,300000.0,300000,0,0,0,0.0,0.0,온라인쇼핑,G마켓,116700.0,A카드 공과금·편의점 10% 할인까지 30만 원 남았어요. 이번 주 온라인쇼핑은 A카드로 결제하세요.
C0461,CARD_B,KB국민카드 굿데이카드,2025-12,10900,1,0,300000.0,289100,0,0,0,0.0,0.0,편의점,CU,9300.0,"B카드 통신비 10% 할인까지 28만 9,100원 남았어요. 이번 주 편의점은 B카드로 결제하세요."
C0461,CARD_C,하나카드 MOVING카드 ALLDAY모드,2025-12,0,0,1,,0,1,0,0,,,,,,
C0461,CARD_D,삼성카드 삼성 iD SELECT ALL 카드,2025-12,43300,1,0,400000.0,356700,0,0,0,3330.0,3330.0,구독료,유튜브 프리미엄,44900.0,"D카드 SELECT 7% 할인까지 35만 6,700원 남았어요. 이번 주 구독료는 D카드로 결제하세요."
C0461,CARD_E,NH농협카드 올바른 FLEX 카드,2025-12,697800,15,1,,0,1,6880,6880,,,,,,
C0462,CARD_A,신한카드 Mr.Life,2025-12,0,0,0,300000.0,300000,0,0,0,0.0,0.0,주유,SK에너지,197400.0,A카드 공과금·편의점 10% 할인까지 30만 원 남았어요. 이번 주말 주유는 A카드로 결제하세요.
C0462,CARD_B,KB국민카드 굿데이카드,2025-12,438700,9,1,600000.0,161300,2,4400,4400,4400.0,0.0,교통비,주차장,24100.0,"B카드 외식·커피 10% 할인까지 16만 1,300원 남았어요. 이번 주 교통비는 B카드로 결제하세요."
C0462,CARD_C,하나카드 MOVING카드 ALLDAY모드,2025-12,5190,1,1,,0,1,30,30,,,,,,
C0462,CARD_D,삼성카드 삼성 iD SELECT ALL 카드,2025-12,14900,1,0,400000.0,385100,0,0,0,5100.0,5100.0,주유,SK에너지,197400.0,"D카드 SELECT 7% 할인까지 38만 5,100원 남았어요. 이번 주말 주유는 D카드로 결제하세요."
C0462,CARD_E,NH농협카드 올바른 FLEX 카드,2025-12,0,0,0,300000.0,300000,0,0,0,0.0,0.0,교통비,주차장,24100.0,E카드 스타벅스 50% 할인까지 30만 원 남았어요. 이번 주 교통비는 E카드로 결제하세요.
C0463,CARD_A,신한카드 Mr.Life,2025-12,59000,1,0,300000.0,241000,0,0,0,3000.0,3000.0,장보기,쿠팡프레시,467300.0,"A카드 공과금·편의점 10% 할인까지 24만 1,000원 남았어요. 이번 주말 장보기는 A카드로 결제하세요."
C0463,CARD_B,KB국민카드 굿데이카드,2025-12,9820,1,0,300000.0,290180,0,0,0,980.0,980.0,편의점,GS25,14900.0,B카드 통신비 10% 할인까지 29만 200원 남았어요. 이번 주 편의점은 B카드로 결제하세요.
C0463,CARD_C,하나카드 MOVING카드 ALLDAY모드,2025-12,845030,16,1,,0,1,8450,8450,,,,,,
C0463,CARD_D,삼성카드 삼성 iD SELECT ALL 카드,2025-12,119100,1,0,400000.0,280900,0,0,0,7830.0,7830.0,장보기,쿠팡프레시,467300.0,D카드 SELECT 7% 할인까지 28만 900원 남았어요. 이번 주말 장보기는 D카드로 결제하세요.
C0463,CARD_E,NH농협카드 올바른 FLEX 카드,2025-12,0,0,0,300000.0,300000,0,0,0,0.0,0.0,편의점,GS25,14900.0,E카드 스타벅스 50% 할인까지 30만 원 남았어요. 이번 주 편의점은 E카드로 결제하세요.
C0464,CARD_A,신한카드 Mr.Life,2025-12,280000,10,0,300000.0,20000,2,10520,0,8520.0,8520.0,외식,김밥천국,31200.0,A카드 공과금·편의점 10% 할인까지 2만 원 남았어요. 이번 주 외식은 A카드로 결제하세요.
C0464,CARD_B,KB국민카드 굿데이카드,2025-12,23660,2,0,300000.0,276340,0,0,0,0.0,0.0,교통비,하이패스,41000.0,"B카드 통신비 10% 할인까지 27만 6,300원 남았어요. 이번 주 교통비는 B카드로 결제하세요."
C0464,CARD_C,하나카드 MOVING카드 ALLDAY모드,2025-12,0,0,1,,0,1,0,0,,,,,,
C0464,CARD_D,삼성카드 삼성 iD SELECT ALL 카드,2025-12,0,0,0,400000.0,400000,0,0,0,0.0,0.0,외식,김밥천국,31200.0,D카드 SELECT 7% 할인까지 40만 원 남았어요. 이번 주 외식은 D카드로 결제하세요.
C0464,CARD_E,NH농협카드 올바른 FLEX 카드,2025-12,0,0,0,300000.0,300000,0,0,0,0.0,0.0,교통비,하이패스,41000.0,E카드 스타벅스 50% 할인까지 30만 원 남았어요. 이번 주 교통비는 E카드로 결제하세요.
C0465,CARD_A,신한카드 Mr.Life,2025-12,0,0,0,300000.0,300000,0,0,0,0.0,0.0,온라인쇼핑,네이버쇼핑,657600.0,A카드 공과금·편의점 10% 할인까지 30만 원 남았어요. 이번 주 온라인쇼핑은 A카드로 결제하세요.
C0465,CARD_B,KB국민카드 굿데이카드,2025-12,683020,13,2,1200000.0,516980,3,4490,4490,4490.0,0.0,외식,동네식당,63300.0,"B카드 학원비 10% 할인까지 51만 7,000원 남았어요. 이번 주 외식은 B카드로 결제하세요."
C0465,CARD_C,하나카드 MOVING카드 ALLDAY모드,2025-12,41400,1,1,,0,1,210,210,,,,,,
C0465,CARD_D,삼성카드 삼성 iD SELECT ALL 카드,2025-12,27300,1,0,400000.0,372700,0,0,0,2100.0,2100.0,온라인쇼핑,네이버쇼핑,657600.0,"D카드 SELECT 7% 할인까지 37만 2,700원 남았어요. 이번 주 온라인쇼핑은 D카드로 결제하세요."
C0465,CARD_E,NH농협카드 올바른 FLEX 카드,2025-12,89800,1,0,300000.0,210200,0,0,0,4490.0,4490.0,온라인쇼핑,네이버쇼핑,657600.0,E카드 스타벅스 50% 할인까지 21만 200원 남았어요. 이번 주 온라인쇼핑은 E카드로 결제하세요.
C0466,CARD_A,신한카드 Mr.Life,2025-12,0,0,0,300000.0,300000,0,0,0,0.0,0.0,외식,한식뷔페,70000.0,A카드 공과금·편의점 10% 할인까지 30만 원 남았어요. 이번 주 외식은 A카드로 결제하세요.
C0466,CARD_B,KB국민카드 굿데이카드,2025-12,0,0,0,300000.0,300000,0,0,0,0.0,0.0,외식,한식뷔페,70000.0,B카드 통신비 10% 할인까지 30만 원 남았어요. 이번 주 외식은 B카드로 결제하세요.
C0466,CARD_C,하나카드 MOVING카드 ALLDAY모드,2025-12,309540,7,1,,0,1,2540,2540,,,,,,
C0466,CARD_D,삼성카드 삼성 iD SELECT ALL 카드,2025-12,0,0,0,400000.0,400000,0,0,0,0.0,0.0,외식,한식뷔페,70000.0,D카드 SELECT 7% 할인까지 40만 원 남았어요. 이번 주 외식은 D카드로 결제하세요.
C0466,CARD_E,NH농협카드 올바른 FLEX 카드,2025-12,0,0,0,300000.0,300000,0,0,0,0.0,0.0,편의점,CU,10700.0,E카드 스타벅스 50% 할인까지 30만 원 남았어요. 이번 주 편의점은 E카드로 결제하세요.
C0467,CARD_A,신한카드 Mr.Life,2025-12,0,0,0,300000.0,300000,0,0,0,0.0,0.0,장보기,동네마트,258100.0,A카드 공과금·편의점 10% 할인까지 30만 원 남았어요. 이번 주말 장보기는 A카드로 결제하세요.
C0467,CARD_B,KB국민카드 굿데이카드,2025-12,10900,1,0,300000.0,289100,0,0,0,0.0,0.0,주유,알뜰주유소,102400.0,"B카드 통신비 10% 할인까지 28만 9,100원 남았어요. 이번 주말 주유는 B카드로 결제하세요."
C0467,CARD_C,하나카드 MOVING카드 ALLDAY모드,2025-12,349880,6,1,,0,1,1910,1910,,,,,,
C0467,CARD_D,삼성카드 삼성 iD SELECT ALL 카드,2025-12,0,0,0,400000.0,400000,0,0,0,0.0,0.0,장보기,동네마트,258100.0,D카드 SELECT 7% 할인까지 40만 원 남았어요. 이번 주말 장보기는 D카드로 결제하세요.
C0467,CARD_E,NH농협카드 올바른 FLEX 카드,2025-12,0,0,0,300000.0,300000,0,0,0,0.0,0.0,구독료,웨이브,10900.0,E카드 스타벅스 50% 할인까지 30만 원 남았어요. 이번 주 구독료는 E카드로 결제하세요.
C0468,CARD_A,신한카드 Mr.Life,2025-12,0,0,0,300000.0,300000,0,0,0,0.0,0.0,커피,이디야커피,20000.0,A카드 공과금·편의점 10% 할인까지 30만 원 남았어요. 이번 주 커피는 A카드로 결제하세요.
C0468,CARD_B,KB국민카드 굿데이카드,2025-12,679310,13,2,1200000.0,520690,2,8140,8140,8140.0,0.0,커피,이디야커피,20000.0,B카드 학원비 10% 할인까지 52만 700원 남았어요. 이번 주 커피는 B카드로 결제하세요.
C0468,CARD_C,하나카드 MOVING카드 ALLDAY모드,2025-12,0,0,1,,0,1,0,0,,,,,,
C0468,CARD_D,삼성카드 삼성 iD SELECT ALL 카드,2025-12,0,0,0,400000.0,400000,0,0,0,0.0,0.0,장보기,쿠팡프레시,403400.0,D카드 SELECT 7% 할인까지 40만 원 남았어요. 이번 주말 장보기는 D카드로 결제하세요.
C0468,CARD_E,NH농협카드 올바른 FLEX 카드,2025-12,4740,1,0,300000.0,295260,0,0,0,0.0,0.0,커피,이디야커피,20000.0,"E카드 스타벅스 50% 할인까지 29만 5,300원 남았어요. 이번 주 커피는 E카드로 결제하세요."
C0469,CARD_A,신한카드 Mr.Life,2025-12,2520,1,0,300000.0,297480,0,0,0,250.0,250.0,장보기,하나로마트,519900.0,"A카드 공과금·편의점 10% 할인까지 29만 7,500원 남았어요. 이번 주말 장보기는 A카드로 결제하세요."
C0469,CARD_B,KB국민카드 굿데이카드,2025-12,0,0,0,300000.0,300000,0,0,0,0.0,0.0,주유,SK에너지,122600.0,B카드 통신비 10% 할인까지 30만 원 남았어요. 이번 주말 주유는 B카드로 결제하세요.
C0469,CARD_C,하나카드 MOVING카드 ALLDAY모드,2025-12,142400,1,1,,0,1,710,710,,,,,,
C0469,CARD_D,삼성카드 삼성 iD SELECT ALL 카드,2025-12,315710,8,0,400000.0,84290,3,17210,0,9210.0,9210.0,장보기,하나로마트,519900.0,"D카드 SELECT 7% 할인까지 8만 4,300원 남았어요. 이번 주말 장보기는 D카드로 결제하세요."
C0469,CARD_E,NH농협카드 올바른 FLEX 카드,2025-12,61200,1,0,300000.0,238800,0,0,0,0.0,0.0,편의점,GS25,4500.0,"E카드 스타벅스 50% 할인까지 23만 8,800원 남았어요. 이번 주 편의점은 E카드로 결제하세요."
C0470,CARD_A,신한카드 Mr.Life,2025-12,0,0,0,300000.0,300000,1,0,0,0.0,0.0,장보기,동네마트,257400.0,A카드 공과금·편의점 10% 할인까지 30만 원 남았어요. 이번 주말 장보기는 A카드로 결제하세요.
C0470,CARD_B,KB국민카드 굿데이카드,2025-12,0,0,0,300000.0,300000,0,0,0,0.0,0.0,교통비,티머니,31100.0,B카드 통신비 10% 할인까지 30만 원 남았어요. 이번 주 교통비는 B카드로 결제하세요.
C0470,CARD_C,하나카드 MOVING카드 ALLDAY모드,2025-12,0,0,1,,0,1,0,0,,,,,,
C0470,CARD_D,삼성카드 삼성 iD SELECT ALL 카드,2025-12,40900,1,0,400000.0,359100,0,0,0,290.0,290.0,장보기,동네마트,257400.0,"D카드 SELECT 7% 할인까지 35만 9,100원 남았어요. 이번 주말 장보기는 D카드로 결제하세요."
C0470,CARD_E,NH농협카드 올바른 FLEX 카드,2025-12,688620,12,1,,0,1,4250,4250,,,,,,
C0471,CARD_A,신한카드 Mr.Life,2025-12,393980,8,1,500000.0,106020,3,5100,5100,5100.0,0.0,커피,스타벅스,41500.0,"A카드 할인한도 월 3.4만 원까지 10만 6,000원 남았어요. 이번 주 커피는 A카드로 결제하세요."
C0471,CARD_B,KB국민카드 굿데이카드,2025-12,81100,1,0,300000.0,218900,0,0,0,0.0,0.0,커피,스타벅스,41500.0,"B카드 통신비 10% 할인까지 21만 8,900원 남았어요. 이번 주 커피는 B카드로 결제하세요."
C0471,CARD_C,하나카드 MOVING카드 ALLDAY모드,2025-12,23000,1,1,,0,1,120,120,,,,,,
C0471,CARD_D,삼성카드 삼성 iD SELECT ALL 카드,2025-12,96780,3,0,400000.0,303220,0,0,0,6910.0,6910.0,외식,동네식당,121900.0,"D카드 SELECT 7% 할인까지 30만 3,200원 남았어요. 이번 주 외식은 D카드로 결제하세요."
C0471,CARD_E,NH농협카드 올바른 FLEX 카드,2025-12,76800,2,0,300000.0,223200,0,0,0,0.0,0.0,커피,스타벅스,41500.0,"E카드 스타벅스 50% 할인까지 22만 3,200원 남았어요. 이번 주 커피는 E카드로 결제하세요."
C0472,CARD_A,신한카드 Mr.Life,2025-12,0,0,0,300000.0,300000,0,0,0,0.0,0.0,온라인쇼핑,네이버쇼핑,1008500.0,A카드 공과금·편의점 10% 할인까지 30만 원 남았어요. 이번 주 온라인쇼핑은 A카드로 결제하세요.
C0472,CARD_B,KB국민카드 굿데이카드,2025-12,79900,1,0,300000.0,220100,0,0,0,0.0,0.0,외식,서브웨이,24900.0,B카드 통신비 10% 할인까지 22만 100원 남았어요. 이번 주 외식은 B카드로 결제하세요.
C0472,CARD_C,하나카드 MOVING카드 ALLDAY모드,2025-12,52100,1,1,,0,1,260,260,,,,,,
C0472,CARD_D,삼성카드 삼성 iD SELECT ALL 카드,2025-12,0,0,0,400000.0,400000,1,0,0,0.0,0.0,온라인쇼핑,네이버쇼핑,1008500.0,D카드 SELECT 7% 할인까지 40만 원 남았어요. 이번 주 온라인쇼핑은 D카드로 결제하세요.
C0472,CARD_E,NH농협카드 올바른 FLEX 카드,2025-12,585480,16,1,,0,1,13450,13450,,,,,,
C0473,CARD_A,신한카드 Mr.Life,2025-12,524480,8,2,1000000.0,475520,3,4960,4960,4960.0,0.0,장보기,홈플러스,174400.0,"A카드 할인한도 월 5만 원까지 47만 5,500원 남았어요. 이번 주말 장보기는 A카드로 결제하세요."
C0473,CARD_B,KB국민카드 굿데이카드,2025-12,3240,1,0,300000.0,296760,0,0,0,0.0,0.0,교통비,티머니,14900.0,"B카드 통신비 10% 할인까지 29만 6,800원 남았어요. 이번 주 교통비는 B카드로 결제하세요."
C0473,CARD_C,하나카드 MOVING카드 ALLDAY모드,2025-12,14300,1,1,,0,1,70,70,,,,,,
C0473,CARD_D,삼성카드 삼성 iD SELECT ALL 카드,2025-12,0,0,0,400000.0,400000,0,0,0,0.0,0.0,구독료,마이크로소프트 365,20800.0,D카드 SELECT 7% 할인까지 40만 원 남았어요. 이번 주 구독료는 D카드로 결제하세요.
C0473,CARD_E,NH농협카드 올바른 FLEX 카드,2025-12,361800,2,1,,0,0,0,0,,,,,,
C0474,CARD_A,신한카드 Mr.Life,2025-12,2024150,16,3,,0,3,12680,12680,,,,,,
C0474,CARD_B,KB국민카드 굿데이카드,2025-12,195700,2,0,300000.0,104300,0,0,0,0.0,0.0,커피,투썸플레이스,25400.0,"B카드 통신비 10% 할인까지 10만 4,300원 남았어요. 이번 주 커피는 B카드로 결제하세요."
C0474,CARD_C,하나카드 MOVING카드 ALLDAY모드,2025-12,44300,1,1,,0,1,220,220,,,,,,
C0474,CARD_D,삼성카드 삼성 iD SELECT ALL 카드,2025-12,24700,2,0,400000.0,375300,1,1210,0,1210.0,1210.0,장보기,동네마트,391900.0,"D카드 SELECT 7% 할인까지 37만 5,300원 남았어요. 이번 주말 장보기는 D카드로 결제하세요."
C0474,CARD_E,NH농협카드 올바른 FLEX 카드,2025-12,85700,1,0,300000.0,214300,0,0,0,0.0,0.0,온라인쇼핑,쿠팡,232700.0,"E카드 스타벅스 50% 할인까지 21만 4,300원 남았어요. 이번 주 온라인쇼핑은 E카드로 결제하세요."
C0475,CARD_A,신한카드 Mr.Life,2025-12,877020,8,2,1000000.0,122980,0,0,6880,6880.0,0.0,온라인쇼핑,쿠팡,36800.0,"A카드 할인한도 월 5만 원까지 12만 3,000원 남았어요. 이번 주 온라인쇼핑은 A카드로 결제하세요."
C0475,CARD_B,KB국민카드 굿데이카드,2025-12,0,0,0,300000.0,300000,0,0,0,0.0,0.0,교통비,카카오T,10400.0,B카드 통신비 10% 할인까지 30만 원 남았어요. 이번 주 교통비는 B카드로 결제하세요.
C0475,CARD_C,하나카드 MOVING카드 ALLDAY모드,2025-12,0,0,1,,0,1,0,0,,,,,,
C0475,CARD_D,삼성카드 삼성 iD SELECT ALL 카드,2025-12,0,0,0,400000.0,400000,0,0,0,0.0,0.0,구독료,iCloud+,7500.0,D카드 SELECT 7% 할인까지 40만 원 남았어요. 이번 주 구독료는 D카드로 결제하세요.
C0475,CARD_E,NH농협카드 올바른 FLEX 카드,2025-12,0,0,0,300000.0,300000,0,0,0,0.0,0.0,교통비,카카오T,10400.0,E카드 스타벅스 50% 할인까지 30만 원 남았어요. 이번 주 교통비는 E카드로 결제하세요.
C0476,CARD_A,신한카드 Mr.Life,2025-12,0,0,0,300000.0,300000,0,0,0,0.0,0.0,편의점,CU,32800.0,A카드 공과금·편의점 10% 할인까지 30만 원 남았어요. 이번 주 편의점은 A카드로 결제하세요.
C0476,CARD_B,KB국민카드 굿데이카드,2025-12,0,0,0,300000.0,300000,0,0,0,0.0,0.0,편의점,CU,32800.0,B카드 통신비 10% 할인까지 30만 원 남았어요. 이번 주 편의점은 B카드로 결제하세요.
C0476,CARD_C,하나카드 MOVING카드 ALLDAY모드,2025-12,270440,13,1,,0,1,1350,1350,,,,,,
C0476,CARD_D,삼성카드 삼성 iD SELECT ALL 카드,2025-12,0,0,0,400000.0,400000,0,0,0,0.0,0.0,배달 주문,쿠팡이츠,218200.0,D카드 SELECT 7% 할인까지 40만 원 남았어요. 이번 주 배달 주문은 D카드로 결제하세요.
C0476,CARD_E,NH농협카드 올바른 FLEX 카드,2025-12,25800,1,0,300000.0,274200,0,0,0,0.0,0.0,배달 주문,쿠팡이츠,218200.0,"E카드 스타벅스 50% 할인까지 27만 4,200원 남았어요. 이번 주 배달 주문은 E카드로 결제하세요."
C0477,CARD_A,신한카드 Mr.Life,2025-12,0,0,0,300000.0,300000,0,0,0,0.0,0.0,편의점,CU,15800.0,A카드 공과금·편의점 10% 할인까지 30만 원 남았어요. 이번 주 편의점은 A카드로 결제하세요.
C0477,CARD_B,KB국민카드 굿데이카드,2025-12,17700,1,0,300000.0,282300,0,0,0,0.0,0.0,편의점,CU,15800.0,"B카드 통신비 10% 할인까지 28만 2,300원 남았어요. 이번 주 편의점은 B카드로 결제하세요."
C0477,CARD_C,하나카드 MOVING카드 ALLDAY모드,2025-12,1186840,20,1,,0,1,11870,11870,,,,,,
C0477,CARD_D,삼성카드 삼성 iD SELECT ALL 카드,2025-12,45110,3,0,400000.0,354890,0,0,0,740.0,740.0,편의점,CU,15800.0,"D카드 SELECT 7% 할인까지 35만 4,900원 남았어요. 이번 주 편의점은 D카드로 결제하세요."
C0477,CARD_E,NH농협카드 올바른 FLEX 카드,2025-12,216360,3,0,300000.0,83640,0,0,0,120.0,120.0,편의점,CU,15800.0,"E카드 스타벅스 50% 할인까지 8만 3,600원 남았어요. 이번 주 편의점은 E카드로 결제하세요."
C0478,CARD_A,신한카드 Mr.Life,2025-12,0,0,0,300000.0,300000,0,0,0,0.0,0.0,주유,S-OIL,246100.0,A카드 공과금·편의점 10% 할인까지 30만 원 남았어요. 이번 주말 주유는 A카드로 결제하세요.
C0478,CARD_B,KB국민카드 굿데이카드,2025-12,0,0,0,300000.0,300000,0,0,0,0.0,0.0,교통비,티머니,32600.0,B카드 통신비 10% 할인까지 30만 원 남았어요. 이번 주 교통비는 B카드로 결제하세요.
C0478,CARD_C,하나카드 MOVING카드 ALLDAY모드,2025-12,478490,11,1,,0,1,5030,5030,,,,,,
C0478,CARD_D,삼성카드 삼성 iD SELECT ALL 카드,2025-12,0,0,0,400000.0,400000,0,0,0,0.0,0.0,주유,S-OIL,246100.0,D카드 SELECT 7% 할인까지 40만 원 남았어요. 이번 주말 주유는 D카드로 결제하세요.
C0478,CARD_E,NH농협카드 올바른 FLEX 카드,2025-12,69000,1,0,300000.0,231000,0,0,0,0.0,0.0,교통비,티머니,32600.0,"E카드 스타벅스 50% 할인까지 23만 1,000원 남았어요. 이번 주 교통비는 E카드로 결제하세요."
C0479,CARD_A,신한카드 Mr.Life,2025-12,375570,18,1,500000.0,124430,2,1100,1100,1100.0,0.0,편의점,CU,21100.0,"A카드 할인한도 월 3.4만 원까지 12만 4,400원 남았어요. 이번 주 편의점은 A카드로 결제하세요."
C0479,CARD_B,KB국민카드 굿데이카드,2025-12,93770,2,0,300000.0,206230,0,0,0,0.0,0.0,편의점,CU,21100.0,"B카드 통신비 10% 할인까지 20만 6,200원 남았어요. 이번 주 편의점은 B카드로 결제하세요."
C0479,CARD_C,하나카드 MOVING카드 ALLDAY모드,2025-12,0,0,1,,0,1,0,0,,,,,,
C0479,CARD_D,삼성카드 삼성 iD SELECT ALL 카드,2025-12,0,0,0,400000.0,400000,0,0,0,0.0,0.0,배달 주문,배달의민족,132200.0,D카드 SELECT 7% 할인까지 40만 원 남았어요. 이번 주 배달 주문은 D카드로 결제하세요.
C0479,CARD_E,NH농협카드 올바른 FLEX 카드,2025-12,2300,1,0,300000.0,297700,0,0,0,120.0,120.0,배달 주문,배달의민족,132200.0,"E카드 스타벅스 50% 할인까지 29만 7,700원 남았어요. 이번 주 배달 주문은 E카드로 결제하세요."
C0480,CARD_A,신한카드 Mr.Life,2025-12,32400,1,0,300000.0,267600,0,0,0,3240.0,3240.0,장보기,동네마트,639300.0,"A카드 공과금·편의점 10% 할인까지 26만 7,600원 남았어요. 이번 주말 장보기는 A카드로 결제하세요."
C0480,CARD_B,KB국민카드 굿데이카드,2025-12,0,0,0,300000.0,300000,0,0,0,0.0,0.0,외식,동네식당,52000.0,B카드 통신비 10% 할인까지 30만 원 남았어요. 이번 주 외식은 B카드로 결제하세요.
C0480,CARD_C,하나카드 MOVING카드 ALLDAY모드,2025-12,0,0,1,,0,1,0,0,,,,,,
C0480,CARD_D,삼성카드 삼성 iD SELECT ALL 카드,2025-12,1486580,11,3,,0,3,25410,25410,,,,,,
C0480,CARD_E,NH농협카드 올바른 FLEX 카드,2025-12,0,0,0,300000.0,300000,0,0,0,0.0,0.0,온라인쇼핑,쿠팡,23800.0,E카드 스타벅스 50% 할인까지 30만 원 남았어요. 이번 주 온라인쇼핑은 E카드로 결제하세요.
C0481,CARD_A,신한카드 Mr.Life,2025-12,122200,2,0,300000.0,177800,0,0,0,8950.0,8950.0,온라인쇼핑,네이버쇼핑,2560300.0,"A카드 공과금·편의점 10% 할인까지 17만 7,800원 남았어요. 이번 주 온라인쇼핑은 A카드로 결제하세요."
C0481,CARD_B,KB국민카드 굿데이카드,2025-12,2623280,31,3,,0,3,7400,7400,,,,,,
C0481,CARD_C,하나카드 MOVING카드 ALLDAY모드,2025-12,11330,2,1,,0,1,110,110,,,,,,
C0481,CARD_D,삼성카드 삼성 iD SELECT ALL 카드,2025-12,0,0,0,400000.0,400000,0,0,0,0.0,0.0,온라인쇼핑,네이버쇼핑,2560300.0,D카드 SELECT 7% 할인까지 40만 원 남았어요. 이번 주 온라인쇼핑은 D카드로 결제하세요.
C0481,CARD_E,NH농협카드 올바른 FLEX 카드,2025-12,233800,2,0,300000.0,66200,0,0,0,5000.0,5000.0,온라인쇼핑,네이버쇼핑,2560300.0,"E카드 스타벅스 50% 할인까지 6만 6,200원 남았어요. 이번 주 온라인쇼핑은 E카드로 결제하세요."
C0482,CARD_A,신한카드 Mr.Life,2025-12,137240,8,0,300000.0,162760,1,0,0,0.0,0.0,외식,김밥천국,85100.0,"A카드 공과금·편의점 10% 할인까지 16만 2,800원 남았어요. 이번 주 외식은 A카드로 결제하세요."
C0482,CARD_B,KB국민카드 굿데이카드,2025-12,0,0,0,300000.0,300000,0,0,0,0.0,0.0,외식,김밥천국,85100.0,B카드 통신비 10% 할인까지 30만 원 남았어요. 이번 주 외식은 B카드로 결제하세요.
C0482,CARD_C,하나카드 MOVING카드 ALLDAY모드,2025-12,0,0,1,,0,1,0,0,,,,,,
C0482,CARD_D,삼성카드 삼성 iD SELECT ALL 카드,2025-12,0,0,0,400000.0,400000,0,0,0,0.0,0.0,외식,김밥천국,85100.0,D카드 SELECT 7% 할인까지 40만 원 남았어요. 이번 주 외식은 D카드로 결제하세요.
C0482,CARD_E,NH농협카드 올바른 FLEX 카드,2025-12,0,0,0,300000.0,300000,0,0,0,0.0,0.0,온라인쇼핑,알리익스프레스,42000.0,E카드 스타벅스 50% 할인까지 30만 원 남았어요. 이번 주 온라인쇼핑은 E카드로 결제하세요.
C0483,CARD_A,신한카드 Mr.Life,2025-12,2980,1,0,300000.0,297020,0,0,0,0.0,0.0,장보기,쿠팡프레시,275800.0,"A카드 공과금·편의점 10% 할인까지 29만 7,000원 남았어요. 이번 주말 장보기는 A카드로 결제하세요."
C0483,CARD_B,KB국민카드 굿데이카드,2025-12,14900,1,0,300000.0,285100,0,0,0,0.0,0.0,편의점,GS25,14400.0,"B카드 통신비 10% 할인까지 28만 5,100원 남았어요. 이번 주 편의점은 B카드로 결제하세요."
C0483,CARD_C,하나카드 MOVING카드 ALLDAY모드,2025-12,434950,12,1,,0,1,4560,4560,,,,,,
C0483,CARD_D,삼성카드 삼성 iD SELECT ALL 카드,2025-12,0,0,0,400000.0,400000,0,0,0,0.0,0.0,장보기,쿠팡프레시,275800.0,D카드 SELECT 7% 할인까지 40만 원 남았어요. 이번 주말 장보기는 D카드로 결제하세요.
C0483,CARD_E,NH농협카드 올바른 FLEX 카드,2025-12,21520,2,0,300000.0,278480,0,0,0,0.0,0.0,구독료,유튜브 프리미엄,25500.0,"E카드 스타벅스 50% 할인까지 27만 8,500원 남았어요. 이번 주 구독료는 E카드로 결제하세요."
C0484,CARD_A,신한카드 Mr.Life,2025-12,4110,1,0,300000.0,295890,0,0,0,0.0,0.0,장보기,동네마트,284600.0,"A카드 공과금·편의점 10% 할인까지 29만 5,900원 남았어요. 이번 주말 장보기는 A카드로 결제하세요."
C0484,CARD_B,KB국민카드 굿데이카드,2025-12,0,0,0,300000.0,300000,0,0,0,0.0,0.0,외식,아웃백스테이크하우스,23500.0,B카드 통신비 10% 할인까지 30만 원 남았어요. 이번 주 외식은 B카드로 결제하세요.
C0484,CARD_C,하나카드 MOVING카드 ALLDAY모드,2025-12,176290,7,1,,0,1,880,880,,,,,,
C0484,CARD_D,삼성카드 삼성 iD SELECT ALL 카드,2025-12,0,0,0,400000.0,400000,0,0,0,0.0,0.0,장보기,동네마트,284600.0,D카드 SELECT 7% 할인까지 40만 원 남았어요. 이번 주말 장보기는 D카드로 결제하세요.
C0484,CARD_E,NH농협카드 올바른 FLEX 카드,2025-12,0,0,0,300000.0,300000,0,0,0,0.0,0.0,구독료,웨이브,10900.0,E카드 스타벅스 50% 할인까지 30만 원 남았어요. 이번 주 구독료는 E카드로 결제하세요.
C0485,CARD_A,신한카드 Mr.Life,2025-12,13300,1,0,300000.0,286700,0,0,0,0.0,0.0,외식,동네식당,147900.0,"A카드 공과금·편의점 10% 할인까지 28만 6,700원 남았어요. 이번 주 외식은 A카드로 결제하세요."
C0485,CARD_B,KB국민카드 굿데이카드,2025-12,0,0,0,300000.0,300000,0,0,0,0.0,0.0,외식,동네식당,147900.0,B카드 통신비 10% 할인까지 30만 원 남았어요. 이번 주 외식은 B카드로 결제하세요.
C0485,CARD_C,하나카드 MOVING카드 ALLDAY모드,2025-12,3200,1,1,,0,1,20,20,,,,,,
C0485,CARD_D,삼성카드 삼성 iD SELECT ALL 카드,2025-12,2046710,25,3,,0,0,0,34330,,,,,,
C0485,CARD_E,NH농협카드 올바른 FLEX 카드,2025-12,5980,1,0,300000.0,294020,0,0,0,0.0,0.0,교통비,주차장,25200.0,"E카드 스타벅스 50% 할인까지 29만 4,000원 남았어요. 이번 주 교통비는 E카드로 결제하세요."
C0486,CARD_A,신한카드 Mr.Life,2025-12,0,0,0,300000.0,300000,0,0,0,0.0,0.0,외식,동네식당,67700.0,A카드 공과금·편의점 10% 할인까지 30만 원 남았어요. 이번 주 외식은 A카드로 결제하세요.
C0486,CARD_B,KB국민카드 굿데이카드,2025-12,0,0,0,300000.0,300000,0,0,0,0.0,0.0,외식,동네식당,67700.0,B카드 통신비 10% 할인까지 30만 원 남았어요. 이번 주 외식은 B카드로 결제하세요.
C0486,CARD_C,하나카드 MOVING카드 ALLDAY모드,2025-12,868000,9,1,,0,1,9260,9260,,,,,,
C0486,CARD_D,삼성카드 삼성 iD SELECT ALL 카드,2025-12,64400,1,0,400000.0,335600,0,0,0,4960.0,4960.0,외식,동네식당,67700.0,"D카드 SELECT 7% 할인까지 33만 5,600원 남았어요. 이번 주 외식은 D카드로 결제하세요."
C0486,CARD_E,NH농협카드 올바른 FLEX 카드,2025-12,0,0,0,300000.0,300000,0,0,0,0.0,0.0,교통비,티머니,16000.0,E카드 스타벅스 50% 할인까지 30만 원 남았어요. 이번 주 교통비는 E카드로 결제하세요.
C0487,CARD_A,신한카드 Mr.Life,2025-12,461460,16,1,500000.0,38540,2,7460,3460,7460.0,4000.0,커피,메가MGC커피,9700.0,"A카드 할인한도 월 3.4만 원까지 3만 8,500원 남았어요. 이번 주 커피는 A카드로 결제하세요."
C0487,CARD_B,KB국민카드 굿데이카드,2025-12,87260,3,0,300000.0,212740,0,0,0,0.0,0.0,커피,메가MGC커피,9700.0,"B카드 통신비 10% 할인까지 21만 2,700원 남았어요. 이번 주 커피는 B카드로 결제하세요."
C0487,CARD_C,하나카드 MOVING카드 ALLDAY모드,2025-12,6450,1,1,,0,1,190,190,,,,,,
C0487,CARD_D,삼성카드 삼성 iD SELECT ALL 카드,2025-12,144900,2,0,400000.0,255100,0,0,0,7790.0,7790.0,생활용품 구매,다이소,67300.0,"D카드 SELECT 7% 할인까지 25만 5,100원 남았어요. 이번 주말 생활용품 구매는 D카드로 결제하세요."
C0487,CARD_E,NH농협카드 올바른 FLEX 카드,2025-12,0,0,0,300000.0,300000,0,0,0,0.0,0.0,커피,메가MGC커피,9700.0,E카드 스타벅스 50% 할인까지 30만 원 남았어요. 이번 주 커피는 E카드로 결제하세요.
C0488,CARD_A,신한카드 Mr.Life,2025-12,24400,2,0,300000.0,275600,1,0,0,0.0,0.0,온라인쇼핑,11번가,939700.0,"A카드 공과금·편의점 10% 할인까지 27만 5,600원 남았어요. 이번 주 온라인쇼핑은 A카드로 결제하세요."
C0488,CARD_B,KB국민카드 굿데이카드,2025-12,1344410,28,3,,0,3,2950,2950,,,,,,
C0488,CARD_C,하나카드 MOVING카드 ALLDAY모드,2025-12,81180,2,1,,0,1,410,410,,,,,,
C0488,CARD_D,삼성카드 삼성 iD SELECT ALL 카드,2025-12,322900,3,0,400000.0,77100,0,0,0,4150.0,4150.0,온라인쇼핑,11번가,939700.0,"D카드 SELECT 7% 할인까지 7만 7,100원 남았어요. 이번 주 온라인쇼핑은 D카드로 결제하세요."
C0488,CARD_E,NH농협카드 올바른 FLEX 카드,2025-12,0,0,0,300000.0,300000,0,0,0,0.0,0.0,온라인쇼핑,11번가,939700.0,E카드 스타벅스 50% 할인까지 30만 원 남았어요. 이번 주 온라인쇼핑은 E카드로 결제하세요.
C0489,CARD_A,신한카드 Mr.Life,2025-12,400860,7,1,500000.0,99140,3,15820,7350,12820.0,5470.0,장보기,홈플러스,430200.0,"A카드 할인한도 월 3.4만 원까지 9만 9,100원 남았어요. 이번 주말 장보기는 A카드로 결제하세요."
C0489,CARD_B,KB국민카드 굿데이카드,2025-12,0,0,0,300000.0,300000,0,0,0,0.0,0.0,외식,파인다이닝 레스토랑,110800.0,B카드 통신비 10% 할인까지 30만 원 남았어요. 이번 주 외식은 B카드로 결제하세요.
C0489,CARD_C,하나카드 MOVING카드 ALLDAY모드,2025-12,302300,1,1,,0,1,1510,1510,,,,,,
C0489,CARD_D,삼성카드 삼성 iD SELECT ALL 카드,2025-12,626900,4,1,800000.0,173100,0,0,11390,14390.0,3000.0,장보기,홈플러스,430200.0,"D카드 SELECT 한도 월 1만 원까지 17만 3,100원 남았어요. 이번 주말 장보기는 D카드로 결제하세요."
C0489,CARD_E,NH농협카드 올바른 FLEX 카드,2025-12,13900,1,0,300000.0,286100,0,0,0,0.0,0.0,구독료,티빙,16100.0,"E카드 스타벅스 50% 할인까지 28만 6,100원 남았어요. 이번 주 구독료는 E카드로 결제하세요."
C0490,CARD_A,신한카드 Mr.Life,2025-12,353880,3,1,500000.0,146120,0,0,690,690.0,0.0,장보기,롯데마트,482400.0,"A카드 할인한도 월 3.4만 원까지 14만 6,100원 남았어요. 이번 주말 장보기는 A카드로 결제하세요."
C0490,CARD_B,KB국민카드 굿데이카드,2025-12,1032380,20,2,1200000.0,167620,3,7090,7090,7090.0,0.0,교통비,티머니,20500.0,"B카드 학원비 10% 할인까지 16만 7,600원 남았어요. 이번 주 교통비는 B카드로 결제하세요."
C0490,CARD_C,하나카드 MOVING카드 ALLDAY모드,2025-12,39800,2,1,,0,1,200,200,,,,,,
C0490,CARD_D,삼성카드 삼성 iD SELECT ALL 카드,2025-12,0,0,0,400000.0,400000,0,0,0,0.0,0.0,장보기,롯데마트,482400.0,D카드 SELECT 7% 할인까지 40만 원 남았어요. 이번 주말 장보기는 D카드로 결제하세요.
C0490,CARD_E,NH농협카드 올바른 FLEX 카드,2025-12,0,0,0,300000.0,300000,0,0,0,0.0,0.0,온라인쇼핑,11번가,218800.0,E카드 스타벅스 50% 할인까지 30만 원 남았어요. 이번 주 온라인쇼핑은 E카드로 결제하세요.
C0491,CARD_A,신한카드 Mr.Life,2025-12,18800,1,0,300000.0,281200,0,0,0,0.0,0.0,편의점,CU,23400.0,"A카드 공과금·편의점 10% 할인까지 28만 1,200원 남았어요. 이번 주 편의점은 A카드로 결제하세요."
C0491,CARD_B,KB국민카드 굿데이카드,2025-12,589250,23,1,600000.0,10750,2,5410,1580,5410.0,3830.0,편의점,CU,23400.0,B카드 외식·커피 10% 할인까지 1만 800원 남았어요. 이번 주 편의점은 B카드로 결제하세요.
C0491,CARD_C,하나카드 MOVING카드 ALLDAY모드,2025-12,0,0,1,,0,1,0,0,,,,,,
C0491,CARD_D,삼성카드 삼성 iD SELECT ALL 카드,2025-12,2700,1,0,400000.0,397300,0,0,0,210.0,210.0,배달 주문,배달의민족,118800.0,"D카드 SELECT 7% 할인까지 39만 7,300원 남았어요. 이번 주 배달 주문은 D카드로 결제하세요."
C0491,CARD_E,NH농협카드 올바른 FLEX 카드,2025-12,25700,1,0,300000.0,274300,0,0,0,0.0,0.0,배달 주문,배달의민족,118800.0,"E카드 스타벅스 50% 할인까지 27만 4,300원 남았어요. 이번 주 배달 주문은 E카드로 결제하세요."
C0492,CARD_A,신한카드 Mr.Life,2025-12,413130,19,1,500000.0,86870,3,1910,1910,1910.0,0.0,편의점,이마트24,36900.0,"A카드 할인한도 월 3.4만 원까지 8만 6,900원 남았어요. 이번 주 편의점은 A카드로 결제하세요."
C0492,CARD_B,KB국민카드 굿데이카드,2025-12,49200,1,0,300000.0,250800,0,0,0,1740.0,1740.0,편의점,이마트24,36900.0,B카드 통신비 10% 할인까지 25만 800원 남았어요. 이번 주 편의점은 B카드로 결제하세요.
C0492,CARD_C,하나카드 MOVING카드 ALLDAY모드,2025-12,87550,2,1,,0,1,440,440,,,,,,
C0492,CARD_D,삼성카드 삼성 iD SELECT ALL 카드,2025-12,24200,1,0,400000.0,375800,0,0,0,1860.0,1860.0,편의점,이마트24,36900.0,"D카드 SELECT 7% 할인까지 37만 5,800원 남았어요. 이번 주 편의점은 D카드로 결제하세요."
C0492,CARD_E,NH농협카드 올바른 FLEX 카드,2025-12,78160,3,0,300000.0,221840,0,0,0,0.0,0.0,편의점,이마트24,36900.0,"E카드 스타벅스 50% 할인까지 22만 1,800원 남았어요. 이번 주 편의점은 E카드로 결제하세요."
C0493,CARD_A,신한카드 Mr.Life,2025-12,1903420,28,3,,0,3,20700,20700,,,,,,
C0493,CARD_B,KB국민카드 굿데이카드,2025-12,15800,1,0,300000.0,284200,0,0,0,0.0,0.0,외식,김밥천국,130900.0,"B카드 통신비 10% 할인까지 28만 4,200원 남았어요. 이번 주 외식은 B카드로 결제하세요."
C0493,CARD_C,하나카드 MOVING카드 ALLDAY모드,2025-12,0,0,1,,0,1,0,0,,,,,,
C0493,CARD_D,삼성카드 삼성 iD SELECT ALL 카드,2025-12,0,0,0,400000.0,400000,0,0,0,0.0,0.0,외식,김밥천국,130900.0,D카드 SELECT 7% 할인까지 40만 원 남았어요. 이번 주 외식은 D카드로 결제하세요.
C0493,CARD_E,NH농협카드 올바른 FLEX 카드,2025-12,0,0,0,300000.0,300000,0,0,0,0.0,0.0,온라인쇼핑,쿠팡,629200.0,E카드 스타벅스 50% 할인까지 30만 원 남았어요. 이번 주 온라인쇼핑은 E카드로 결제하세요.
C0494,CARD_A,신한카드 Mr.Life,2025-12,1155220,24,3,,0,3,27900,27900,,,,,,
C0494,CARD_B,KB국민카드 굿데이카드,2025-12,6810,1,0,300000.0,293190,0,0,0,0.0,0.0,외식,서브웨이,82500.0,"B카드 통신비 10% 할인까지 29만 3,200원 남았어요. 이번 주 외식은 B카드로 결제하세요."
C0494,CARD_C,하나카드 MOVING카드 ALLDAY모드,2025-12,9810,1,1,,0,1,50,50,,,,,,
C0494,CARD_D,삼성카드 삼성 iD SELECT ALL 카드,2025-12,0,0,0,400000.0,400000,0,0,0,0.0,0.0,외식,서브웨이,82500.0,D카드 SELECT 7% 할인까지 40만 원 남았어요. 이번 주 외식은 D카드로 결제하세요.
C0494,CARD_E,NH농협카드 올바른 FLEX 카드,2025-12,0,0,0,300000.0,300000,0,0,0,0.0,0.0,편의점,CU,26500.0,E카드 스타벅스 50% 할인까지 30만 원 남았어요. 이번 주 편의점은 E카드로 결제하세요.
C0495,CARD_A,신한카드 Mr.Life,2025-12,0,0,0,300000.0,300000,1,0,0,0.0,0.0,외식,한식뷔페,45400.0,A카드 공과금·편의점 10% 할인까지 30만 원 남았어요. 이번 주 외식은 A카드로 결제하세요.
C0495,CARD_B,KB국민카드 굿데이카드,2025-12,33570,2,0,300000.0,266430,0,0,0,0.0,0.0,외식,한식뷔페,45400.0,"B카드 통신비 10% 할인까지 26만 6,400원 남았어요. 이번 주 외식은 B카드로 결제하세요."
C0495,CARD_C,하나카드 MOVING카드 ALLDAY모드,2025-12,0,0,1,,0,1,0,0,,,,,,
C0495,CARD_D,삼성카드 삼성 iD SELECT ALL 카드,2025-12,376600,7,0,400000.0,23400,1,9640,0,9640.0,9640.0,외식,한식뷔페,45400.0,"D카드 SELECT 7% 할인까지 2만 3,400원 남았어요. 이번 주 외식은 D카드로 결제하세요."
C0495,CARD_E,NH농협카드 올바른 FLEX 카드,2025-12,49900,1,0,300000.0,250100,0,0,0,3490.0,3490.0,교통비,티머니,25200.0,E카드 스타벅스 50% 할인까지 25만 100원 남았어요. 이번 주 교통비는 E카드로 결제하세요.
C0496,CARD_A,신한카드 Mr.Life,2025-12,3030,1,0,300000.0,296970,2,300,0,300.0,300.0,장보기,이마트,1099100.0,"A카드 공과금·편의점 10% 할인까지 29만 7,000원 남았어요. 이번 주말 장보기는 A카드로 결제하세요."
C0496,CARD_B,KB국민카드 굿데이카드,2025-12,3498810,34,3,,0,3,14470,14470,,,,,,
C0496,CARD_C,하나카드 MOVING카드 ALLDAY모드,2025-12,0,0,1,,0,1,0,0,,,,,,
C0496,CARD_D,삼성카드 삼성 iD SELECT ALL 카드,2025-12,0,0,0,400000.0,400000,0,0,0,0.0,0.0,장보기,이마트,1099100.0,D카드 SELECT 7% 할인까지 40만 원 남았어요. 이번 주말 장보기는 D카드로 결제하세요.
C0496,CARD_E,NH농협카드 올바른 FLEX 카드,2025-12,0,0,0,300000.0,300000,0,0,0,0.0,0.0,온라인쇼핑,쿠팡,485500.0,E카드 스타벅스 50% 할인까지 30만 원 남았어요. 이번 주 온라인쇼핑은 E카드로 결제하세요.
C0497,CARD_A,신한카드 Mr.Life,2025-12,83940,6,0,300000.0,216060,0,0,0,3210.0,3210.0,편의점,CU,9300.0,"A카드 공과금·편의점 10% 할인까지 21만 6,100원 남았어요. 이번 주 편의점은 A카드로 결제하세요."
C0497,CARD_B,KB국민카드 굿데이카드,2025-12,3660,1,0,300000.0,296340,0,0,0,0.0,0.0,편의점,CU,9300.0,"B카드 통신비 10% 할인까지 29만 6,300원 남았어요. 이번 주 편의점은 B카드로 결제하세요."
C0497,CARD_C,하나카드 MOVING카드 ALLDAY모드,2025-12,0,0,1,,0,1,0,0,,,,,,
C0497,CARD_D,삼성카드 삼성 iD SELECT ALL 카드,2025-12,0,0,0,400000.0,400000,0,0,0,0.0,0.0,편의점,CU,9300.0,D카드 SELECT 7% 할인까지 40만 원 남았어요. 이번 주 편의점은 D카드로 결제하세요.
C0497,CARD_E,NH농협카드 올바른 FLEX 카드,2025-12,3010,1,0,300000.0,296990,0,0,0,150.0,150.0,편의점,CU,9300.0,"E카드 스타벅스 50% 할인까지 29만 7,000원 남았어요. 이번 주 편의점은 E카드로 결제하세요."
C0498,CARD_A,신한카드 Mr.Life,2025-12,0,0,0,300000.0,300000,0,0,0,0.0,0.0,주유,SK에너지,142800.0,A카드 공과금·편의점 10% 할인까지 30만 원 남았어요. 이번 주말 주유는 A카드로 결제하세요.
C0498,CARD_B,KB국민카드 굿데이카드,2025-12,159640,4,0,300000.0,140360,2,1430,0,980.0,980.0,주유,SK에너지,142800.0,B카드 통신비 10% 할인까지 14만 400원 남았어요. 이번 주말 주유는 B카드로 결제하세요.
C0498,CARD_C,하나카드 MOVING카드 ALLDAY모드,2025-12,0,0,1,,0,1,0,0,,,,,,
C0498,CARD_D,삼성카드 삼성 iD SELECT ALL 카드,2025-12,3410,1,0,400000.0,396590,0,0,0,260.0,260.0,주유,SK에너지,142800.0,"D카드 SELECT 7% 할인까지 39만 6,600원 남았어요. 이번 주말 주유는 D카드로 결제하세요."
C0498,CARD_E,NH농협카드 올바른 FLEX 카드,2025-12,0,0,0,300000.0,300000,0,0,0,0.0,0.0,편의점,CU,8200.0,E카드 스타벅스 50% 할인까지 30만 원 남았어요. 이번 주 편의점은 E카드로 결제하세요.
C0499,CARD_A,신한카드 Mr.Life,2025-12,0,0,0,300000.0,300000,0,0,0,0.0,0.0,주유,SK에너지,275600.0,A카드 공과금·편의점 10% 할인까지 30만 원 남았어요. 이번 주말 주유는 A카드로 결제하세요.
C0499,CARD_B,KB국민카드 굿데이카드,2025-12,63980,2,0,300000.0,236020,0,0,0,1920.0,1920.0,주유,SK에너지,275600.0,"B카드 통신비 10% 할인까지 23만 6,000원 남았어요. 이번 주말 주유는 B카드로 결제하세요."
C0499,CARD_C,하나카드 MOVING카드 ALLDAY모드,2025-12,259010,10,1,,0,1,1300,1300,,,,,,
C0499,CARD_D,삼성카드 삼성 iD SELECT ALL 카드,2025-12,0,0,0,400000.0,400000,0,0,0,0.0,0.0,주유,SK에너지,275600.0,D카드 SELECT 7% 할인까지 40만 원 남았어요. 이번 주말 주유는 D카드로 결제하세요.
C0499,CARD_E,NH농협카드 올바른 FLEX 카드,2025-12,15200,1,0,300000.0,284800,0,0,0,760.0,760.0,편의점,CU,15600.0,"E카드 스타벅스 50% 할인까지 28만 4,800원 남았어요. 이번 주 편의점은 E카드로 결제하세요."
C0500,CARD_A,신한카드 Mr.Life,2025-12,529650,18,2,1000000.0,470350,3,19070,17750,19070.0,1320.0,장보기,이마트,363600.0,A카드 할인한도 월 5만 원까지 47만 400원 남았어요. 이번 주말 장보기는 A카드로 결제하세요.
C0500,CARD_B,KB국민카드 굿데이카드,2025-12,0,0,0,300000.0,300000,0,0,0,0.0,0.0,교통비,카카오T,20600.0,B카드 통신비 10% 할인까지 30만 원 남았어요. 이번 주 교통비는 B카드로 결제하세요.
C0500,CARD_C,하나카드 MOVING카드 ALLDAY모드,2025-12,208200,2,1,,0,1,1040,1040,,,,,,
C0500,CARD_D,삼성카드 삼성 iD SELECT ALL 카드,2025-12,0,0,0,400000.0,400000,0,0,0,0.0,0.0,구독료,티빙,34200.0,D카드 SELECT 7% 할인까지 40만 원 남았어요. 이번 주 구독료는 D카드로 결제하세요.
C0500,CARD_E,NH농협카드 올바른 FLEX 카드,2025-12,0,0,0,300000.0,300000,0,0,0,0.0,0.0,구독료,티빙,34200.0,E카드 스타벅스 50% 할인까지 30만 원 남았어요. 이번 주 구독료는 E카드로 결제하세요.
C0501,CARD_A,신한카드 Mr.Life,2025-12,0,0,0,300000.0,300000,3,0,0,0.0,0.0,외식,파인다이닝 레스토랑,890200.0,A카드 공과금·편의점 10% 할인까지 30만 원 남았어요. 이번 주 외식은 A카드로 결제하세요.
C0501,CARD_B,KB국민카드 굿데이카드,2025-12,4284100,14,3,,0,3,5000,5000,,,,,,
C0501,CARD_C,하나카드 MOVING카드 ALLDAY모드,2025-12,0,0,1,,0,1,0,0,,,,,,
C0501,CARD_D,삼성카드 삼성 iD SELECT ALL 카드,2025-12,19500,1,0,400000.0,380500,0,0,0,140.0,140.0,외식,파인다이닝 레스토랑,890200.0,D카드 SELECT 7% 할인까지 38만 500원 남았어요. 이번 주 외식은 D카드로 결제하세요.
C0501,CARD_E,NH농협카드 올바른 FLEX 카드,2025-12,114700,1,0,300000.0,185300,0,0,0,0.0,0.0,구독료,티빙,42000.0,"E카드 스타벅스 50% 할인까지 18만 5,300원 남았어요. 이번 주 구독료는 E카드로 결제하세요."
C0502,CARD_A,신한카드 Mr.Life,2025-12,75650,3,0,300000.0,224350,0,0,0,640.0,640.0,커피,스타벅스,48100.0,"A카드 공과금·편의점 10% 할인까지 22만 4,400원 남았어요. 이번 주 커피는 A카드로 결제하세요."
C0502,CARD_B,KB국민카드 굿데이카드,2025-12,1220020,13,3,,0,3,1450,1450,,,,,,
C0502,CARD_C,하나카드 MOVING카드 ALLDAY모드,2025-12,0,0,1,,0,1,0,0,,,,,,
C0502,CARD_D,삼성카드 삼성 iD SELECT ALL 카드,2025-12,167780,3,0,400000.0,232220,0,0,0,7120.0,7120.0,온라인쇼핑,쿠팡,195800.0,"D카드 SELECT 7% 할인까지 23만 2,200원 남았어요. 이번 주 온라인쇼핑은 D카드로 결제하세요."
C0502,CARD_E,NH농협카드 올바른 FLEX 카드,2025-12,177400,1,0,300000.0,122600,0,0,0,0.0,0.0,커피,스타벅스,48100.0,"E카드 스타벅스 50% 할인까지 12만 2,600원 남았어요. 이번 주 커피는 E카드로 결제하세요."
C0503,CARD_A,신한카드 Mr.Life,2025-12,0,0,0,300000.0,300000,0,0,0,0.0,0.0,온라인쇼핑,네이버쇼핑,144200.0,A카드 공과금·편의점 10% 할인까지 30만 원 남았어요. 이번 주 온라인쇼핑은 A카드로 결제하세요.
C0503,CARD_B,KB국민카드 굿데이카드,2025-12,384490,13,1,600000.0,215510,2,4470,1730,4470.0,2740.0,편의점,CU,8500.0,"B카드 외식·커피 10% 할인까지 21만 5,500원 남았어요. 이번 주 편의점은 B카드로 결제하세요."
C0503,CARD_C,하나카드 MOVING카드 ALLDAY모드,2025-12,24800,2,1,,0,1,120,120,,,,,,
C0503,CARD_D,삼성카드 삼성 iD SELECT ALL 카드,2025-12,0,0,0,400000.0,400000,0,0,0,0.0,0.0,구독료,넷플릭스,78000.0,D카드 SELECT 7% 할인까지 40만 원 남았어요. 이번 주 구독료는 D카드로 결제하세요.
C0503,CARD_E,NH농협카드 올바른 FLEX 카드,2025-12,0,0,0,300000.0,300000,0,0,0,0.0,0.0,구독료,넷플릭스,78000.0,E카드 스타벅스 50% 할인까지 30만 원 남았어요. 이번 주 구독료는 E카드로 결제하세요.
C0504,CARD_A,신한카드 Mr.Life,2025-12,267030,6,0,300000.0,32970,0,0,0,11460.0,11460.0,편의점,CU,2400.0,"A카드 공과금·편의점 10% 할인까지 3만 3,000원 남았어요. 이번 주 편의점은 A카드로 결제하세요."
C0504,CARD_B,KB국민카드 굿데이카드,2025-12,0,0,0,300000.0,300000,0,0,0,0.0,0.0,편의점,CU,2400.0,B카드 통신비 10% 할인까지 30만 원 남았어요. 이번 주 편의점은 B카드로 결제하세요.
C0504,CARD_C,하나카드 MOVING카드 ALLDAY모드,2025-12,65500,1,1,,0,1,330,330,,,,,,
C0504,CARD_D,삼성카드 삼성 iD SELECT ALL 카드,2025-12,0,0,0,400000.0,400000,0,0,0,0.0,0.0,편의점,CU,2400.0,D카드 SELECT 7% 할인까지 40만 원 남았어요. 이번 주 편의점은 D카드로 결제하세요.
C0504,CARD_E,NH농협카드 올바른 FLEX 카드,2025-12,0,0,0,300000.0,300000,0,0,0,0.0,0.0,편의점,CU,2400.0,E카드 스타벅스 50% 할인까지 30만 원 남았어요. 이번 주 편의점은 E카드로 결제하세요.
C0505,CARD_A,신한카드 Mr.Life,2025-12,2061020,19,3,,0,3,27570,27570,,,,,,
C0505,CARD_B,KB국민카드 굿데이카드,2025-12,0,0,0,300000.0,300000,0,0,0,0.0,0.0,외식,맘스터치,152800.0,B카드 통신비 10% 할인까지 30만 원 남았어요. 이번 주 외식은 B카드로 결제하세요.
C0505,CARD_C,하나카드 MOVING카드 ALLDAY모드,2025-12,596200,1,1,,0,1,2980,2980,,,,,,
C0505,CARD_D,삼성카드 삼성 iD SELECT ALL 카드,2025-12,242500,2,0,400000.0,157500,0,0,0,6700.0,6700.0,장보기,홈플러스,485500.0,"D카드 SELECT 7% 할인까지 15만 7,500원 남았어요. 이번 주말 장보기는 D카드로 결제하세요."
C0505,CARD_E,NH농협카드 올바른 FLEX 카드,2025-12,31600,1,0,300000.0,268400,0,0,0,0.0,0.0,온라인쇼핑,쿠팡,117600.0,"E카드 스타벅스 50% 할인까지 26만 8,400원 남았어요. 이번 주 온라인쇼핑은 E카드로 결제하세요."
C0506,CARD_A,신한카드 Mr.Life,2025-12,658600,11,2,1000000.0,341400,0,0,6120,6120.0,0.0,편의점,CU,18000.0,"A카드 할인한도 월 5만 원까지 34만 1,400원 남았어요. 이번 주 편의점은 A카드로 결제하세요."
C0506,CARD_B,KB국민카드 굿데이카드,2025-12,0,0,0,300000.0,300000,0,0,0,0.0,0.0,편의점,CU,18000.0,B카드 통신비 10% 할인까지 30만 원 남았어요. 이번 주 편의점은 B카드로 결제하세요.
C0506,CARD_C,하나카드 MOVING카드 ALLDAY모드,2025-12,0,0,1,,0,1,0,0,,,,,,
C0506,CARD_D,삼성카드 삼성 iD SELECT ALL 카드,2025-12,0,0,0,400000.0,400000,0,0,0,0.0,0.0,편의점,CU,18000.0,D카드 SELECT 7% 할인까지 40만 원 남았어요. 이번 주 편의점은 D카드로 결제하세요.
C0506,CARD_E,NH농협카드 올바른 FLEX 카드,2025-12,0,0,0,300000.0,300000,0,0,0,0.0,0.0,편의점,CU,18000.0,E카드 스타벅스 50% 할인까지 30만 원 남았어요. 이번 주 편의점은 E카드로 결제하세요.
C0507,CARD_A,신한카드 Mr.Life,2025-12,0,0,0,300000.0,300000,0,0,0,0.0,0.0,온라인쇼핑,쿠팡,1182200.0,A카드 공과금·편의점 10% 할인까지 30만 원 남았어요. 이번 주 온라인쇼핑은 A카드로 결제하세요.
C0507,CARD_B,KB국민카드 굿데이카드,2025-12,945400,15,2,1200000.0,254600,3,5000,5000,5000.0,0.0,외식,스시오마카세,148600.0,"B카드 학원비 10% 할인까지 25만 4,600원 남았어요. 이번 주 외식은 B카드로 결제하세요."
C0507,CARD_C,하나카드 MOVING카드 ALLDAY모드,2025-12,71600,1,1,,0,1,360,360,,,,,,
C0507,CARD_D,삼성카드 삼성 iD SELECT ALL 카드,2025-12,197300,5,0,400000.0,202700,0,0,0,13480.0,13480.0,온라인쇼핑,쿠팡,1182200.0,"D카드 SELECT 7% 할인까지 20만 2,700원 남았어요. 이번 주 온라인쇼핑은 D카드로 결제하세요."
C0507,CARD_E,NH농협카드 올바른 FLEX 카드,2025-12,100800,1,0,300000.0,199200,0,0,0,0.0,0.0,온라인쇼핑,쿠팡,1182200.0,"E카드 스타벅스 50% 할인까지 19만 9,200원 남았어요. 이번 주 온라인쇼핑은 E카드로 결제하세요."
C0508,CARD_A,신한카드 Mr.Life,2025-12,1302300,14,3,,0,3,31670,31670,,,,,,
C0508,CARD_B,KB국민카드 굿데이카드,2025-12,209800,1,0,300000.0,90200,2,0,0,0.0,0.0,외식,한식뷔페,129300.0,B카드 통신비 10% 할인까지 9만 200원 남았어요. 이번 주 외식은 B카드로 결제하세요.
C0508,CARD_C,하나카드 MOVING카드 ALLDAY모드,2025-12,0,0,1,,0,1,0,0,,,,,,
C0508,CARD_D,삼성카드 삼성 iD SELECT ALL 카드,2025-12,51000,1,0,400000.0,349000,1,5100,0,5100.0,5100.0,장보기,홈플러스,448900.0,"D카드 SELECT 7% 할인까지 34만 9,000원 남았어요. 이번 주말 장보기는 D카드로 결제하세요."
C0508,CARD_E,NH농협카드 올바른 FLEX 카드,2025-12,0,0,0,300000.0,300000,0,0,0,0.0,0.0,온라인쇼핑,쿠팡,595900.0,E카드 스타벅스 50% 할인까지 30만 원 남았어요. 이번 주 온라인쇼핑은 E카드로 결제하세요.
C0509,CARD_A,신한카드 Mr.Life,2025-12,19300,3,0,300000.0,280700,0,0,0,560.0,560.0,편의점,GS25,41900.0,A카드 공과금·편의점 10% 할인까지 28만 700원 남았어요. 이번 주 편의점은 A카드로 결제하세요.
C0509,CARD_B,KB국민카드 굿데이카드,2025-12,35700,1,0,300000.0,264300,0,0,0,0.0,0.0,편의점,GS25,41900.0,"B카드 통신비 10% 할인까지 26만 4,300원 남았어요. 이번 주 편의점은 B카드로 결제하세요."
C0509,CARD_C,하나카드 MOVING카드 ALLDAY모드,2025-12,2119560,24,1,,0,1,21810,21810,,,,,,
C0509,CARD_D,삼성카드 삼성 iD SELECT ALL 카드,2025-12,139980,4,0,400000.0,260020,0,0,0,12980.0,12980.0,편의점,GS25,41900.0,D카드 SELECT 7% 할인까지 26만 원 남았어요. 이번 주 편의점은 D카드로 결제하세요.
C0509,CARD_E,NH농협카드 올바른 FLEX 카드,2025-12,8830,1,0,300000.0,291170,0,0,0,620.0,620.0,편의점,GS25,41900.0,"E카드 스타벅스 50% 할인까지 29만 1,200원 남았어요. 이번 주 편의점은 E카드로 결제하세요."
C0510,CARD_A,신한카드 Mr.Life,2025-12,423900,6,1,500000.0,76100,2,7000,3000,7000.0,4000.0,장보기,이마트,270000.0,"A카드 할인한도 월 3.4만 원까지 7만 6,100원 남았어요. 이번 주말 장보기는 A카드로 결제하세요."
C0510,CARD_B,KB국민카드 굿데이카드,2025-12,2960,1,0,300000.0,297040,0,0,0,0.0,0.0,편의점,CU,8300.0,"B카드 통신비 10% 할인까지 29만 7,000원 남았어요. 이번 주 편의점은 B카드로 결제하세요."
C0510,CARD_C,하나카드 MOVING카드 ALLDAY모드,2025-12,0,0,1,,0,1,0,0,,,,,,
C0510,CARD_D,삼성카드 삼성 iD SELECT ALL 카드,2025-12,0,0,0,400000.0,400000,0,0,0,0.0,0.0,장보기,이마트,270000.0,D카드 SELECT 7% 할인까지 40만 원 남았어요. 이번 주말 장보기는 D카드로 결제하세요.
C0510,CARD_E,NH농협카드 올바른 FLEX 카드,2025-12,0,0,0,300000.0,300000,0,0,0,0.0,0.0,편의점,CU,8300.0,E카드 스타벅스 50% 할인까지 30만 원 남았어요. 이번 주 편의점은 E카드로 결제하세요.
C0511,CARD_A,신한카드 Mr.Life,2025-12,0,0,0,300000.0,300000,0,0,0,0.0,0.0,장보기,쿠팡프레시,301500.0,A카드 공과금·편의점 10% 할인까지 30만 원 남았어요. 이번 주말 장보기는 A카드로 결제하세요.
C0511,CARD_B,KB국민카드 굿데이카드,2025-12,690500,9,2,1200000.0,509500,2,8000,8000,8000.0,0.0,외식,고깃집,93300.0,"B카드 학원비 10% 할인까지 50만 9,500원 남았어요. 이번 주 외식은 B카드로 결제하세요."
C0511,CARD_C,하나카드 MOVING카드 ALLDAY모드,2025-12,33700,1,1,,0,1,170,170,,,,,,
C0511,CARD_D,삼성카드 삼성 iD SELECT ALL 카드,2025-12,17000,1,0,400000.0,383000,0,0,0,5120.0,5120.0,장보기,쿠팡프레시,301500.0,"D카드 SELECT 7% 할인까지 38만 3,000원 남았어요. 이번 주말 장보기는 D카드로 결제하세요."
C0511,CARD_E,NH농협카드 올바른 FLEX 카드,2025-12,0,0,0,300000.0,300000,0,0,0,0.0,0.0,온라인쇼핑,네이버쇼핑,99300.0,E카드 스타벅스 50% 할인까지 30만 원 남았어요. 이번 주 온라인쇼핑은 E카드로 결제하세요.
C0512,CARD_A,신한카드 Mr.Life,2025-12,1007140,14,3,,0,2,3210,3210,,,,,,
C0512,CARD_B,KB국민카드 굿데이카드,2025-12,19700,1,0,300000.0,280300,0,0,0,0.0,0.0,커피,투썸플레이스,9900.0,B카드 통신비 10% 할인까지 28만 300원 남았어요. 이번 주 커피는 B카드로 결제하세요.
C0512,CARD_C,하나카드 MOVING카드 ALLDAY모드,2025-12,323400,2,1,,0,1,1620,1620,,,,,,
C0512,CARD_D,삼성카드 삼성 iD SELECT ALL 카드,2025-12,0,0,0,400000.0,400000,0,0,0,0.0,0.0,장보기,마켓컬리,193400.0,D카드 SELECT 7% 할인까지 40만 원 남았어요. 이번 주말 장보기는 D카드로 결제하세요.
C0512,CARD_E,NH농협카드 올바른 FLEX 카드,2025-12,0,0,0,300000.0,300000,0,0,0,0.0,0.0,커피,투썸플레이스,9900.0,E카드 스타벅스 50% 할인까지 30만 원 남았어요. 이번 주 커피는 E카드로 결제하세요.
C0513,CARD_A,신한카드 Mr.Life,2025-12,0,0,0,300000.0,300000,0,0,0,0.0,0.0,온라인쇼핑,SSG닷컴,53700.0,A카드 공과금·편의점 10% 할인까지 30만 원 남았어요. 이번 주 온라인쇼핑은 A카드로 결제하세요.
C0513,CARD_B,KB국민카드 굿데이카드,2025-12,85720,7,0,300000.0,214280,0,0,0,0.0,0.0,외식,동네식당,13100.0,"B카드 통신비 10% 할인까지 21만 4,300원 남았어요. 이번 주 외식은 B카드로 결제하세요."
C0513,CARD_C,하나카드 MOVING카드 ALLDAY모드,2025-12,0,0,1,,0,1,0,0,,,,,,
C0513,CARD_D,삼성카드 삼성 iD SELECT ALL 카드,2025-12,38500,2,0,400000.0,361500,0,0,0,2730.0,2730.0,온라인쇼핑,SSG닷컴,53700.0,"D카드 SELECT 7% 할인까지 36만 1,500원 남았어요. 이번 주 온라인쇼핑은 D카드로 결제하세요."
C0513,CARD_E,NH농협카드 올바른 FLEX 카드,2025-12,8040,1,0,300000.0,291960,0,0,0,800.0,800.0,온라인쇼핑,SSG닷컴,53700.0,"E카드 스타벅스 50% 할인까지 29만 2,000원 남았어요. 이번 주 온라인쇼핑은 E카드로 결제하세요."
C0514,CARD_A,신한카드 Mr.Life,2025-12,0,0,0,300000.0,300000,0,0,0,0.0,0.0,커피,빽다방,9400.0,A카드 공과금·편의점 10% 할인까지 30만 원 남았어요. 이번 주 커피는 A카드로 결제하세요.
C0514,CARD_B,KB국민카드 굿데이카드,2025-12,0,0,0,300000.0,300000,0,0,0,0.0,0.0,커피,빽다방,9400.0,B카드 통신비 10% 할인까지 30만 원 남았어요. 이번 주 커피는 B카드로 결제하세요.
C0514,CARD_C,하나카드 MOVING카드 ALLDAY모드,2025-12,22800,1,1,,0,1,110,110,,,,,,
C0514,CARD_D,삼성카드 삼성 iD SELECT ALL 카드,2025-12,156420,6,0,400000.0,243580,1,11750,0,11750.0,11750.0,배달 주문,요기요,61500.0,"D카드 SELECT 7% 할인까지 24만 3,600원 남았어요. 이번 주 배달 주문은 D카드로 결제하세요."
C0514,CARD_E,NH농협카드 올바른 FLEX 카드,2025-12,0,0,0,300000.0,300000,0,0,0,0.0,0.0,배달 주문,요기요,61500.0,E카드 스타벅스 50% 할인까지 30만 원 남았어요. 이번 주 배달 주문은 E카드로 결제하세요.
C0515,CARD_A,신한카드 Mr.Life,2025-12,149900,2,0,300000.0,150100,0,0,0,2520.0,2520.0,장보기,이마트,906500.0,A카드 공과금·편의점 10% 할인까지 15만 100원 남았어요. 이번 주말 장보기는 A카드로 결제하세요.
C0515,CARD_B,KB국민카드 굿데이카드,2025-12,0,0,0,300000.0,300000,0,0,0,0.0,0.0,편의점,GS25,8800.0,B카드 통신비 10% 할인까지 30만 원 남았어요. 이번 주 편의점은 B카드로 결제하세요.
C0515,CARD_C,하나카드 MOVING카드 ALLDAY모드,2025-12,43200,1,1,,0,1,220,220,,,,,,
C0515,CARD_D,삼성카드 삼성 iD SELECT ALL 카드,2025-12,0,0,0,400000.0,400000,0,0,0,0.0,0.0,장보기,이마트,906500.0,D카드 SELECT 7% 할인까지 40만 원 남았어요. 이번 주말 장보기는 D카드로 결제하세요.
C0515,CARD_E,NH농협카드 올바른 FLEX 카드,2025-12,780240,11,1,,0,1,8300,8300,,,,,,
C0516,CARD_A,신한카드 Mr.Life,2025-12,599330,7,2,1000000.0,400670,1,13000,20870,22900.0,2030.0,장보기,쿠팡프레시,295700.0,A카드 할인한도 월 5만 원까지 40만 700원 남았어요. 이번 주말 장보기는 A카드로 결제하세요.
C0516,CARD_B,KB국민카드 굿데이카드,2025-12,489300,1,1,600000.0,110700,2,0,0,0.0,0.0,편의점,CU,7900.0,B카드 외식·커피 10% 할인까지 11만 700원 남았어요. 이번 주 편의점은 B카드로 결제하세요.
C0516,CARD_C,하나카드 MOVING카드 ALLDAY모드,2025-12,218800,1,1,,0,1,1090,1090,,,,,,
C0516,CARD_D,삼성카드 삼성 iD SELECT ALL 카드,2025-12,50200,1,0,400000.0,349800,0,0,0,3870.0,3870.0,장보기,쿠팡프레시,295700.0,"D카드 SELECT 7% 할인까지 34만 9,800원 남았어요. 이번 주말 장보기는 D카드로 결제하세요."
C0516,CARD_E,NH농협카드 올바른 FLEX 카드,2025-12,13900,1,0,300000.0,286100,0,0,0,0.0,0.0,구독료,멜론,29700.0,"E카드 스타벅스 50% 할인까지 28만 6,100원 남았어요. 이번 주 구독료는 E카드로 결제하세요."
C0517,CARD_A,신한카드 Mr.Life,2025-12,305650,15,1,500000.0,194350,2,260,260,260.0,0.0,커피,스타벅스,13900.0,"A카드 할인한도 월 3.4만 원까지 19만 4,400원 남았어요. 이번 주 커피는 A카드로 결제하세요."
C0517,CARD_B,KB국민카드 굿데이카드,2025-12,4790,1,0,300000.0,295210,0,0,0,0.0,0.0,커피,스타벅스,13900.0,"B카드 통신비 10% 할인까지 29만 5,200원 남았어요. 이번 주 커피는 B카드로 결제하세요."
C0517,CARD_C,하나카드 MOVING카드 ALLDAY모드,2025-12,0,0,1,,0,1,0,0,,,,,,
C0517,CARD_D,삼성카드 삼성 iD SELECT ALL 카드,2025-12,28200,2,0,400000.0,371800,0,0,0,1330.0,1330.0,배달 주문,배달의민족,85000.0,"D카드 SELECT 7% 할인까지 37만 1,800원 남았어요. 이번 주 배달 주문은 D카드로 결제하세요."
C0517,CARD_E,NH농협카드 올바른 FLEX 카드,2025-12,8870,1,0,300000.0,291130,0,0,0,890.0,890.0,배달 주문,배달의민족,85000.0,"E카드 스타벅스 50% 할인까지 29만 1,100원 남았어요. 이번 주 배달 주문은 E카드로 결제하세요."
C0518,CARD_A,신한카드 Mr.Life,2025-12,0,0,0,300000.0,300000,0,0,0,0.0,0.0,장보기,동네마트,286800.0,A카드 공과금·편의점 10% 할인까지 30만 원 남았어요. 이번 주말 장보기는 A카드로 결제하세요.
C0518,CARD_B,KB국민카드 굿데이카드,2025-12,0,0,0,300000.0,300000,0,0,0,0.0,0.0,외식,동네식당,22700.0,B카드 통신비 10% 할인까지 30만 원 남았어요. 이번 주 외식은 B카드로 결제하세요.
C0518,CARD_C,하나카드 MOVING카드 ALLDAY모드,2025-12,0,0,1,,0,1,0,0,,,,,,
C0518,CARD_D,삼성카드 삼성 iD SELECT ALL 카드,2025-12,601280,13,1,800000.0,198720,3,16090,16090,16090.0,0.0,구독료,유튜브 프리미엄,72600.0,"D카드 SELECT 한도 월 1만 원까지 19만 8,700원 남았어요. 이번 주 구독료는 D카드로 결제하세요."
C0518,CARD_E,NH농협카드 올바른 FLEX 카드,2025-12,0,0,0,300000.0,300000,0,0,0,0.0,0.0,구독료,유튜브 프리미엄,72600.0,E카드 스타벅스 50% 할인까지 30만 원 남았어요. 이번 주 구독료는 E카드로 결제하세요.
C0519,CARD_A,신한카드 Mr.Life,2025-12,533430,13,2,1000000.0,466570,2,650,650,650.0,0.0,외식,동네식당,53200.0,"A카드 할인한도 월 5만 원까지 46만 6,600원 남았어요. 이번 주 외식은 A카드로 결제하세요."
C0519,CARD_B,KB국민카드 굿데이카드,2025-12,0,0,0,300000.0,300000,0,0,0,0.0,0.0,외식,동네식당,53200.0,B카드 통신비 10% 할인까지 30만 원 남았어요. 이번 주 외식은 B카드로 결제하세요.
C0519,CARD_C,하나카드 MOVING카드 ALLDAY모드,2025-12,0,0,1,,0,1,0,0,,,,,,
C0519,CARD_D,삼성카드 삼성 iD SELECT ALL 카드,2025-12,57300,1,0,400000.0,342700,0,0,0,5730.0,5730.0,외식,동네식당,53200.0,"D카드 SELECT 7% 할인까지 34만 2,700원 남았어요. 이번 주 외식은 D카드로 결제하세요."
C0519,CARD_E,NH농협카드 올바른 FLEX 카드,2025-12,116070,2,0,300000.0,183930,0,0,0,0.0,0.0,온라인쇼핑,쿠팡,82700.0,"E카드 스타벅스 50% 할인까지 18만 3,900원 남았어요. 이번 주 온라인쇼핑은 E카드로 결제하세요."
C0520,CARD_A,신한카드 Mr.Life,2025-12,0,0,0,300000.0,300000,0,0,0,0.0,0.0,편의점,세븐일레븐,16300.0,A카드 공과금·편의점 10% 할인까지 30만 원 남았어요. 이번 주 편의점은 A카드로 결제하세요.
C0520,CARD_B,KB국민카드 굿데이카드,2025-12,744510,16,2,1200000.0,455490,1,710,3100,3100.0,0.0,편의점,세븐일레븐,16300.0,"B카드 학원비 10% 할인까지 45만 5,500원 남았어요. 이번 주 편의점은 B카드로 결제하세요."
C0520,CARD_C,하나카드 MOVING카드 ALLDAY모드,2025-12,217700,1,1,,0,1,1090,1090,,,,,,
C0520,CARD_D,삼성카드 삼성 iD SELECT ALL 카드,2025-12,58200,1,0,400000.0,341800,0,0,0,410.0,410.0,구독료,쿠팡와우,43600.0,"D카드 SELECT 7% 할인까지 34만 1,800원 남았어요. 이번 주 구독료는 D카드로 결제하세요."
C0520,CARD_E,NH농협카드 올바른 FLEX 카드,2025-12,0,0,0,300000.0,300000,0,0,0,0.0,0.0,구독료,쿠팡와우,43600.0,E카드 스타벅스 50% 할인까지 30만 원 남았어요. 이번 주 구독료는 E카드로 결제하세요.
C0521,CARD_A,신한카드 Mr.Life,2025-12,63950,6,0,300000.0,236050,0,0,0,1200.0,1200.0,편의점,CU,14000.0,"A카드 공과금·편의점 10% 할인까지 23만 6,000원 남았어요. 이번 주 편의점은 A카드로 결제하세요."
C0521,CARD_B,KB국민카드 굿데이카드,2025-12,1670,1,0,300000.0,298330,0,0,0,0.0,0.0,편의점,CU,14000.0,"B카드 통신비 10% 할인까지 29만 8,300원 남았어요. 이번 주 편의점은 B카드로 결제하세요."
C0521,CARD_C,하나카드 MOVING카드 ALLDAY모드,2025-12,0,0,1,,0,1,0,0,,,,,,
C0521,CARD_D,삼성카드 삼성 iD SELECT ALL 카드,2025-12,0,0,0,400000.0,400000,0,0,0,0.0,0.0,편의점,CU,14000.0,D카드 SELECT 7% 할인까지 40만 원 남았어요. 이번 주 편의점은 D카드로 결제하세요.
C0521,CARD_E,NH농협카드 올바른 FLEX 카드,2025-12,5580,2,0,300000.0,294420,0,0,0,190.0,190.0,편의점,CU,14000.0,"E카드 스타벅스 50% 할인까지 29만 4,400원 남았어요. 이번 주 편의점은 E카드로 결제하세요."
C0522,CARD_A,신한카드 Mr.Life,2025-12,0,0,0,300000.0,300000,0,0,0,0.0,0.0,병원·약국,약국,124500.0,A카드 공과금·편의점 10% 할인까지 30만 원 남았어요. 이번 주 병원·약국은 A카드로 결제하세요.
C0522,CARD_B,KB국민카드 굿데이카드,2025-12,2020,1,0,300000.0,297980,0,0,0,0.0,0.0,외식,동네식당,26600.0,"B카드 통신비 10% 할인까지 29만 8,000원 남았어요. 이번 주 외식은 B카드로 결제하세요."
C0522,CARD_C,하나카드 MOVING카드 ALLDAY모드,2025-12,1244750,8,1,,0,1,6380,6380,,,,,,
C0522,CARD_D,삼성카드 삼성 iD SELECT ALL 카드,2025-12,0,0,0,400000.0,400000,0,0,0,0.0,0.0,병원·약국,약국,124500.0,D카드 SELECT 7% 할인까지 40만 원 남았어요. 이번 주 병원·약국은 D카드로 결제하세요.
C0522,CARD_E,NH농협카드 올바른 FLEX 카드,2025-12,0,0,0,300000.0,300000,0,0,0,0.0,0.0,온라인쇼핑,네이버쇼핑,68900.0,E카드 스타벅스 50% 할인까지 30만 원 남았어요. 이번 주 온라인쇼핑은 E카드로 결제하세요.
C0523,CARD_A,신한카드 Mr.Life,2025-12,1630600,12,3,,0,3,27740,27740,,,,,,
C0523,CARD_B,KB국민카드 굿데이카드,2025-12,9250,1,0,300000.0,290750,2,920,0,0.0,0.0,외식,김밥천국,228000.0,B카드 통신비 10% 할인까지 29만 800원 남았어요. 이번 주 외식은 B카드로 결제하세요.
C0523,CARD_C,하나카드 MOVING카드 ALLDAY모드,2025-12,0,0,1,,0,1,0,0,,,,,,
C0523,CARD_D,삼성카드 삼성 iD SELECT ALL 카드,2025-12,42600,1,0,400000.0,357400,0,0,0,3280.0,3280.0,온라인쇼핑,SSG닷컴,422400.0,"D카드 SELECT 7% 할인까지 35만 7,400원 남았어요. 이번 주 온라인쇼핑은 D카드로 결제하세요."
C0523,CARD_E,NH농협카드 올바른 FLEX 카드,2025-12,0,0,0,300000.0,300000,0,0,0,0.0,0.0,온라인쇼핑,SSG닷컴,422400.0,E카드 스타벅스 50% 할인까지 30만 원 남았어요. 이번 주 온라인쇼핑은 E카드로 결제하세요.
C0524,CARD_A,신한카드 Mr.Life,2025-12,107800,1,0,300000.0,192200,0,0,0,0.0,0.0,장보기,롯데마트,149700.0,"A카드 공과금·편의점 10% 할인까지 19만 2,200원 남았어요. 이번 주말 장보기는 A카드로 결제하세요."
C0524,CARD_B,KB국민카드 굿데이카드,2025-12,16700,1,0,300000.0,283300,0,0,0,0.0,0.0,외식,한식뷔페,41700.0,"B카드 통신비 10% 할인까지 28만 3,300원 남았어요. 이번 주 외식은 B카드로 결제하세요."
C0524,CARD_C,하나카드 MOVING카드 ALLDAY모드,2025-12,577100,4,1,,0,1,2890,2890,,,,,,
C0524,CARD_D,삼성카드 삼성 iD SELECT ALL 카드,2025-12,11800,2,0,400000.0,388200,0,0,0,910.0,910.0,장보기,롯데마트,149700.0,"D카드 SELECT 7% 할인까지 38만 8,200원 남았어요. 이번 주말 장보기는 D카드로 결제하세요."
C0524,CARD_E,NH농협카드 올바른 FLEX 카드,2025-12,4920,1,0,300000.0,295080,0,0,0,2460.0,2460.0,편의점,GS25,10200.0,"E카드 스타벅스 50% 할인까지 29만 5,100원 남았어요. 이번 주 편의점은 E카드로 결제하세요."
C0525,CARD_A,신한카드 Mr.Life,2025-12,4900,1,0,300000.0,295100,0,0,0,0.0,0.0,외식,동네식당,45700.0,"A카드 공과금·편의점 10% 할인까지 29만 5,100원 남았어요. 이번 주 외식은 A카드로 결제하세요."
C0525,CARD_B,KB국민카드 굿데이카드,2025-12,0,0,0,300000.0,300000,0,0,0,0.0,0.0,외식,동네식당,45700.0,B카드 통신비 10% 할인까지 30만 원 남았어요. 이번 주 외식은 B카드로 결제하세요.
C0525,CARD_C,하나카드 MOVING카드 ALLDAY모드,2025-12,246120,14,1,,0,1,1230,1230,,,,,,
C0525,CARD_D,삼성카드 삼성 iD SELECT ALL 카드,2025-12,2020,1,0,400000.0,397980,0,0,0,10.0,10.0,구독료,밀리의서재,51000.0,"D카드 SELECT 7% 할인까지 39만 8,000원 남았어요. 이번 주 구독료는 D카드로 결제하세요."
C0525,CARD_E,NH농협카드 올바른 FLEX 카드,2025-12,0,0,0,300000.0,300000,0,0,0,0.0,0.0,구독료,밀리의서재,51000.0,E카드 스타벅스 50% 할인까지 30만 원 남았어요. 이번 주 구독료는 E카드로 결제하세요.
C0526,CARD_A,신한카드 Mr.Life,2025-12,169250,10,0,300000.0,130750,2,8630,0,4630.0,4630.0,편의점,CU,14700.0,A카드 공과금·편의점 10% 할인까지 13만 800원 남았어요. 이번 주 편의점은 A카드로 결제하세요.
C0526,CARD_B,KB국민카드 굿데이카드,2025-12,0,0,0,300000.0,300000,0,0,0,0.0,0.0,편의점,CU,14700.0,B카드 통신비 10% 할인까지 30만 원 남았어요. 이번 주 편의점은 B카드로 결제하세요.
C0526,CARD_C,하나카드 MOVING카드 ALLDAY모드,2025-12,33400,1,1,,0,1,170,170,,,,,,
C0526,CARD_D,삼성카드 삼성 iD SELECT ALL 카드,2025-12,0,0,0,400000.0,400000,0,0,0,0.0,0.0,구독료,네이버플러스 멤버십,27100.0,D카드 SELECT 7% 할인까지 40만 원 남았어요. 이번 주 구독료는 D카드로 결제하세요.
C0526,CARD_E,NH농협카드 올바른 FLEX 카드,2025-12,1660,1,0,300000.0,298340,0,0,0,0.0,0.0,구독료,네이버플러스 멤버십,27100.0,"E카드 스타벅스 50% 할인까지 29만 8,300원 남았어요. 이번 주 구독료는 E카드로 결제하세요."
C0527,CARD_A,신한카드 Mr.Life,2025-12,144900,3,0,300000.0,155100,0,0,0,6420.0,6420.0,온라인쇼핑,네이버쇼핑,1866600.0,"A카드 공과금·편의점 10% 할인까지 15만 5,100원 남았어요. 이번 주 온라인쇼핑은 A카드로 결제하세요."
C0527,CARD_B,KB국민카드 굿데이카드,2025-12,49310,2,0,300000.0,250690,0,0,0,0.0,0.0,외식,동네식당,119600.0,B카드 통신비 10% 할인까지 25만 700원 남았어요. 이번 주 외식은 B카드로 결제하세요.
C0527,CARD_C,하나카드 MOVING카드 ALLDAY모드,2025-12,1183630,30,1,,0,1,12270,12270,,,,,,
C0527,CARD_D,삼성카드 삼성 iD SELECT ALL 카드,2025-12,56400,2,0,400000.0,343600,0,0,0,4000.0,4000.0,온라인쇼핑,네이버쇼핑,1866600.0,"D카드 SELECT 7% 할인까지 34만 3,600원 남았어요. 이번 주 온라인쇼핑은 D카드로 결제하세요."
C0527,CARD_E,NH농협카드 올바른 FLEX 카드,2025-12,153100,2,0,300000.0,146900,0,0,0,5000.0,5000.0,온라인쇼핑,네이버쇼핑,1866600.0,"E카드 스타벅스 50% 할인까지 14만 6,900원 남았어요. 이번 주 온라인쇼핑은 E카드로 결제하세요."
C0528,CARD_A,신한카드 Mr.Life,2025-12,278500,8,0,300000.0,21500,0,0,0,3970.0,3970.0,편의점,세븐일레븐,8500.0,"A카드 공과금·편의점 10% 할인까지 2만 1,500원 남았어요. 이번 주 편의점은 A카드로 결제하세요."
C0528,CARD_B,KB국민카드 굿데이카드,2025-12,19500,1,0,300000.0,280500,0,0,0,0.0,0.0,편의점,세븐일레븐,8500.0,B카드 통신비 10% 할인까지 28만 500원 남았어요. 이번 주 편의점은 B카드로 결제하세요.
C0528,CARD_C,하나카드 MOVING카드 ALLDAY모드,2025-12,4900,1,1,,0,1,20,20,,,,,,
C0528,CARD_D,삼성카드 삼성 iD SELECT ALL 카드,2025-12,0,0,0,400000.0,400000,0,0,0,0.0,0.0,편의점,세븐일레븐,8500.0,D카드 SELECT 7% 할인까지 40만 원 남았어요. 이번 주 편의점은 D카드로 결제하세요.
C0528,CARD_E,NH농협카드 올바른 FLEX 카드,2025-12,5370,1,0,300000.0,294630,0,0,0,270.0,270.0,편의점,세븐일레븐,8500.0,"E카드 스타벅스 50% 할인까지 29만 4,600원 남았어요. 이번 주 편의점은 E카드로 결제하세요."
C0529,CARD_A,신한카드 Mr.Life,2025-12,2310430,31,3,,0,0,0,11370,,,,,,
C0529,CARD_B,KB국민카드 굿데이카드,2025-12,0,0,0,300000.0,300000,0,0,0,0.0,0.0,외식,동네식당,121700.0,B카드 통신비 10% 할인까지 30만 원 남았어요. 이번 주 외식은 B카드로 결제하세요.
C0529,CARD_C,하나카드 MOVING카드 ALLDAY모드,2025-12,209700,1,1,,0,1,1050,1050,,,,,,
C0529,CARD_D,삼성카드 삼성 iD SELECT ALL 카드,2025-12,0,0,0,400000.0,400000,0,0,0,0.0,0.0,외식,동네식당,121700.0,D카드 SELECT 7% 할인까지 40만 원 남았어요. 이번 주 외식은 D카드로 결제하세요.
C0529,CARD_E,NH농협카드 올바른 FLEX 카드,2025-12,33700,1,0,300000.0,266300,0,0,0,1680.0,1680.0,커피,투썸플레이스,19100.0,"E카드 스타벅스 50% 할인까지 26만 6,300원 남았어요. 이번 주 커피는 E카드로 결제하세요."
C0530,CARD_A,신한카드 Mr.Life,2025-12,33500,1,0,300000.0,266500,0,0,0,0.0,0.0,온라인쇼핑,쿠팡,115800.0,"A카드 공과금·편의점 10% 할인까지 26만 6,500원 남았어요. 이번 주 온라인쇼핑은 A카드로 결제하세요."
C0530,CARD_B,KB국민카드 굿데이카드,2025-12,1238630,13,3,,0,1,3000,5120,,,,,,
C0530,CARD_C,하나카드 MOVING카드 ALLDAY모드,2025-12,0,0,1,,0,1,0,0,,,,,,
C0530,CARD_D,삼성카드 삼성 iD SELECT ALL 카드,2025-12,0,0,0,400000.0,400000,0,0,0,0.0,0.0,생활용품 구매,다이소,85800.0,D카드 SELECT 7% 할인까지 40만 원 남았어요. 이번 주말 생활용품 구매는 D카드로 결제하세요.
C0530,CARD_E,NH농협카드 올바른 FLEX 카드,2025-12,12000,1,0,300000.0,288000,0,0,0,600.0,600.0,온라인쇼핑,쿠팡,115800.0,"E카드 스타벅스 50% 할인까지 28만 8,000원 남았어요. 이번 주 온라인쇼핑은 E카드로 결제하세요."
C0531,CARD_A,신한카드 Mr.Life,2025-12,0,0,0,300000.0,300000,0,0,0,0.0,0.0,주유,SK에너지,165600.0,A카드 공과금·편의점 10% 할인까지 30만 원 남았어요. 이번 주말 주유는 A카드로 결제하세요.
C0531,CARD_B,KB국민카드 굿데이카드,2025-12,54700,1,0,300000.0,245300,0,0,0,1930.0,1930.0,주유,SK에너지,165600.0,"B카드 통신비 10% 할인까지 24만 5,300원 남았어요. 이번 주말 주유는 B카드로 결제하세요."
C0531,CARD_C,하나카드 MOVING카드 ALLDAY모드,2025-12,16700,1,1,,0,1,80,80,,,,,,
C0531,CARD_D,삼성카드 삼성 iD SELECT ALL 카드,2025-12,0,0,0,400000.0,400000,0,0,0,0.0,0.0,주유,SK에너지,165600.0,D카드 SELECT 7% 할인까지 40만 원 남았어요. 이번 주말 주유는 D카드로 결제하세요.
C0531,CARD_E,NH농협카드 올바른 FLEX 카드,2025-12,309750,10,1,,0,1,5910,5910,,,,,,
C0532,CARD_A,신한카드 Mr.Life,2025-12,0,0,0,300000.0,300000,0,0,0,0.0,0.0,외식,한식뷔페,41300.0,A카드 공과금·편의점 10% 할인까지 30만 원 남았어요. 이번 주 외식은 A카드로 결제하세요.
C0532,CARD_B,KB국민카드 굿데이카드,2025-12,0,0,0,300000.0,300000,0,0,0,0.0,0.0,외식,한식뷔페,41300.0,B카드 통신비 10% 할인까지 30만 원 남았어요. 이번 주 외식은 B카드로 결제하세요.
C0532,CARD_C,하나카드 MOVING카드 ALLDAY모드,2025-12,2426160,10,1,,0,1,24260,24260,,,,,,
C0532,CARD_D,삼성카드 삼성 iD SELECT ALL 카드,2025-12,17000,1,0,400000.0,383000,0,0,0,5120.0,5120.0,외식,한식뷔페,41300.0,"D카드 SELECT 7% 할인까지 38만 3,000원 남았어요. 이번 주 외식은 D카드로 결제하세요."
C0532,CARD_E,NH농협카드 올바른 FLEX 카드,2025-12,0,0,0,300000.0,300000,0,0,0,0.0,0.0,구독료,넷플릭스,26900.0,E카드 스타벅스 50% 할인까지 30만 원 남았어요. 이번 주 구독료는 E카드로 결제하세요.
C0533,CARD_A,신한카드 Mr.Life,2025-12,0,0,0,300000.0,300000,0,0,0,0.0,0.0,편의점,이마트24,12000.0,A카드 공과금·편의점 10% 할인까지 30만 원 남았어요. 이번 주 편의점은 A카드로 결제하세요.
C0533,CARD_B,KB국민카드 굿데이카드,2025-12,15910,2,0,300000.0,284090,0,0,0,0.0,0.0,편의점,이마트24,12000.0,"B카드 통신비 10% 할인까지 28만 4,100원 남았어요. 이번 주 편의점은 B카드로 결제하세요."
C0533,CARD_C,하나카드 MOVING카드 ALLDAY모드,2025-12,893280,20,1,,0,1,9060,9060,,,,,,
C0533,CARD_D,삼성카드 삼성 iD SELECT ALL 카드,2025-12,181600,1,0,400000.0,218400,0,0,0,1270.0,1270.0,편의점,이마트24,12000.0,"D카드 SELECT 7% 할인까지 21만 8,400원 남았어요. 이번 주 편의점은 D카드로 결제하세요."
C0533,CARD_E,NH농협카드 올바른 FLEX 카드,2025-12,0,0,0,300000.0,300000,0,0,0,0.0,0.0,편의점,이마트24,12000.0,E카드 스타벅스 50% 할인까지 30만 원 남았어요. 이번 주 편의점은 E카드로 결제하세요.
C0534,CARD_A,신한카드 Mr.Life,2025-12,154760,6,0,300000.0,145240,2,0,0,0.0,0.0,장보기,이마트,522000.0,"A카드 공과금·편의점 10% 할인까지 14만 5,200원 남았어요. 이번 주말 장보기는 A카드로 결제하세요."
C0534,CARD_B,KB국민카드 굿데이카드,2025-12,30700,1,0,300000.0,269300,2,0,0,0.0,0.0,편의점,CU,6200.0,"B카드 통신비 10% 할인까지 26만 9,300원 남았어요. 이번 주 편의점은 B카드로 결제하세요."
C0534,CARD_C,하나카드 MOVING카드 ALLDAY모드,2025-12,0,0,1,,0,1,0,0,,,,,,
C0534,CARD_D,삼성카드 삼성 iD SELECT ALL 카드,2025-12,6460,1,0,400000.0,393540,0,0,0,500.0,500.0,장보기,이마트,522000.0,"D카드 SELECT 7% 할인까지 39만 3,500원 남았어요. 이번 주말 장보기는 D카드로 결제하세요."
C0534,CARD_E,NH농협카드 올바른 FLEX 카드,2025-12,0,0,0,300000.0,300000,0,0,0,0.0,0.0,편의점,CU,6200.0,E카드 스타벅스 50% 할인까지 30만 원 남았어요. 이번 주 편의점은 E카드로 결제하세요.
C0535,CARD_A,신한카드 Mr.Life,2025-12,15560,2,0,300000.0,284440,0,0,0,0.0,0.0,편의점,GS25,27300.0,"A카드 공과금·편의점 10% 할인까지 28만 4,400원 남았어요. 이번 주 편의점은 A카드로 결제하세요."
C0535,CARD_B,KB국민카드 굿데이카드,2025-12,4350,1,0,300000.0,295650,0,0,0,0.0,0.0,교통비,티머니,76200.0,"B카드 통신비 10% 할인까지 29만 5,600원 남았어요. 이번 주 교통비는 B카드로 결제하세요."
C0535,CARD_C,하나카드 MOVING카드 ALLDAY모드,2025-12,0,0,1,,0,1,0,0,,,,,,
C0535,CARD_D,삼성카드 삼성 iD SELECT ALL 카드,2025-12,7850,1,0,400000.0,392150,0,0,0,50.0,50.0,편의점,GS25,27300.0,"D카드 SELECT 7% 할인까지 39만 2,200원 남았어요. 이번 주 편의점은 D카드로 결제하세요."
C0535,CARD_E,NH농협카드 올바른 FLEX 카드,2025-12,450340,19,1,,0,1,5490,5490,,,,,,
C0536,CARD_A,신한카드 Mr.Life,2025-12,10900,1,0,300000.0,289100,0,0,0,0.0,0.0,장보기,홈플러스,405000.0,"A카드 공과금·편의점 10% 할인까지 28만 9,100원 남았어요. 이번 주말 장보기는 A카드로 결제하세요."
C0536,CARD_B,KB국민카드 굿데이카드,2025-12,82600,1,0,300000.0,217400,0,0,0,0.0,0.0,외식,한식뷔페,11000.0,"B카드 통신비 10% 할인까지 21만 7,400원 남았어요. 이번 주 외식은 B카드로 결제하세요."
C0536,CARD_C,하나카드 MOVING카드 ALLDAY모드,2025-12,834960,14,1,,0,1,8600,8600,,,,,,
C0536,CARD_D,삼성카드 삼성 iD SELECT ALL 카드,2025-12,0,0,0,400000.0,400000,0,0,0,0.0,0.0,장보기,홈플러스,405000.0,D카드 SELECT 7% 할인까지 40만 원 남았어요. 이번 주말 장보기는 D카드로 결제하세요.
C0536,CARD_E,NH농협카드 올바른 FLEX 카드,2025-12,579070,2,1,,0,1,940,940,,,,,,
C0537,CARD_A,신한카드 Mr.Life,2025-12,0,0,0,300000.0,300000,0,0,0,0.0,0.0,온라인쇼핑,네이버쇼핑,953800.0,A카드 공과금·편의점 10% 할인까지 30만 원 남았어요. 이번 주 온라인쇼핑은 A카드로 결제하세요.
C0537,CARD_B,KB국민카드 굿데이카드,2025-12,2443610,21,3,,0,3,2520,2520,,,,,,
C0537,CARD_C,하나카드 MOVING카드 ALLDAY모드,2025-12,52900,1,1,,0,1,260,260,,,,,,
C0537,CARD_D,삼성카드 삼성 iD SELECT ALL 카드,2025-12,43000,1,0,400000.0,357000,0,0,0,4300.0,4300.0,온라인쇼핑,네이버쇼핑,953800.0,"D카드 SELECT 7% 할인까지 35만 7,000원 남았어요. 이번 주 온라인쇼핑은 D카드로 결제하세요."
C0537,CARD_E,NH농협카드 올바른 FLEX 카드,2025-12,0,0,0,300000.0,300000,1,0,0,0.0,0.0,온라인쇼핑,네이버쇼핑,953800.0,E카드 스타벅스 50% 할인까지 30만 원 남았어요. 이번 주 온라인쇼핑은 E카드로 결제하세요.
C0538,CARD_A,신한카드 Mr.Life,2025-12,0,0,0,300000.0,300000,0,0,0,0.0,0.0,커피,스타벅스,33500.0,A카드 공과금·편의점 10% 할인까지 30만 원 남았어요. 이번 주 커피는 A카드로 결제하세요.
C0538,CARD_B,KB국민카드 굿데이카드,2025-12,24200,1,0,300000.0,275800,0,0,0,0.0,0.0,커피,스타벅스,33500.0,"B카드 통신비 10% 할인까지 27만 5,800원 남았어요. 이번 주 커피는 B카드로 결제하세요."
C0538,CARD_C,하나카드 MOVING카드 ALLDAY모드,2025-12,0,0,1,,0,1,0,0,,,,,,
C0538,CARD_D,삼성카드 삼성 iD SELECT ALL 카드,2025-12,40100,1,0,400000.0,359900,0,0,0,280.0,280.0,배달 주문,배달의민족,116500.0,"D카드 SELECT 7% 할인까지 35만 9,900원 남았어요. 이번 주 배달 주문은 D카드로 결제하세요."
C0538,CARD_E,NH농협카드 올바른 FLEX 카드,2025-12,183640,12,0,300000.0,116360,1,11250,0,11250.0,11250.0,커피,스타벅스,33500.0,"E카드 스타벅스 50% 할인까지 11만 6,400원 남았어요. 이번 주 커피는 E카드로 결제하세요."
C0539,CARD_A,신한카드 Mr.Life,2025-12,7330,1,0,300000.0,292670,0,0,0,0.0,0.0,장보기,이마트,82000.0,"A카드 공과금·편의점 10% 할인까지 29만 2,700원 남았어요. 이번 주말 장보기는 A카드로 결제하세요."
C0539,CARD_B,KB국민카드 굿데이카드,2025-12,0,0,0,300000.0,300000,0,0,0,0.0,0.0,외식,서브웨이,3600.0,B카드 통신비 10% 할인까지 30만 원 남았어요. 이번 주 외식은 B카드로 결제하세요.
C0539,CARD_C,하나카드 MOVING카드 ALLDAY모드,2025-12,0,0,1,,0,1,0,0,,,,,,
C0539,CARD_D,삼성카드 삼성 iD SELECT ALL 카드,2025-12,0,0,0,400000.0,400000,0,0,0,0.0,0.0,장보기,이마트,82000.0,D카드 SELECT 7% 할인까지 40만 원 남았어요. 이번 주말 장보기는 D카드로 결제하세요.
C0539,CARD_E,NH농협카드 올바른 FLEX 카드,2025-12,144100,5,0,300000.0,155900,0,0,0,5580.0,5580.0,온라인쇼핑,네이버쇼핑,5500.0,"E카드 스타벅스 50% 할인까지 15만 5,900원 남았어요. 이번 주 온라인쇼핑은 E카드로 결제하세요."
C0540,CARD_A,신한카드 Mr.Life,2025-12,519640,13,2,1000000.0,480360,1,5110,6640,6640.0,0.0,커피,스타벅스,27500.0,A카드 할인한도 월 5만 원까지 48만 400원 남았어요. 이번 주 커피는 A카드로 결제하세요.
C0540,CARD_B,KB국민카드 굿데이카드,2025-12,3260,1,0,300000.0,296740,0,0,0,0.0,0.0,커피,스타벅스,27500.0,"B카드 통신비 10% 할인까지 29만 6,700원 남았어요. 이번 주 커피는 B카드로 결제하세요."
C0540,CARD_C,하나카드 MOVING카드 ALLDAY모드,2025-12,1600,1,1,,0,1,10,10,,,,,,
C0540,CARD_D,삼성카드 삼성 iD SELECT ALL 카드,2025-12,66700,2,0,400000.0,333300,0,0,0,5140.0,5140.0,온라인쇼핑,올리브영온라인,36200.0,"D카드 SELECT 7% 할인까지 33만 3,300원 남았어요. 이번 주 온라인쇼핑은 D카드로 결제하세요."
C0540,CARD_E,NH농협카드 올바른 FLEX 카드,2025-12,0,0,0,300000.0,300000,0,0,0,0.0,0.0,커피,스타벅스,27500.0,E카드 스타벅스 50% 할인까지 30만 원 남았어요. 이번 주 커피는 E카드로 결제하세요.
C0541,CARD_A,신한카드 Mr.Life,2025-12,0,0,0,300000.0,300000,0,0,0,0.0,0.0,커피,메가MGC커피,14700.0,A카드 공과금·편의점 10% 할인까지 30만 원 남았어요. 이번 주 커피는 A카드로 결제하세요.
C0541,CARD_B,KB국민카드 굿데이카드,2025-12,140110,10,0,300000.0,159890,2,2500,0,980.0,980.0,커피,메가MGC커피,14700.0,"B카드 통신비 10% 할인까지 15만 9,900원 남았어요. 이번 주 커피는 B카드로 결제하세요."
C0541,CARD_C,하나카드 MOVING카드 ALLDAY모드,2025-12,25100,1,1,,0,1,130,130,,,,,,
C0541,CARD_D,삼성카드 삼성 iD SELECT ALL 카드,2025-12,8900,1,0,400000.0,391100,0,0,0,60.0,60.0,구독료,마이크로소프트 365,32600.0,"D카드 SELECT 7% 할인까지 39만 1,100원 남았어요. 이번 주 구독료는 D카드로 결제하세요."
C0541,CARD_E,NH농협카드 올바른 FLEX 카드,2025-12,7890,1,0,300000.0,292110,0,0,0,0.0,0.0,구독료,마이크로소프트 365,32600.0,"E카드 스타벅스 50% 할인까지 29만 2,100원 남았어요. 이번 주 구독료는 E카드로 결제하세요."
C0542,CARD_A,신한카드 Mr.Life,2025-12,0,0,0,300000.0,300000,0,0,0,0.0,0.0,온라인쇼핑,쿠팡,1259100.0,A카드 공과금·편의점 10% 할인까지 30만 원 남았어요. 이번 주 온라인쇼핑은 A카드로 결제하세요.
C0542,CARD_B,KB국민카드 굿데이카드,2025-12,1732150,22,3,,0,3,3120,3120,,,,,,
C0542,CARD_C,하나카드 MOVING카드 ALLDAY모드,2025-12,3690,1,1,,0,1,20,20,,,,,,
C0542,CARD_D,삼성카드 삼성 iD SELECT ALL 카드,2025-12,8840,1,0,400000.0,391160,0,0,0,680.0,680.0,온라인쇼핑,쿠팡,1259100.0,"D카드 SELECT 7% 할인까지 39만 1,200원 남았어요. 이번 주 온라인쇼핑은 D카드로 결제하세요."
C0542,CARD_E,NH농협카드 올바른 FLEX 카드,2025-12,7150,1,0,300000.0,292850,1,3580,0,3580.0,3580.0,온라인쇼핑,쿠팡,1259100.0,"E카드 스타벅스 50% 할인까지 29만 2,800원 남았어요. 이번 주 온라인쇼핑은 E카드로 결제하세요."
C0543,CARD_A,신한카드 Mr.Life,2025-12,3640,1,0,300000.0,296360,0,0,0,0.0,0.0,커피,컴포즈커피,15600.0,"A카드 공과금·편의점 10% 할인까지 29만 6,400원 남았어요. 이번 주 커피는 A카드로 결제하세요."
C0543,CARD_B,KB국민카드 굿데이카드,2025-12,0,0,0,300000.0,300000,0,0,0,0.0,0.0,커피,컴포즈커피,15600.0,B카드 통신비 10% 할인까지 30만 원 남았어요. 이번 주 커피는 B카드로 결제하세요.
C0543,CARD_C,하나카드 MOVING카드 ALLDAY모드,2025-12,0,0,1,,0,1,0,0,,,,,,
C0543,CARD_D,삼성카드 삼성 iD SELECT ALL 카드,2025-12,0,0,0,400000.0,400000,0,0,0,0.0,0.0,구독료,밀리의서재,20800.0,D카드 SELECT 7% 할인까지 40만 원 남았어요. 이번 주 구독료는 D카드로 결제하세요.
C0543,CARD_E,NH농협카드 올바른 FLEX 카드,2025-12,1598970,7,1,,0,1,0,0,,,,,,
C0544,CARD_A,신한카드 Mr.Life,2025-12,0,0,0,300000.0,300000,0,0,0,0.0,0.0,장보기,쿠팡프레시,414700.0,A카드 공과금·편의점 10% 할인까지 30만 원 남았어요. 이번 주말 장보기는 A카드로 결제하세요.
C0544,CARD_B,KB국민카드 굿데이카드,2025-12,0,0,0,300000.0,300000,0,0,0,0.0,0.0,교통비,티머니,33200.0,B카드 통신비 10% 할인까지 30만 원 남았어요. 이번 주 교통비는 B카드로 결제하세요.
C0544,CARD_C,하나카드 MOVING카드 ALLDAY모드,2025-12,726410,13,1,,0,1,7290,7290,,,,,,
C0544,CARD_D,삼성카드 삼성 iD SELECT ALL 카드,2025-12,0,0,0,400000.0,400000,0,0,0,0.0,0.0,장보기,쿠팡프레시,414700.0,D카드 SELECT 7% 할인까지 40만 원 남았어요. 이번 주말 장보기는 D카드로 결제하세요.
C0544,CARD_E,NH농협카드 올바른 FLEX 카드,2025-12,0,0,0,300000.0,300000,0,0,0,0.0,0.0,교통비,티머니,33200.0,E카드 스타벅스 50% 할인까지 30만 원 남았어요. 이번 주 교통비는 E카드로 결제하세요.
C0545,CARD_A,신한카드 Mr.Life,2025-12,663130,11,2,1000000.0,336870,3,16790,13790,16790.0,3000.0,장보기,이마트,609900.0,"A카드 할인한도 월 5만 원까지 33만 6,900원 남았어요. 이번 주말 장보기는 A카드로 결제하세요."
C0545,CARD_B,KB국민카드 굿데이카드,2025-12,0,0,0,300000.0,300000,0,0,0,0.0,0.0,외식,김밥천국,72600.0,B카드 통신비 10% 할인까지 30만 원 남았어요. 이번 주 외식은 B카드로 결제하세요.
C0545,CARD_C,하나카드 MOVING카드 ALLDAY모드,2025-12,8410,1,1,,0,1,40,40,,,,,,
C0545,CARD_D,삼성카드 삼성 iD SELECT ALL 카드,2025-12,0,0,0,400000.0,400000,0,0,0,0.0,0.0,장보기,이마트,609900.0,D카드 SELECT 7% 할인까지 40만 원 남았어요. 이번 주말 장보기는 D카드로 결제하세요.
C0545,CARD_E,NH농협카드 올바른 FLEX 카드,2025-12,110570,2,0,300000.0,189430,0,0,0,0.0,0.0,편의점,CU,5800.0,"E카드 스타벅스 50% 할인까지 18만 9,400원 남았어요. 이번 주 편의점은 E카드로 결제하세요."
C0546,CARD_A,신한카드 Mr.Life,2025-12,1458500,10,3,,0,3,12630,12630,,,,,,
C0546,CARD_B,KB국민카드 굿데이카드,2025-12,0,0,0,300000.0,300000,0,0,0,0.0,0.0,외식,스시오마카세,194000.0,B카드 통신비 10% 할인까지 30만 원 남았어요. 이번 주 외식은 B카드로 결제하세요.
C0546,CARD_C,하나카드 MOVING카드 ALLDAY모드,2025-12,0,0,1,,0,1,0,0,,,,,,
C0546,CARD_D,삼성카드 삼성 iD SELECT ALL 카드,2025-12,0,0,0,400000.0,400000,0,0,0,0.0,0.0,외식,스시오마카세,194000.0,D카드 SELECT 7% 할인까지 40만 원 남았어요. 이번 주 외식은 D카드로 결제하세요.
C0546,CARD_E,NH농협카드 올바른 FLEX 카드,2025-12,365100,2,1,,0,0,0,0,,,,,,
C0547,CARD_A,신한카드 Mr.Life,2025-12,765060,18,2,1000000.0,234940,3,12740,9740,12740.0,3000.0,커피,이디야커피,47400.0,"A카드 할인한도 월 5만 원까지 23만 4,900원 남았어요. 이번 주 커피는 A카드로 결제하세요."
C0547,CARD_B,KB국민카드 굿데이카드,2025-12,4300,1,0,300000.0,295700,0,0,0,0.0,0.0,커피,이디야커피,47400.0,"B카드 통신비 10% 할인까지 29만 5,700원 남았어요. 이번 주 커피는 B카드로 결제하세요."
C0547,CARD_C,하나카드 MOVING카드 ALLDAY모드,2025-12,5540,1,1,,0,1,30,30,,,,,,
C0547,CARD_D,삼성카드 삼성 iD SELECT ALL 카드,2025-12,13900,1,0,400000.0,386100,0,0,0,5100.0,5100.0,편의점,GS25,20300.0,"D카드 SELECT 7% 할인까지 38만 6,100원 남았어요. 이번 주 편의점은 D카드로 결제하세요."
C0547,CARD_E,NH농협카드 올바른 FLEX 카드,2025-12,88100,2,0,300000.0,211900,0,0,0,1120.0,1120.0,커피,이디야커피,47400.0,"E카드 스타벅스 50% 할인까지 21만 1,900원 남았어요. 이번 주 커피는 E카드로 결제하세요."
C0548,CARD_A,신한카드 Mr.Life,2025-12,701900,14,2,1000000.0,298100,3,17640,15750,17640.0,1890.0,장보기,쿠팡프레시,351600.0,"A카드 할인한도 월 5만 원까지 29만 8,100원 남았어요. 이번 주말 장보기는 A카드로 결제하세요."
C0548,CARD_B,KB국민카드 굿데이카드,2025-12,58000,2,0,300000.0,242000,0,0,0,0.0,0.0,외식,이자카야,49000.0,"B카드 통신비 10% 할인까지 24만 2,000원 남았어요. 이번 주 외식은 B카드로 결제하세요."
C0548,CARD_C,하나카드 MOVING카드 ALLDAY모드,2025-12,37800,1,1,,0,1,190,190,,,,,,
C0548,CARD_D,삼성카드 삼성 iD SELECT ALL 카드,2025-12,13400,1,0,400000.0,386600,0,0,0,1030.0,1030.0,장보기,쿠팡프레시,351600.0,"D카드 SELECT 7% 할인까지 38만 6,600원 남았어요. 이번 주말 장보기는 D카드로 결제하세요."
C0548,CARD_E,NH농협카드 올바른 FLEX 카드,2025-12,0,0,0,300000.0,300000,0,0,0,0.0,0.0,구독료,디즈니플러스,39800.0,E카드 스타벅스 50% 할인까지 30만 원 남았어요. 이번 주 구독료는 E카드로 결제하세요.
C0549,CARD_A,신한카드 Mr.Life,2025-12,0,0,0,300000.0,300000,0,0,0,0.0,0.0,온라인쇼핑,알리익스프레스,329900.0,A카드 공과금·편의점 10% 할인까지 30만 원 남았어요. 이번 주 온라인쇼핑은 A카드로 결제하세요.
C0549,CARD_B,KB국민카드 굿데이카드,2025-12,0,0,0,300000.0,300000,0,0,0,0.0,0.0,외식,동네식당,115600.0,B카드 통신비 10% 할인까지 30만 원 남았어요. 이번 주 외식은 B카드로 결제하세요.
C0549,CARD_C,하나카드 MOVING카드 ALLDAY모드,2025-12,0,0,1,,0,1,0,0,,,,,,
C0549,CARD_D,삼성카드 삼성 iD SELECT ALL 카드,2025-12,183210,3,0,400000.0,216790,0,0,0,1960.0,1960.0,온라인쇼핑,알리익스프레스,329900.0,"D카드 SELECT 7% 할인까지 21만 6,800원 남았어요. 이번 주 온라인쇼핑은 D카드로 결제하세요."
C0549,CARD_E,NH농협카드 올바른 FLEX 카드,2025-12,1650610,18,1,,0,1,7610,7610,,,,,,
C0550,CARD_A,신한카드 Mr.Life,2025-12,1681570,28,3,,0,2,7060,7060,,,,,,
C0550,CARD_B,KB국민카드 굿데이카드,2025-12,14100,1,0,300000.0,285900,0,0,0,0.0,0.0,외식,동네식당,106800.0,"B카드 통신비 10% 할인까지 28만 5,900원 남았어요. 이번 주 외식은 B카드로 결제하세요."
C0550,CARD_C,하나카드 MOVING카드 ALLDAY모드,2025-12,154500,1,1,,0,1,770,770,,,,,,
C0550,CARD_D,삼성카드 삼성 iD SELECT ALL 카드,2025-12,48100,2,0,400000.0,351900,0,0,0,7660.0,7660.0,외식,동네식당,106800.0,"D카드 SELECT 7% 할인까지 35만 1,900원 남았어요. 이번 주 외식은 D카드로 결제하세요."
C0550,CARD_E,NH농협카드 올바른 FLEX 카드,2025-12,0,0,0,300000.0,300000,0,0,0,0.0,0.0,구독료,디즈니플러스,52600.0,E카드 스타벅스 50% 할인까지 30만 원 남았어요. 이번 주 구독료는 E카드로 결제하세요.
C0551,CARD_A,신한카드 Mr.Life,2025-12,1193000,2,3,,0,0,0,0,,,,,,
C0551,CARD_B,KB국민카드 굿데이카드,2025-12,0,0,0,300000.0,300000,0,0,0,0.0,0.0,외식,김밥천국,200000.0,B카드 통신비 10% 할인까지 30만 원 남았어요. 이번 주 외식은 B카드로 결제하세요.
C0551,CARD_C,하나카드 MOVING카드 ALLDAY모드,2025-12,0,0,1,,0,1,0,0,,,,,,
C0551,CARD_D,삼성카드 삼성 iD SELECT ALL 카드,2025-12,827690,6,2,1200000.0,372310,3,15340,15340,15340.0,0.0,외식,김밥천국,200000.0,"D카드 SELECT 한도 월 1.5만 원까지 37만 2,300원 남았어요. 이번 주 외식은 D카드로 결제하세요."
C0551,CARD_E,NH농협카드 올바른 FLEX 카드,2025-12,0,0,0,300000.0,300000,1,0,0,0.0,0.0,구독료,티빙,21800.0,E카드 스타벅스 50% 할인까지 30만 원 남았어요. 이번 주 구독료는 E카드로 결제하세요.
C0552,CARD_A,신한카드 Mr.Life,2025-12,222260,14,0,300000.0,77740,2,6810,0,3600.0,3600.0,외식,동네식당,91100.0,"A카드 공과금·편의점 10% 할인까지 7만 7,700원 남았어요. 이번 주 외식은 A카드로 결제하세요."
C0552,CARD_B,KB국민카드 굿데이카드,2025-12,0,0,0,300000.0,300000,0,0,0,0.0,0.0,외식,동네식당,91100.0,B카드 통신비 10% 할인까지 30만 원 남았어요. 이번 주 외식은 B카드로 결제하세요.
C0552,CARD_C,하나카드 MOVING카드 ALLDAY모드,2025-12,0,0,1,,0,1,0,0,,,,,,
C0552,CARD_D,삼성카드 삼성 iD SELECT ALL 카드,2025-12,0,0,0,400000.0,400000,0,0,0,0.0,0.0,외식,동네식당,91100.0,D카드 SELECT 7% 할인까지 40만 원 남았어요. 이번 주 외식은 D카드로 결제하세요.
C0552,CARD_E,NH농협카드 올바른 FLEX 카드,2025-12,0,0,0,300000.0,300000,0,0,0,0.0,0.0,커피,스타벅스,13200.0,E카드 스타벅스 50% 할인까지 30만 원 남았어요. 이번 주 커피는 E카드로 결제하세요.
C0553,CARD_A,신한카드 Mr.Life,2025-12,577600,18,2,1000000.0,422400,3,20770,17770,20770.0,3000.0,외식,한식뷔페,101700.0,"A카드 할인한도 월 5만 원까지 42만 2,400원 남았어요. 이번 주 외식은 A카드로 결제하세요."
C0553,CARD_B,KB국민카드 굿데이카드,2025-12,0,0,0,300000.0,300000,0,0,0,0.0,0.0,외식,한식뷔페,101700.0,B카드 통신비 10% 할인까지 30만 원 남았어요. 이번 주 외식은 B카드로 결제하세요.
C0553,CARD_C,하나카드 MOVING카드 ALLDAY모드,2025-12,0,0,1,,0,1,0,0,,,,,,
C0553,CARD_D,삼성카드 삼성 iD SELECT ALL 카드,2025-12,0,0,0,400000.0,400000,0,0,0,0.0,0.0,외식,한식뷔페,101700.0,D카드 SELECT 7% 할인까지 40만 원 남았어요. 이번 주 외식은 D카드로 결제하세요.
C0553,CARD_E,NH농협카드 올바른 FLEX 카드,2025-12,29780,2,0,300000.0,270220,0,0,0,2020.0,2020.0,교통비,티머니,69400.0,E카드 스타벅스 50% 할인까지 27만 200원 남았어요. 이번 주 교통비는 E카드로 결제하세요.
C0554,CARD_A,신한카드 Mr.Life,2025-12,0,0,0,300000.0,300000,0,0,0,0.0,0.0,온라인쇼핑,올리브영온라인,409000.0,A카드 공과금·편의점 10% 할인까지 30만 원 남았어요. 이번 주 온라인쇼핑은 A카드로 결제하세요.
C0554,CARD_B,KB국민카드 굿데이카드,2025-12,433260,17,1,600000.0,166740,2,2800,0,2800.0,2800.0,커피,컴포즈커피,2000.0,"B카드 외식·커피 10% 할인까지 16만 6,700원 남았어요. 이번 주 커피는 B카드로 결제하세요."
C0554,CARD_C,하나카드 MOVING카드 ALLDAY모드,2025-12,0,0,1,,0,1,0,0,,,,,,
C0554,CARD_D,삼성카드 삼성 iD SELECT ALL 카드,2025-12,272700,1,0,400000.0,127300,0,0,0,1910.0,1910.0,온라인쇼핑,올리브영온라인,409000.0,"D카드 SELECT 7% 할인까지 12만 7,300원 남았어요. 이번 주 온라인쇼핑은 D카드로 결제하세요."
C0554,CARD_E,NH농협카드 올바른 FLEX 카드,2025-12,9470,1,0,300000.0,290530,0,0,0,0.0,0.0,온라인쇼핑,올리브영온라인,409000.0,E카드 스타벅스 50% 할인까지 29만 500원 남았어요. 이번 주 온라인쇼핑은 E카드로 결제하세요.
C0555,CARD_A,신한카드 Mr.Life,2025-12,281670,6,0,300000.0,18330,2,8660,0,6000.0,6000.0,외식,한식뷔페,32800.0,"A카드 공과금·편의점 10% 할인까지 1만 8,300원 남았어요. 이번 주 외식은 A카드로 결제하세요."
C0555,CARD_B,KB국민카드 굿데이카드,2025-12,120300,1,0,300000.0,179700,0,0,0,0.0,0.0,외식,한식뷔페,32800.0,"B카드 통신비 10% 할인까지 17만 9,700원 남았어요. 이번 주 외식은 B카드로 결제하세요."
C0555,CARD_C,하나카드 MOVING카드 ALLDAY모드,2025-12,0,0,1,,0,1,0,0,,,,,,
C0555,CARD_D,삼성카드 삼성 iD SELECT ALL 카드,2025-12,0,0,0,400000.0,400000,0,0,0,0.0,0.0,구독료,네이버플러스 멤버십,21900.0,D카드 SELECT 7% 할인까지 40만 원 남았어요. 이번 주 구독료는 D카드로 결제하세요.
C0555,CARD_E,NH농협카드 올바른 FLEX 카드,2025-12,54300,2,0,300000.0,245700,0,0,0,3400.0,3400.0,구독료,네이버플러스 멤버십,21900.0,"E카드 스타벅스 50% 할인까지 24만 5,700원 남았어요. 이번 주 구독료는 E카드로 결제하세요."
C0556,CARD_A,신한카드 Mr.Life,2025-12,241000,2,0,300000.0,59000,0,0,0,0.0,0.0,병원·약국,건강기능식품,116500.0,"A카드 공과금·편의점 10% 할인까지 5만 9,000원 남았어요. 이번 주 병원·약국은 A카드로 결제하세요."
C0556,CARD_B,KB국민카드 굿데이카드,2025-12,0,0,0,300000.0,300000,0,0,0,0.0,0.0,외식,서브웨이,11700.0,B카드 통신비 10% 할인까지 30만 원 남았어요. 이번 주 외식은 B카드로 결제하세요.
C0556,CARD_C,하나카드 MOVING카드 ALLDAY모드,2025-12,813790,15,1,,0,1,8340,8340,,,,,,
C0556,CARD_D,삼성카드 삼성 iD SELECT ALL 카드,2025-12,0,0,0,400000.0,400000,0,0,0,0.0,0.0,병원·약국,건강기능식품,116500.0,D카드 SELECT 7% 할인까지 40만 원 남았어요. 이번 주 병원·약국은 D카드로 결제하세요.
C0556,CARD_E,NH농협카드 올바른 FLEX 카드,2025-12,150100,2,0,300000.0,149900,0,0,0,0.0,0.0,온라인쇼핑,쿠팡,130900.0,"E카드 스타벅스 50% 할인까지 14만 9,900원 남았어요. 이번 주 온라인쇼핑은 E카드로 결제하세요."
C0557,CARD_A,신한카드 Mr.Life,2025-12,0,0,0,300000.0,300000,0,0,0,0.0,0.0,주유,SK에너지,194400.0,A카드 공과금·편의점 10% 할인까지 30만 원 남았어요. 이번 주말 주유는 A카드로 결제하세요.
C0557,CARD_B,KB국민카드 굿데이카드,2025-12,53100,1,0,300000.0,246900,0,0,0,0.0,0.0,주유,SK에너지,194400.0,"B카드 통신비 10% 할인까지 24만 6,900원 남았어요. 이번 주말 주유는 B카드로 결제하세요."
C0557,CARD_C,하나카드 MOVING카드 ALLDAY모드,2025-12,0,0,1,,0,1,0,0,,,,,,
C0557,CARD_D,삼성카드 삼성 iD SELECT ALL 카드,2025-12,487390,13,1,800000.0,312610,2,20000,14000,20000.0,6000.0,주유,SK에너지,194400.0,"D카드 SELECT 한도 월 1만 원까지 31만 2,600원 남았어요. 이번 주말 주유는 D카드로 결제하세요."
C0557,CARD_E,NH농협카드 올바른 FLEX 카드,2025-12,0,0,0,300000.0,300000,0,0,0,0.0,0.0,교통비,주차장,14300.0,E카드 스타벅스 50% 할인까지 30만 원 남았어요. 이번 주 교통비는 E카드로 결제하세요.
C0558,CARD_A,신한카드 Mr.Life,2025-12,32100,1,0,300000.0,267900,0,0,0,0.0,0.0,온라인쇼핑,쿠팡,180500.0,"A카드 공과금·편의점 10% 할인까지 26만 7,900원 남았어요. 이번 주 온라인쇼핑은 A카드로 결제하세요."
C0558,CARD_B,KB국민카드 굿데이카드,2025-12,24800,1,0,300000.0,275200,0,0,0,0.0,0.0,편의점,CU,5700.0,"B카드 통신비 10% 할인까지 27만 5,200원 남았어요. 이번 주 편의점은 B카드로 결제하세요."
C0558,CARD_C,하나카드 MOVING카드 ALLDAY모드,2025-12,593820,9,1,,0,1,6170,6170,,,,,,
C0558,CARD_D,삼성카드 삼성 iD SELECT ALL 카드,2025-12,0,0,0,400000.0,400000,0,0,0,0.0,0.0,구독료,티빙,55200.0,D카드 SELECT 7% 할인까지 40만 원 남았어요. 이번 주 구독료는 D카드로 결제하세요.
C0558,CARD_E,NH농협카드 올바른 FLEX 카드,2025-12,0,0,0,300000.0,300000,0,0,0,0.0,0.0,구독료,티빙,55200.0,E카드 스타벅스 50% 할인까지 30만 원 남았어요. 이번 주 구독료는 E카드로 결제하세요.
C0559,CARD_A,신한카드 Mr.Life,2025-12,43600,1,0,300000.0,256400,0,0,0,0.0,0.0,온라인쇼핑,알리익스프레스,206100.0,"A카드 공과금·편의점 10% 할인까지 25만 6,400원 남았어요. 이번 주 온라인쇼핑은 A카드로 결제하세요."
C0559,CARD_B,KB국민카드 굿데이카드,2025-12,1446270,18,3,,0,2,8960,8960,,,,,,
C0559,CARD_C,하나카드 MOVING카드 ALLDAY모드,2025-12,0,0,1,,0,1,0,0,,,,,,
C0559,CARD_D,삼성카드 삼성 iD SELECT ALL 카드,2025-12,37740,3,0,400000.0,362260,0,0,0,1170.0,1170.0,온라인쇼핑,알리익스프레스,206100.0,"D카드 SELECT 7% 할인까지 36만 2,300원 남았어요. 이번 주 온라인쇼핑은 D카드로 결제하세요."
C0559,CARD_E,NH농협카드 올바른 FLEX 카드,2025-12,0,0,0,300000.0,300000,0,0,0,0.0,0.0,온라인쇼핑,알리익스프레스,206100.0,E카드 스타벅스 50% 할인까지 30만 원 남았어요. 이번 주 온라인쇼핑은 E카드로 결제하세요.
C0560,CARD_A,신한카드 Mr.Life,2025-12,0,0,0,300000.0,300000,0,0,0,0.0,0.0,커피,메가MGC커피,13000.0,A카드 공과금·편의점 10% 할인까지 30만 원 남았어요. 이번 주 커피는 A카드로 결제하세요.
C0560,CARD_B,KB국민카드 굿데이카드,2025-12,851550,18,2,1200000.0,348450,2,3370,3370,3370.0,0.0,커피,메가MGC커피,13000.0,"B카드 학원비 10% 할인까지 34만 8,400원 남았어요. 이번 주 커피는 B카드로 결제하세요."
C0560,CARD_C,하나카드 MOVING카드 ALLDAY모드,2025-12,46500,1,1,,0,1,230,230,,,,,,
C0560,CARD_D,삼성카드 삼성 iD SELECT ALL 카드,2025-12,0,0,0,400000.0,400000,0,0,0,0.0,0.0,온라인쇼핑,쿠팡,115400.0,D카드 SELECT 7% 할인까지 40만 원 남았어요. 이번 주 온라인쇼핑은 D카드로 결제하세요.
C0560,CARD_E,NH농협카드 올바른 FLEX 카드,2025-12,17900,1,0,300000.0,282100,0,0,0,900.0,900.0,커피,메가MGC커피,13000.0,"E카드 스타벅스 50% 할인까지 28만 2,100원 남았어요. 이번 주 커피는 E카드로 결제하세요."
C0561,CARD_A,신한카드 Mr.Life,2025-12,0,0,0,300000.0,300000,0,0,0,0.0,0.0,온라인쇼핑,알리익스프레스,103700.0,A카드 공과금·편의점 10% 할인까지 30만 원 남았어요. 이번 주 온라인쇼핑은 A카드로 결제하세요.
C0561,CARD_B,KB국민카드 굿데이카드,2025-12,0,0,0,300000.0,300000,0,0,0,0.0,0.0,주유,SK에너지,184800.0,B카드 통신비 10% 할인까지 30만 원 남았어요. 이번 주말 주유는 B카드로 결제하세요.
C0561,CARD_C,하나카드 MOVING카드 ALLDAY모드,2025-12,0,0,1,,0,1,0,0,,,,,,
C0561,CARD_D,삼성카드 삼성 iD SELECT ALL 카드,2025-12,0,0,0,400000.0,400000,0,0,0,0.0,0.0,온라인쇼핑,알리익스프레스,103700.0,D카드 SELECT 7% 할인까지 40만 원 남았어요. 이번 주 온라인쇼핑은 D카드로 결제하세요.
C0561,CARD_E,NH농협카드 올바른 FLEX 카드,2025-12,650320,17,1,,0,1,7950,7950,,,,,,
C0562,CARD_A,신한카드 Mr.Life,2025-12,23600,1,0,300000.0,276400,0,0,0,0.0,0.0,장보기,롯데마트,376100.0,"A카드 공과금·편의점 10% 할인까지 27만 6,400원 남았어요. 이번 주말 장보기는 A카드로 결제하세요."
C0562,CARD_B,KB국민카드 굿데이카드,2025-12,0,0,0,300000.0,300000,0,0,0,0.0,0.0,교통비,티머니,35100.0,B카드 통신비 10% 할인까지 30만 원 남았어요. 이번 주 교통비는 B카드로 결제하세요.
C0562,CARD_C,하나카드 MOVING카드 ALLDAY모드,2025-12,425730,13,1,,0,1,4260,4260,,,,,,
C0562,CARD_D,삼성카드 삼성 iD SELECT ALL 카드,2025-12,26400,1,0,400000.0,373600,0,0,0,2030.0,2030.0,장보기,롯데마트,376100.0,"D카드 SELECT 7% 할인까지 37만 3,600원 남았어요. 이번 주말 장보기는 D카드로 결제하세요."
C0562,CARD_E,NH농협카드 올바른 FLEX 카드,2025-12,25100,1,0,300000.0,274900,0,0,0,0.0,0.0,교통비,티머니,35100.0,"E카드 스타벅스 50% 할인까지 27만 4,900원 남았어요. 이번 주 교통비는 E카드로 결제하세요."
C0563,CARD_A,신한카드 Mr.Life,2025-12,2200,1,0,300000.0,297800,0,0,0,220.0,220.0,편의점,GS25,26300.0,"A카드 공과금·편의점 10% 할인까지 29만 7,800원 남았어요. 이번 주 편의점은 A카드로 결제하세요."
C0563,CARD_B,KB국민카드 굿데이카드,2025-12,7600,2,0,300000.0,292400,0,0,0,500.0,500.0,교통비,티머니,74900.0,"B카드 통신비 10% 할인까지 29만 2,400원 남았어요. 이번 주 교통비는 B카드로 결제하세요."
C0563,CARD_C,하나카드 MOVING카드 ALLDAY모드,2025-12,0,0,1,,0,1,0,0,,,,,,
C0563,CARD_D,삼성카드 삼성 iD SELECT ALL 카드,2025-12,2980,1,0,400000.0,397020,0,0,0,20.0,20.0,편의점,GS25,26300.0,"D카드 SELECT 7% 할인까지 39만 7,000원 남았어요. 이번 주 편의점은 D카드로 결제하세요."
C0563,CARD_E,NH농협카드 올바른 FLEX 카드,2025-12,419170,21,1,,0,1,22780,22780,,,,,,
C0564,CARD_A,신한카드 Mr.Life,2025-12,3290,1,0,300000.0,296710,0,0,0,0.0,0.0,장보기,홈플러스,215200.0,"A카드 공과금·편의점 10% 할인까지 29만 6,700원 남았어요. 이번 주말 장보기는 A카드로 결제하세요."
C0564,CARD_B,KB국민카드 굿데이카드,2025-12,0,0,0,300000.0,300000,0,0,0,0.0,0.0,외식,동네식당,40000.0,B카드 통신비 10% 할인까지 30만 원 남았어요. 이번 주 외식은 B카드로 결제하세요.
C0564,CARD_C,하나카드 MOVING카드 ALLDAY모드,2025-12,611090,13,1,,0,1,3060,3060,,,,,,
C0564,CARD_D,삼성카드 삼성 iD SELECT ALL 카드,2025-12,6860,1,0,400000.0,393140,0,0,0,530.0,530.0,장보기,홈플러스,215200.0,"D카드 SELECT 7% 할인까지 39만 3,100원 남았어요. 이번 주말 장보기는 D카드로 결제하세요."
C0564,CARD_E,NH농협카드 올바른 FLEX 카드,2025-12,40000,1,0,300000.0,260000,0,0,0,0.0,0.0,커피,이디야커피,6100.0,E카드 스타벅스 50% 할인까지 26만 원 남았어요. 이번 주 커피는 E카드로 결제하세요.
C0565,CARD_A,신한카드 Mr.Life,2025-12,7830,1,0,300000.0,292170,0,0,0,0.0,0.0,커피,스타벅스,7700.0,"A카드 공과금·편의점 10% 할인까지 29만 2,200원 남았어요. 이번 주 커피는 A카드로 결제하세요."
C0565,CARD_B,KB국민카드 굿데이카드,2025-12,117570,7,0,300000.0,182430,0,0,0,4850.0,4850.0,커피,스타벅스,7700.0,"B카드 통신비 10% 할인까지 18만 2,400원 남았어요. 이번 주 커피는 B카드로 결제하세요."
C0565,CARD_C,하나카드 MOVING카드 ALLDAY모드,2025-12,0,0,1,,0,1,0,0,,,,,,
C0565,CARD_D,삼성카드 삼성 iD SELECT ALL 카드,2025-12,3970,1,0,400000.0,396030,0,0,0,310.0,310.0,외식,동네식당,25300.0,"D카드 SELECT 7% 할인까지 39만 6,000원 남았어요. 이번 주 외식은 D카드로 결제하세요."
C0565,CARD_E,NH농협카드 올바른 FLEX 카드,2025-12,0,0,0,300000.0,300000,0,0,0,0.0,0.0,커피,스타벅스,7700.0,E카드 스타벅스 50% 할인까지 30만 원 남았어요. 이번 주 커피는 E카드로 결제하세요.
C0566,CARD_A,신한카드 Mr.Life,2025-12,1180190,11,3,,0,3,28430,28430,,,,,,
C0566,CARD_B,KB국민카드 굿데이카드,2025-12,104400,1,0,300000.0,195600,0,0,0,0.0,0.0,커피,스타벅스,14500.0,"B카드 통신비 10% 할인까지 19만 5,600원 남았어요. 이번 주 커피는 B카드로 결제하세요."
C0566,CARD_C,하나카드 MOVING카드 ALLDAY모드,2025-12,8750,1,1,,0,1,40,40,,,,,,
C0566,CARD_D,삼성카드 삼성 iD SELECT ALL 카드,2025-12,184900,2,0,400000.0,215100,0,0,0,8290.0,8290.0,편의점,GS25,13800.0,"D카드 SELECT 7% 할인까지 21만 5,100원 남았어요. 이번 주 편의점은 D카드로 결제하세요."
C0566,CARD_E,NH농협카드 올바른 FLEX 카드,2025-12,0,0,0,300000.0,300000,0,0,0,0.0,0.0,커피,스타벅스,14500.0,E카드 스타벅스 50% 할인까지 30만 원 남았어요. 이번 주 커피는 E카드로 결제하세요.
C0567,CARD_A,신한카드 Mr.Life,2025-12,138300,2,0,300000.0,161700,0,0,0,0.0,0.0,온라인쇼핑,네이버쇼핑,738800.0,"A카드 공과금·편의점 10% 할인까지 16만 1,700원 남았어요. 이번 주 온라인쇼핑은 A카드로 결제하세요."
C0567,CARD_B,KB국민카드 굿데이카드,2025-12,0,0,0,300000.0,300000,0,0,0,0.0,0.0,외식,동네식당,130300.0,B카드 통신비 10% 할인까지 30만 원 남았어요. 이번 주 외식은 B카드로 결제하세요.
C0567,CARD_C,하나카드 MOVING카드 ALLDAY모드,2025-12,60100,2,1,,0,1,300,300,,,,,,
C0567,CARD_D,삼성카드 삼성 iD SELECT ALL 카드,2025-12,9260,1,0,400000.0,390740,0,0,0,710.0,710.0,온라인쇼핑,네이버쇼핑,738800.0,D카드 SELECT 7% 할인까지 39만 700원 남았어요. 이번 주 온라인쇼핑은 D카드로 결제하세요.
C0567,CARD_E,NH농협카드 올바른 FLEX 카드,2025-12,523400,9,1,,0,1,8820,8820,,,,,,
C0568,CARD_A,신한카드 Mr.Life,2025-12,603540,18,2,1000000.0,396460,3,9510,9510,9510.0,0.0,커피,스타벅스,24100.0,"A카드 할인한도 월 5만 원까지 39만 6,500원 남았어요. 이번 주 커피는 A카드로 결제하세요."
C0568,CARD_B,KB국민카드 굿데이카드,2025-12,0,0,0,300000.0,300000,0,0,0,0.0,0.0,커피,스타벅스,24100.0,B카드 통신비 10% 할인까지 30만 원 남았어요. 이번 주 커피는 B카드로 결제하세요.
C0568,CARD_C,하나카드 MOVING카드 ALLDAY모드,2025-12,9340,1,1,,0,1,50,50,,,,,,
C0568,CARD_D,삼성카드 삼성 iD SELECT ALL 카드,2025-12,52100,1,0,400000.0,347900,0,0,0,360.0,360.0,온라인쇼핑,쿠팡,178700.0,"D카드 SELECT 7% 할인까지 34만 7,900원 남았어요. 이번 주 온라인쇼핑은 D카드로 결제하세요."
C0568,CARD_E,NH농협카드 올바른 FLEX 카드,2025-12,0,0,0,300000.0,300000,0,0,0,0.0,0.0,커피,스타벅스,24100.0,E카드 스타벅스 50% 할인까지 30만 원 남았어요. 이번 주 커피는 E카드로 결제하세요.
C0569,CARD_A,신한카드 Mr.Life,2025-12,10900,1,0,300000.0,289100,0,0,0,0.0,0.0,장보기,홈플러스,470400.0,"A카드 공과금·편의점 10% 할인까지 28만 9,100원 남았어요. 이번 주말 장보기는 A카드로 결제하세요."
C0569,CARD_B,KB국민카드 굿데이카드,2025-12,171800,2,0,300000.0,128200,0,0,0,0.0,0.0,교통비,티머니,50400.0,"B카드 통신비 10% 할인까지 12만 8,200원 남았어요. 이번 주 교통비는 B카드로 결제하세요."
C0569,CARD_C,하나카드 MOVING카드 ALLDAY모드,2025-12,413470,10,1,,0,1,4900,4900,,,,,,
C0569,CARD_D,삼성카드 삼성 iD SELECT ALL 카드,2025-12,10000,1,0,400000.0,390000,0,0,0,70.0,70.0,장보기,홈플러스,470400.0,D카드 SELECT 7% 할인까지 39만 원 남았어요. 이번 주말 장보기는 D카드로 결제하세요.
C0569,CARD_E,NH농협카드 올바른 FLEX 카드,2025-12,83900,2,0,300000.0,216100,1,2180,0,2180.0,2180.0,교통비,티머니,50400.0,"E카드 스타벅스 50% 할인까지 21만 6,100원 남았어요. 이번 주 교통비는 E카드로 결제하세요."
C0570,CARD_A,신한카드 Mr.Life,2025-12,0,0,0,300000.0,300000,0,0,0,0.0,0.0,장보기,이마트,223400.0,A카드 공과금·편의점 10% 할인까지 30만 원 남았어요. 이번 주말 장보기는 A카드로 결제하세요.
C0570,CARD_B,KB국민카드 굿데이카드,2025-12,4560,1,0,300000.0,295440,0,0,0,0.0,0.0,편의점,GS25,13100.0,"B카드 통신비 10% 할인까지 29만 5,400원 남았어요. 이번 주 편의점은 B카드로 결제하세요."
C0570,CARD_C,하나카드 MOVING카드 ALLDAY모드,2025-12,524700,10,1,,0,1,5400,5400,,,,,,
C0570,CARD_D,삼성카드 삼성 iD SELECT ALL 카드,2025-12,0,0,0,400000.0,400000,0,0,0,0.0,0.0,장보기,이마트,223400.0,D카드 SELECT 7% 할인까지 40만 원 남았어요. 이번 주말 장보기는 D카드로 결제하세요.
C0570,CARD_E,NH농협카드 올바른 FLEX 카드,2025-12,236900,3,0,300000.0,63100,0,0,0,0.0,0.0,편의점,GS25,13100.0,"E카드 스타벅스 50% 할인까지 6만 3,100원 남았어요. 이번 주 편의점은 E카드로 결제하세요."
C0571,CARD_A,신한카드 Mr.Life,2025-12,470230,11,1,500000.0,29770,3,13700,6700,10700.0,4000.0,주유,현대오일뱅크,234700.0,"A카드 할인한도 월 3.4만 원까지 2만 9,800원 남았어요. 이번 주말 주유는 A카드로 결제하세요."
C0571,CARD_B,KB국민카드 굿데이카드,2025-12,0,0,0,300000.0,300000,0,0,0,0.0,0.0,교통비,주차장,33800.0,B카드 통신비 10% 할인까지 30만 원 남았어요. 이번 주 교통비는 B카드로 결제하세요.
C0571,CARD_C,하나카드 MOVING카드 ALLDAY모드,2025-12,63100,1,1,,0,1,320,320,,,,,,
C0571,CARD_D,삼성카드 삼성 iD SELECT ALL 카드,2025-12,0,0,0,400000.0,400000,0,0,0,0.0,0.0,주유,현대오일뱅크,234700.0,D카드 SELECT 7% 할인까지 40만 원 남았어요. 이번 주말 주유는 D카드로 결제하세요.
C0571,CARD_E,NH농협카드 올바른 FLEX 카드,2025-12,0,0,0,300000.0,300000,0,0,0,0.0,0.0,교통비,주차장,33800.0,E카드 스타벅스 50% 할인까지 30만 원 남았어요. 이번 주 교통비는 E카드로 결제하세요.
C0572,CARD_A,신한카드 Mr.Life,2025-12,16100,1,0,300000.0,283900,0,0,0,1610.0,1610.0,외식,동네식당,62200.0,"A카드 공과금·편의점 10% 할인까지 28만 3,900원 남았어요. 이번 주 외식은 A카드로 결제하세요."
C0572,CARD_B,KB국민카드 굿데이카드,2025-12,1594790,9,3,,0,2,2660,32660,,,,,,
C0572,CARD_C,하나카드 MOVING카드 ALLDAY모드,2025-12,0,0,1,,0,1,0,0,,,,,,
C0572,CARD_D,삼성카드 삼성 iD SELECT ALL 카드,2025-12,0,0,0,400000.0,400000,0,0,0,0.0,0.0,외식,동네식당,62200.0,D카드 SELECT 7% 할인까지 40만 원 남았어요. 이번 주 외식은 D카드로 결제하세요.
C0572,CARD_E,NH농협카드 올바른 FLEX 카드,2025-12,0,0,0,300000.0,300000,1,0,0,0.0,0.0,커피,이디야커피,5900.0,E카드 스타벅스 50% 할인까지 30만 원 남았어요. 이번 주 커피는 E카드로 결제하세요.
C0573,CARD_A,신한카드 Mr.Life,2025-12,1291600,12,3,,0,3,13440,13440,,,,,,
C0573,CARD_B,KB국민카드 굿데이카드,2025-12,0,0,0,300000.0,300000,0,0,0,0.0,0.0,편의점,세븐일레븐,17000.0,B카드 통신비 10% 할인까지 30만 원 남았어요. 이번 주 편의점은 B카드로 결제하세요.
C0573,CARD_C,하나카드 MOVING카드 ALLDAY모드,2025-12,0,0,1,,0,1,0,0,,,,,,
C0573,CARD_D,삼성카드 삼성 iD SELECT ALL 카드,2025-12,0,0,0,400000.0,400000,0,0,0,0.0,0.0,장보기,홈플러스,307700.0,D카드 SELECT 7% 할인까지 40만 원 남았어요. 이번 주말 장보기는 D카드로 결제하세요.
C0573,CARD_E,NH농협카드 올바른 FLEX 카드,2025-12,0,0,0,300000.0,300000,0,0,0,0.0,0.0,온라인쇼핑,SSG닷컴,96000.0,E카드 스타벅스 50% 할인까지 30만 원 남았어요. 이번 주 온라인쇼핑은 E카드로 결제하세요.
C0574,CARD_A,신한카드 Mr.Life,2025-12,137830,2,0,300000.0,162170,0,0,0,0.0,0.0,커피,컴포즈커피,10200.0,"A카드 공과금·편의점 10% 할인까지 16만 2,200원 남았어요. 이번 주 커피는 A카드로 결제하세요."
C0574,CARD_B,KB국민카드 굿데이카드,2025-12,0,0,0,300000.0,300000,0,0,0,0.0,0.0,교통비,티머니,19100.0,B카드 통신비 10% 할인까지 30만 원 남았어요. 이번 주 교통비는 B카드로 결제하세요.
C0574,CARD_C,하나카드 MOVING카드 ALLDAY모드,2025-12,317440,9,1,,0,1,3170,3170,,,,,,
C0574,CARD_D,삼성카드 삼성 iD SELECT ALL 카드,2025-12,0,0,0,400000.0,400000,0,0,0,0.0,0.0,외식,이자카야,51000.0,D카드 SELECT 7% 할인까지 40만 원 남았어요. 이번 주 외식은 D카드로 결제하세요.
C0574,CARD_E,NH농협카드 올바른 FLEX 카드,2025-12,0,0,0,300000.0,300000,0,0,0,0.0,0.0,교통비,티머니,19100.0,E카드 스타벅스 50% 할인까지 30만 원 남았어요. 이번 주 교통비는 E카드로 결제하세요.
C0575,CARD_A,신한카드 Mr.Life,2025-12,0,0,0,300000.0,300000,0,0,0,0.0,0.0,외식,서브웨이,66800.0,A카드 공과금·편의점 10% 할인까지 30만 원 남았어요. 이번 주 외식은 A카드로 결제하세요.
C0575,CARD_B,KB국민카드 굿데이카드,2025-12,0,0,0,300000.0,300000,0,0,0,0.0,0.0,외식,서브웨이,66800.0,B카드 통신비 10% 할인까지 30만 원 남았어요. 이번 주 외식은 B카드로 결제하세요.
C0575,CARD_C,하나카드 MOVING카드 ALLDAY모드,2025-12,1046450,9,1,,0,1,10460,10460,,,,,,
C0575,CARD_D,삼성카드 삼성 iD SELECT ALL 카드,2025-12,0,0,0,400000.0,400000,0,0,0,0.0,0.0,외식,서브웨이,66800.0,D카드 SELECT 7% 할인까지 40만 원 남았어요. 이번 주 외식은 D카드로 결제하세요.
C0575,CARD_E,NH농협카드 올바른 FLEX 카드,2025-12,98200,2,0,300000.0,201800,0,0,0,6460.0,6460.0,편의점,GS25,21700.0,"E카드 스타벅스 50% 할인까지 20만 1,800원 남았어요. 이번 주 편의점은 E카드로 결제하세요."
C0576,CARD_A,신한카드 Mr.Life,2025-12,0,0,0,300000.0,300000,0,0,0,0.0,0.0,온라인쇼핑,쿠팡,150700.0,A카드 공과금·편의점 10% 할인까지 30만 원 남았어요. 이번 주 온라인쇼핑은 A카드로 결제하세요.
C0576,CARD_B,KB국민카드 굿데이카드,2025-12,0,0,0,300000.0,300000,0,0,0,0.0,0.0,교통비,주차장,9700.0,B카드 통신비 10% 할인까지 30만 원 남았어요. 이번 주 교통비는 B카드로 결제하세요.
C0576,CARD_C,하나카드 MOVING카드 ALLDAY모드,2025-12,1710900,17,1,,0,1,17430,17430,,,,,,
C0576,CARD_D,삼성카드 삼성 iD SELECT ALL 카드,2025-12,19200,1,0,400000.0,380800,0,0,0,1480.0,1480.0,온라인쇼핑,쿠팡,150700.0,D카드 SELECT 7% 할인까지 38만 800원 남았어요. 이번 주 온라인쇼핑은 D카드로 결제하세요.
C0576,CARD_E,NH농협카드 올바른 FLEX 카드,2025-12,0,0,0,300000.0,300000,0,0,0,0.0,0.0,온라인쇼핑,쿠팡,150700.0,E카드 스타벅스 50% 할인까지 30만 원 남았어요. 이번 주 온라인쇼핑은 E카드로 결제하세요.
C0577,CARD_A,신한카드 Mr.Life,2025-12,0,0,0,300000.0,300000,0,0,0,0.0,0.0,주유,SK에너지,158500.0,A카드 공과금·편의점 10% 할인까지 30만 원 남았어요. 이번 주말 주유는 A카드로 결제하세요.
C0577,CARD_B,KB국민카드 굿데이카드,2025-12,0,0,0,300000.0,300000,0,0,0,0.0,0.0,주유,SK에너지,158500.0,B카드 통신비 10% 할인까지 30만 원 남았어요. 이번 주말 주유는 B카드로 결제하세요.
C0577,CARD_C,하나카드 MOVING카드 ALLDAY모드,2025-12,1762680,11,1,,0,1,8960,8960,,,,,,
C0577,CARD_D,삼성카드 삼성 iD SELECT ALL 카드,2025-12,0,0,0,400000.0,400000,0,0,0,0.0,0.0,주유,SK에너지,158500.0,D카드 SELECT 7% 할인까지 40만 원 남았어요. 이번 주말 주유는 D카드로 결제하세요.
C0577,CARD_E,NH농협카드 올바른 FLEX 카드,2025-12,0,0,0,300000.0,300000,0,0,0,0.0,0.0,커피,메가MGC커피,10700.0,E카드 스타벅스 50% 할인까지 30만 원 남았어요. 이번 주 커피는 E카드로 결제하세요.
C0578,CARD_A,신한카드 Mr.Life,2025-12,554030,25,2,1000000.0,445970,0,0,3850,3850.0,0.0,외식,한식뷔페,75300.0,"A카드 할인한도 월 5만 원까지 44만 6,000원 남았어요. 이번 주 외식은 A카드로 결제하세요."
C0578,CARD_B,KB국민카드 굿데이카드,2025-12,15200,1,0,300000.0,284800,0,0,0,0.0,0.0,교통비,카카오T,56700.0,"B카드 통신비 10% 할인까지 28만 4,800원 남았어요. 이번 주 교통비는 B카드로 결제하세요."
C0578,CARD_C,하나카드 MOVING카드 ALLDAY모드,2025-12,0,0,1,,0,1,0,0,,,,,,
C0578,CARD_D,삼성카드 삼성 iD SELECT ALL 카드,2025-12,0,0,0,400000.0,400000,0,0,0,0.0,0.0,외식,한식뷔페,75300.0,D카드 SELECT 7% 할인까지 40만 원 남았어요. 이번 주 외식은 D카드로 결제하세요.
C0578,CARD_E,NH농협카드 올바른 FLEX 카드,2025-12,6530,1,0,300000.0,293470,0,0,0,0.0,0.0,교통비,카카오T,56700.0,"E카드 스타벅스 50% 할인까지 29만 3,500원 남았어요. 이번 주 교통비는 E카드로 결제하세요."
C0579,CARD_A,신한카드 Mr.Life,2025-12,2841840,27,3,,0,3,41230,41230,,,,,,
C0579,CARD_B,KB국민카드 굿데이카드,2025-12,0,0,0,300000.0,300000,0,0,0,0.0,0.0,외식,동네식당,89800.0,B카드 통신비 10% 할인까지 30만 원 남았어요. 이번 주 외식은 B카드로 결제하세요.
C0579,CARD_C,하나카드 MOVING카드 ALLDAY모드,2025-12,33300,1,1,,0,1,170,170,,,,,,
C0579,CARD_D,삼성카드 삼성 iD SELECT ALL 카드,2025-12,34500,1,0,400000.0,365500,1,2660,0,2660.0,2660.0,온라인쇼핑,쿠팡,2322000.0,"D카드 SELECT 7% 할인까지 36만 5,500원 남았어요. 이번 주 온라인쇼핑은 D카드로 결제하세요."
C0579,CARD_E,NH농협카드 올바른 FLEX 카드,2025-12,0,0,0,300000.0,300000,1,0,0,0.0,0.0,온라인쇼핑,쿠팡,2322000.0,E카드 스타벅스 50% 할인까지 30만 원 남았어요. 이번 주 온라인쇼핑은 E카드로 결제하세요.
C0580,CARD_A,신한카드 Mr.Life,2025-12,26800,1,0,300000.0,273200,0,0,0,0.0,0.0,온라인쇼핑,쿠팡,130600.0,"A카드 공과금·편의점 10% 할인까지 27만 3,200원 남았어요. 이번 주 온라인쇼핑은 A카드로 결제하세요."
C0580,CARD_B,KB국민카드 굿데이카드,2025-12,2110,1,0,300000.0,297890,0,0,0,210.0,210.0,외식,동네식당,27400.0,"B카드 통신비 10% 할인까지 29만 7,900원 남았어요. 이번 주 외식은 B카드로 결제하세요."
C0580,CARD_C,하나카드 MOVING카드 ALLDAY모드,2025-12,30700,1,1,,0,1,150,150,,,,,,
C0580,CARD_D,삼성카드 삼성 iD SELECT ALL 카드,2025-12,76700,1,0,400000.0,323300,0,0,0,5910.0,5910.0,온라인쇼핑,쿠팡,130600.0,"D카드 SELECT 7% 할인까지 32만 3,300원 남았어요. 이번 주 온라인쇼핑은 D카드로 결제하세요."
C0580,CARD_E,NH농협카드 올바른 FLEX 카드,2025-12,304760,9,1,,0,1,3510,3510,,,,,,
C0581,CARD_A,신한카드 Mr.Life,2025-12,51800,1,0,300000.0,248200,0,0,0,3000.0,3000.0,커피,스타벅스,52800.0,"A카드 공과금·편의점 10% 할인까지 24만 8,200원 남았어요. 이번 주 커피는 A카드로 결제하세요."
C0581,CARD_B,KB국민카드 굿데이카드,2025-12,763810,25,2,1200000.0,436190,2,6930,6930,6930.0,0.0,커피,스타벅스,52800.0,"B카드 학원비 10% 할인까지 43만 6,200원 남았어요. 이번 주 커피는 B카드로 결제하세요."
C0581,CARD_C,하나카드 MOVING카드 ALLDAY모드,2025-12,33310,2,1,,0,1,170,170,,,,,,
C0581,CARD_D,삼성카드 삼성 iD SELECT ALL 카드,2025-12,3760,1,0,400000.0,396240,0,0,0,30.0,30.0,배달 주문,쿠팡이츠,183800.0,"D카드 SELECT 7% 할인까지 39만 6,200원 남았어요. 이번 주 배달 주문은 D카드로 결제하세요."
C0581,CARD_E,NH농협카드 올바른 FLEX 카드,2025-12,22700,1,0,300000.0,277300,0,0,0,2270.0,2270.0,커피,스타벅스,52800.0,"E카드 스타벅스 50% 할인까지 27만 7,300원 남았어요. 이번 주 커피는 E카드로 결제하세요."
C0582,CARD_A,신한카드 Mr.Life,2025-12,62500,1,0,300000.0,237500,0,0,0,6250.0,6250.0,온라인쇼핑,네이버쇼핑,61100.0,"A카드 공과금·편의점 10% 할인까지 23만 7,500원 남았어요. 이번 주 온라인쇼핑은 A카드로 결제하세요."
C0582,CARD_B,KB국민카드 굿데이카드,2025-12,49100,1,0,300000.0,250900,0,0,0,0.0,0.0,편의점,GS25,6000.0,B카드 통신비 10% 할인까지 25만 900원 남았어요. 이번 주 편의점은 B카드로 결제하세요.
C0582,CARD_C,하나카드 MOVING카드 ALLDAY모드,2025-12,0,0,1,,0,1,0,0,,,,,,
C0582,CARD_D,삼성카드 삼성 iD SELECT ALL 카드,2025-12,0,0,0,400000.0,400000,0,0,0,0.0,0.0,온라인쇼핑,네이버쇼핑,61100.0,D카드 SELECT 7% 할인까지 40만 원 남았어요. 이번 주 온라인쇼핑은 D카드로 결제하세요.
C0582,CARD_E,NH농협카드 올바른 FLEX 카드,2025-12,0,0,0,300000.0,300000,0,0,0,0.0,0.0,온라인쇼핑,네이버쇼핑,61100.0,E카드 스타벅스 50% 할인까지 30만 원 남았어요. 이번 주 온라인쇼핑은 E카드로 결제하세요.
C0583,CARD_A,신한카드 Mr.Life,2025-12,815740,13,2,1000000.0,184260,3,16290,13290,16290.0,3000.0,장보기,이마트,877100.0,"A카드 할인한도 월 5만 원까지 18만 4,300원 남았어요. 이번 주말 장보기는 A카드로 결제하세요."
C0583,CARD_B,KB국민카드 굿데이카드,2025-12,56530,2,0,300000.0,243470,0,0,0,220.0,220.0,외식,동네식당,129800.0,"B카드 통신비 10% 할인까지 24만 3,500원 남았어요. 이번 주 외식은 B카드로 결제하세요."
C0583,CARD_C,하나카드 MOVING카드 ALLDAY모드,2025-12,0,0,1,,0,1,0,0,,,,,,
C0583,CARD_D,삼성카드 삼성 iD SELECT ALL 카드,2025-12,50200,1,0,400000.0,349800,0,0,0,3870.0,3870.0,장보기,이마트,877100.0,"D카드 SELECT 7% 할인까지 34만 9,800원 남았어요. 이번 주말 장보기는 D카드로 결제하세요."
C0583,CARD_E,NH농협카드 올바른 FLEX 카드,2025-12,13700,1,0,300000.0,286300,1,0,0,0.0,0.0,온라인쇼핑,네이버쇼핑,63800.0,"E카드 스타벅스 50% 할인까지 28만 6,300원 남았어요. 이번 주 온라인쇼핑은 E카드로 결제하세요."
C0584,CARD_A,신한카드 Mr.Life,2025-12,578800,8,2,1000000.0,421200,3,5750,5750,5750.0,0.0,병원·약국,내과의원,98300.0,"A카드 할인한도 월 5만 원까지 42만 1,200원 남았어요. 이번 주 병원·약국은 A카드로 결제하세요."
C0584,CARD_B,KB국민카드 굿데이카드,2025-12,0,0,0,300000.0,300000,0,0,0,0.0,0.0,외식,아웃백스테이크하우스,70200.0,B카드 통신비 10% 할인까지 30만 원 남았어요. 이번 주 외식은 B카드로 결제하세요.
C0584,CARD_C,하나카드 MOVING카드 ALLDAY모드,2025-12,47100,1,1,,0,1,240,240,,,,,,
C0584,CARD_D,삼성카드 삼성 iD SELECT ALL 카드,2025-12,45900,1,0,400000.0,354100,0,0,0,320.0,320.0,병원·약국,내과의원,98300.0,"D카드 SELECT 7% 할인까지 35만 4,100원 남았어요. 이번 주 병원·약국은 D카드로 결제하세요."
C0584,CARD_E,NH농협카드 올바른 FLEX 카드,2025-12,26780,2,0,300000.0,273220,0,0,0,1220.0,1220.0,온라인쇼핑,쿠팡,170300.0,"E카드 스타벅스 50% 할인까지 27만 3,200원 남았어요. 이번 주 온라인쇼핑은 E카드로 결제하세요."
C0585,CARD_A,신한카드 Mr.Life,2025-12,338240,10,1,500000.0,161760,2,3960,3680,3960.0,280.0,장보기,이마트,242900.0,"A카드 할인한도 월 3.4만 원까지 16만 1,800원 남았어요. 이번 주말 장보기는 A카드로 결제하세요."
C0585,CARD_B,KB국민카드 굿데이카드,2025-12,0,0,0,300000.0,300000,0,0,0,0.0,0.0,커피,컴포즈커피,6900.0,B카드 통신비 10% 할인까지 30만 원 남았어요. 이번 주 커피는 B카드로 결제하세요.
C0585,CARD_C,하나카드 MOVING카드 ALLDAY모드,2025-12,125800,1,1,,0,1,630,630,,,,,,
C0585,CARD_D,삼성카드 삼성 iD SELECT ALL 카드,2025-12,0,0,0,400000.0,400000,0,0,0,0.0,0.0,장보기,이마트,242900.0,D카드 SELECT 7% 할인까지 40만 원 남았어요. 이번 주말 장보기는 D카드로 결제하세요.
C0585,CARD_E,NH농협카드 올바른 FLEX 카드,2025-12,0,0,0,300000.0,300000,0,0,0,0.0,0.0,구독료,쿠팡와우,18800.0,E카드 스타벅스 50% 할인까지 30만 원 남았어요. 이번 주 구독료는 E카드로 결제하세요.
C0586,CARD_A,신한카드 Mr.Life,2025-12,99200,1,0,300000.0,200800,0,0,0,0.0,0.0,커피,스타벅스,11800.0,A카드 공과금·편의점 10% 할인까지 20만 800원 남았어요. 이번 주 커피는 A카드로 결제하세요.
C0586,CARD_B,KB국민카드 굿데이카드,2025-12,0,0,0,300000.0,300000,0,0,0,0.0,0.0,커피,스타벅스,11800.0,B카드 통신비 10% 할인까지 30만 원 남았어요. 이번 주 커피는 B카드로 결제하세요.
C0586,CARD_C,하나카드 MOVING카드 ALLDAY모드,2025-12,5700,1,1,,0,1,30,30,,,,,,
C0586,CARD_D,삼성카드 삼성 iD SELECT ALL 카드,2025-12,1391260,23,3,,0,2,19740,24740,,,,,,
C0586,CARD_E,NH농협카드 올바른 FLEX 카드,2025-12,0,0,0,300000.0,300000,0,0,0,0.0,0.0,커피,스타벅스,11800.0,E카드 스타벅스 50% 할인까지 30만 원 남았어요. 이번 주 커피는 E카드로 결제하세요.
C0587,CARD_A,신한카드 Mr.Life,2025-12,545760,9,2,1000000.0,454240,3,7260,7260,7260.0,0.0,주유,GS칼텍스,223500.0,"A카드 할인한도 월 5만 원까지 45만 4,200원 남았어요. 이번 주말 주유는 A카드로 결제하세요."
C0587,CARD_B,KB국민카드 굿데이카드,2025-12,0,0,0,300000.0,300000,0,0,0,0.0,0.0,주유,GS칼텍스,223500.0,B카드 통신비 10% 할인까지 30만 원 남았어요. 이번 주말 주유는 B카드로 결제하세요.
C0587,CARD_C,하나카드 MOVING카드 ALLDAY모드,2025-12,0,0,1,,0,1,0,0,,,,,,
C0587,CARD_D,삼성카드 삼성 iD SELECT ALL 카드,2025-12,0,0,0,400000.0,400000,0,0,0,0.0,0.0,주유,GS칼텍스,223500.0,D카드 SELECT 7% 할인까지 40만 원 남았어요. 이번 주말 주유는 D카드로 결제하세요.
C0587,CARD_E,NH농협카드 올바른 FLEX 카드,2025-12,0,0,0,300000.0,300000,0,0,0,0.0,0.0,커피,빽다방,10500.0,E카드 스타벅스 50% 할인까지 30만 원 남았어요. 이번 주 커피는 E카드로 결제하세요.
C0588,CARD_A,신한카드 Mr.Life,2025-12,0,0,0,300000.0,300000,0,0,0,0.0,0.0,장보기,동네마트,805100.0,A카드 공과금·편의점 10% 할인까지 30만 원 남았어요. 이번 주말 장보기는 A카드로 결제하세요.
C0588,CARD_B,KB국민카드 굿데이카드,2025-12,89900,1,0,300000.0,210100,0,0,0,0.0,0.0,외식,동네식당,13900.0,B카드 통신비 10% 할인까지 21만 100원 남았어요. 이번 주 외식은 B카드로 결제하세요.
C0588,CARD_C,하나카드 MOVING카드 ALLDAY모드,2025-12,2472300,15,1,,0,1,25060,25060,,,,,,
C0588,CARD_D,삼성카드 삼성 iD SELECT ALL 카드,2025-12,47300,2,0,400000.0,352700,0,0,0,2110.0,2110.0,장보기,동네마트,805100.0,"D카드 SELECT 7% 할인까지 35만 2,700원 남았어요. 이번 주말 장보기는 D카드로 결제하세요."
C0588,CARD_E,NH농협카드 올바른 FLEX 카드,2025-12,0,0,0,300000.0,300000,0,0,0,0.0,0.0,온라인쇼핑,올리브영온라인,50300.0,E카드 스타벅스 50% 할인까지 30만 원 남았어요. 이번 주 온라인쇼핑은 E카드로 결제하세요.
C0589,CARD_A,신한카드 Mr.Life,2025-12,6090,1,0,300000.0,293910,0,0,0,610.0,610.0,온라인쇼핑,쿠팡,483400.0,"A카드 공과금·편의점 10% 할인까지 29만 3,900원 남았어요. 이번 주 온라인쇼핑은 A카드로 결제하세요."
C0589,CARD_B,KB국민카드 굿데이카드,2025-12,355670,11,1,600000.0,244330,2,4850,3000,4850.0,1850.0,외식,한식뷔페,55700.0,"B카드 외식·커피 10% 할인까지 24만 4,300원 남았어요. 이번 주 외식은 B카드로 결제하세요."
C0589,CARD_C,하나카드 MOVING카드 ALLDAY모드,2025-12,0,0,1,,0,1,0,0,,,,,,
C0589,CARD_D,삼성카드 삼성 iD SELECT ALL 카드,2025-12,29400,1,0,400000.0,370600,0,0,0,210.0,210.0,온라인쇼핑,쿠팡,483400.0,D카드 SELECT 7% 할인까지 37만 600원 남았어요. 이번 주 온라인쇼핑은 D카드로 결제하세요.
C0589,CARD_E,NH농협카드 올바른 FLEX 카드,2025-12,0,0,0,300000.0,300000,0,0,0,0.0,0.0,온라인쇼핑,쿠팡,483400.0,E카드 스타벅스 50% 할인까지 30만 원 남았어요. 이번 주 온라인쇼핑은 E카드로 결제하세요.
C0590,CARD_A,신한카드 Mr.Life,2025-12,2362070,22,3,,0,3,18070,18070,,,,,,
C0590,CARD_B,KB국민카드 굿데이카드,2025-12,20500,1,0,300000.0,279500,0,0,0,2050.0,2050.0,편의점,CU,50600.0,"B카드 통신비 10% 할인까지 27만 9,500원 남았어요. 이번 주 편의점은 B카드로 결제하세요."
C0590,CARD_C,하나카드 MOVING카드 ALLDAY모드,2025-12,109800,1,1,,0,1,550,550,,,,,,
C0590,CARD_D,삼성카드 삼성 iD SELECT ALL 카드,2025-12,192000,2,0,400000.0,208000,0,0,0,8340.0,8340.0,편의점,CU,50600.0,"D카드 SELECT 7% 할인까지 20만 8,000원 남았어요. 이번 주 편의점은 D카드로 결제하세요."
C0590,CARD_E,NH농협카드 올바른 FLEX 카드,2025-12,33400,1,0,300000.0,266600,0,0,0,2340.0,2340.0,편의점,CU,50600.0,"E카드 스타벅스 50% 할인까지 26만 6,600원 남았어요. 이번 주 편의점은 E카드로 결제하세요."
C0591,CARD_A,신한카드 Mr.Life,2025-12,0,0,0,300000.0,300000,0,0,0,0.0,0.0,온라인쇼핑,쿠팡,12200.0,A카드 공과금·편의점 10% 할인까지 30만 원 남았어요. 이번 주 온라인쇼핑은 A카드로 결제하세요.
C0591,CARD_B,KB국민카드 굿데이카드,2025-12,0,0,0,300000.0,300000,0,0,0,0.0,0.0,교통비,티머니,10200.0,B카드 통신비 10% 할인까지 30만 원 남았어요. 이번 주 교통비는 B카드로 결제하세요.
C0591,CARD_C,하나카드 MOVING카드 ALLDAY모드,2025-12,0,0,1,,0,1,0,0,,,,,,
C0591,CARD_D,삼성카드 삼성 iD SELECT ALL 카드,2025-12,105150,5,0,400000.0,294850,0,0,0,3450.0,3450.0,온라인쇼핑,쿠팡,12200.0,"D카드 SELECT 7% 할인까지 29만 4,800원 남았어요. 이번 주 온라인쇼핑은 D카드로 결제하세요."
C0591,CARD_E,NH농협카드 올바른 FLEX 카드,2025-12,0,0,0,300000.0,300000,0,0,0,0.0,0.0,교통비,티머니,10200.0,E카드 스타벅스 50% 할인까지 30만 원 남았어요. 이번 주 교통비는 E카드로 결제하세요.
C0592,CARD_A,신한카드 Mr.Life,2025-12,44300,1,0,300000.0,255700,0,0,0,0.0,0.0,커피,스타벅스,38900.0,"A카드 공과금·편의점 10% 할인까지 25만 5,700원 남았어요. 이번 주 커피는 A카드로 결제하세요."
C0592,CARD_B,KB국민카드 굿데이카드,2025-12,36200,1,0,300000.0,263800,0,0,0,0.0,0.0,커피,스타벅스,38900.0,"B카드 통신비 10% 할인까지 26만 3,800원 남았어요. 이번 주 커피는 B카드로 결제하세요."
C0592,CARD_C,하나카드 MOVING카드 ALLDAY모드,2025-12,54300,1,1,,0,1,270,270,,,,,,
C0592,CARD_D,삼성카드 삼성 iD SELECT ALL 카드,2025-12,673970,23,1,800000.0,126030,2,14720,11720,14720.0,3000.0,외식,한식뷔페,99700.0,"D카드 SELECT 한도 월 1만 원까지 12만 6,000원 남았어요. 이번 주 외식은 D카드로 결제하세요."
C0592,CARD_E,NH농협카드 올바른 FLEX 카드,2025-12,7900,2,0,300000.0,292100,0,0,0,370.0,370.0,커피,스타벅스,38900.0,"E카드 스타벅스 50% 할인까지 29만 2,100원 남았어요. 이번 주 커피는 E카드로 결제하세요."
C0593,CARD_A,신한카드 Mr.Life,2025-12,17590,2,0,300000.0,282410,0,0,0,280.0,280.0,커피,빽다방,37600.0,"A카드 공과금·편의점 10% 할인까지 28만 2,400원 남았어요. 이번 주 커피는 A카드로 결제하세요."
C0593,CARD_B,KB국민카드 굿데이카드,2025-12,13000,3,0,300000.0,287000,0,0,0,0.0,0.0,커피,빽다방,37600.0,"B카드 통신비 10% 할인까지 28만 7,000원 남았어요. 이번 주 커피는 B카드로 결제하세요."
C0593,CARD_C,하나카드 MOVING카드 ALLDAY모드,2025-12,1444170,22,1,,0,1,14560,14560,,,,,,
C0593,CARD_D,삼성카드 삼성 iD SELECT ALL 카드,2025-12,0,0,0,400000.0,400000,0,0,0,0.0,0.0,장보기,이마트,565700.0,D카드 SELECT 7% 할인까지 40만 원 남았어요. 이번 주말 장보기는 D카드로 결제하세요.
C0593,CARD_E,NH농협카드 올바른 FLEX 카드,2025-12,46100,1,0,300000.0,253900,0,0,0,3230.0,3230.0,커피,빽다방,37600.0,"E카드 스타벅스 50% 할인까지 25만 3,900원 남았어요. 이번 주 커피는 E카드로 결제하세요."
C0594,CARD_A,신한카드 Mr.Life,2025-12,443870,12,1,500000.0,56130,2,22560,13000,22560.0,9560.0,장보기,쿠팡프레시,289600.0,"A카드 할인한도 월 3.4만 원까지 5만 6,100원 남았어요. 이번 주말 장보기는 A카드로 결제하세요."
C0594,CARD_B,KB국민카드 굿데이카드,2025-12,2450,1,0,300000.0,297550,0,0,0,0.0,0.0,교통비,주차장,5300.0,"B카드 통신비 10% 할인까지 29만 7,600원 남았어요. 이번 주 교통비는 B카드로 결제하세요."
C0594,CARD_C,하나카드 MOVING카드 ALLDAY모드,2025-12,0,0,1,,0,1,0,0,,,,,,
C0594,CARD_D,삼성카드 삼성 iD SELECT ALL 카드,2025-12,0,0,0,400000.0,400000,0,0,0,0.0,0.0,장보기,쿠팡프레시,289600.0,D카드 SELECT 7% 할인까지 40만 원 남았어요. 이번 주말 장보기는 D카드로 결제하세요.
C0594,CARD_E,NH농협카드 올바른 FLEX 카드,2025-12,0,0,0,300000.0,300000,0,0,0,0.0,0.0,배달 주문,쿠팡이츠,36900.0,E카드 스타벅스 50% 할인까지 30만 원 남았어요. 이번 주 배달 주문은 E카드로 결제하세요.
C0595,CARD_A,신한카드 Mr.Life,2025-12,660600,12,2,1000000.0,339400,2,6120,6120,6120.0,0.0,외식,맘스터치,161700.0,"A카드 할인한도 월 5만 원까지 33만 9,400원 남았어요. 이번 주 외식은 A카드로 결제하세요."
C0595,CARD_B,KB국민카드 굿데이카드,2025-12,412470,3,1,600000.0,187530,0,0,0,260.0,260.0,외식,맘스터치,161700.0,"B카드 외식·커피 10% 할인까지 18만 7,500원 남았어요. 이번 주 외식은 B카드로 결제하세요."
C0595,CARD_C,하나카드 MOVING카드 ALLDAY모드,2025-12,0,0,1,,0,1,0,0,,,,,,
C0595,CARD_D,삼성카드 삼성 iD SELECT ALL 카드,2025-12,0,0,0,400000.0,400000,0,0,0,0.0,0.0,외식,맘스터치,161700.0,D카드 SELECT 7% 할인까지 40만 원 남았어요. 이번 주 외식은 D카드로 결제하세요.
C0595,CARD_E,NH농협카드 올바른 FLEX 카드,2025-12,0,0,0,300000.0,300000,1,0,0,0.0,0.0,구독료,쿠팡와우,21800.0,E카드 스타벅스 50% 할인까지 30만 원 남았어요. 이번 주 구독료는 E카드로 결제하세요.
C0596,CARD_A,신한카드 Mr.Life,2025-12,925840,13,2,1000000.0,74160,2,14340,14340,17340.0,3000.0,커피,투썸플레이스,35500.0,"A카드 할인한도 월 5만 원까지 7만 4,200원 남았어요. 이번 주 커피는 A카드로 결제하세요."
C0596,CARD_B,KB국민카드 굿데이카드,2025-12,34280,2,0,300000.0,265720,0,0,0,0.0,0.0,커피,투썸플레이스,35500.0,"B카드 통신비 10% 할인까지 26만 5,700원 남았어요. 이번 주 커피는 B카드로 결제하세요."
C0596,CARD_C,하나카드 MOVING카드 ALLDAY모드,2025-12,0,0,1,,0,1,0,0,,,,,,
C0596,CARD_D,삼성카드 삼성 iD SELECT ALL 카드,2025-12,151800,1,0,400000.0,248200,0,0,0,8060.0,8060.0,장보기,이마트,472200.0,"D카드 SELECT 7% 할인까지 24만 8,200원 남았어요. 이번 주말 장보기는 D카드로 결제하세요."
C0596,CARD_E,NH농협카드 올바른 FLEX 카드,2025-12,22600,1,0,300000.0,277400,0,0,0,0.0,0.0,커피,투썸플레이스,35500.0,"E카드 스타벅스 50% 할인까지 27만 7,400원 남았어요. 이번 주 커피는 E카드로 결제하세요."
C0597,CARD_A,신한카드 Mr.Life,2025-12,431140,12,1,500000.0,68860,0,0,3460,5330.0,1870.0,외식,서브웨이,10100.0,"A카드 할인한도 월 3.4만 원까지 6만 8,900원 남았어요. 이번 주 외식은 A카드로 결제하세요."
C0597,CARD_B,KB국민카드 굿데이카드,2025-12,34100,1,0,300000.0,265900,0,0,0,3000.0,3000.0,외식,서브웨이,10100.0,"B카드 통신비 10% 할인까지 26만 5,900원 남았어요. 이번 주 외식은 B카드로 결제하세요."
C0597,CARD_C,하나카드 MOVING카드 ALLDAY모드,2025-12,0,0,1,,0,1,0,0,,,,,,
C0597,CARD_D,삼성카드 삼성 iD SELECT ALL 카드,2025-12,0,0,0,400000.0,400000,0,0,0,0.0,0.0,구독료,네이버플러스 멤버십,24700.0,D카드 SELECT 7% 할인까지 40만 원 남았어요. 이번 주 구독료는 D카드로 결제하세요.
C0597,CARD_E,NH농협카드 올바른 FLEX 카드,2025-12,27100,1,0,300000.0,272900,0,0,0,0.0,0.0,구독료,네이버플러스 멤버십,24700.0,"E카드 스타벅스 50% 할인까지 27만 2,900원 남았어요. 이번 주 구독료는 E카드로 결제하세요."
C0598,CARD_A,신한카드 Mr.Life,2025-12,4280090,15,3,,0,3,7100,7100,,,,,,
C0598,CARD_B,KB국민카드 굿데이카드,2025-12,0,0,0,300000.0,300000,0,0,0,0.0,0.0,커피,스타벅스,29900.0,B카드 통신비 10% 할인까지 30만 원 남았어요. 이번 주 커피는 B카드로 결제하세요.
C0598,CARD_C,하나카드 MOVING카드 ALLDAY모드,2025-12,0,0,1,,0,1,0,0,,,,,,
C0598,CARD_D,삼성카드 삼성 iD SELECT ALL 카드,2025-12,0,0,0,400000.0,400000,0,0,0,0.0,0.0,편의점,GS25,48400.0,D카드 SELECT 7% 할인까지 40만 원 남았어요. 이번 주 편의점은 D카드로 결제하세요.
C0598,CARD_E,NH농협카드 올바른 FLEX 카드,2025-12,10900,1,0,300000.0,289100,1,2180,0,2180.0,2180.0,커피,스타벅스,29900.0,"E카드 스타벅스 50% 할인까지 28만 9,100원 남았어요. 이번 주 커피는 E카드로 결제하세요."
C0599,CARD_A,신한카드 Mr.Life,2025-12,904900,7,2,1000000.0,95100,2,2180,2180,2180.0,0.0,외식,동네식당,116500.0,"A카드 할인한도 월 5만 원까지 9만 5,100원 남았어요. 이번 주 외식은 A카드로 결제하세요."
C0599,CARD_B,KB국민카드 굿데이카드,2025-12,411900,1,1,600000.0,188100,0,0,0,0.0,0.0,외식,동네식당,116500.0,"B카드 외식·커피 10% 할인까지 18만 8,100원 남았어요. 이번 주 외식은 B카드로 결제하세요."
C0599,CARD_C,하나카드 MOVING카드 ALLDAY모드,2025-12,0,0,1,,0,1,0,0,,,,,,
C0599,CARD_D,삼성카드 삼성 iD SELECT ALL 카드,2025-12,0,0,0,400000.0,400000,0,0,0,0.0,0.0,외식,동네식당,116500.0,D카드 SELECT 7% 할인까지 40만 원 남았어요. 이번 주 외식은 D카드로 결제하세요.
C0599,CARD_E,NH농협카드 올바른 FLEX 카드,2025-12,219900,1,0,300000.0,80100,0,0,0,0.0,0.0,온라인쇼핑,네이버쇼핑,227300.0,E카드 스타벅스 50% 할인까지 8만 100원 남았어요. 이번 주 온라인쇼핑은 E카드로 결제하세요.
C0600,CARD_A,신한카드 Mr.Life,2025-12,0,0,0,300000.0,300000,0,0,0,0.0,0.0,장보기,동네마트,477500.0,A카드 공과금·편의점 10% 할인까지 30만 원 남았어요. 이번 주말 장보기는 A카드로 결제하세요.
C0600,CARD_B,KB국민카드 굿데이카드,2025-12,820860,14,2,1200000.0,379140,1,3000,8000,8000.0,0.0,커피,스타벅스,18300.0,"B카드 학원비 10% 할인까지 37만 9,100원 남았어요. 이번 주 커피는 B카드로 결제하세요."
C0600,CARD_C,하나카드 MOVING카드 ALLDAY모드,2025-12,114600,1,1,,0,1,570,570,,,,,,
C0600,CARD_D,삼성카드 삼성 iD SELECT ALL 카드,2025-12,41800,2,0,400000.0,358200,0,0,0,2080.0,2080.0,장보기,동네마트,477500.0,"D카드 SELECT 7% 할인까지 35만 8,200원 남았어요. 이번 주말 장보기는 D카드로 결제하세요."
C0600,CARD_E,NH농협카드 올바른 FLEX 카드,2025-12,58900,1,0,300000.0,241100,0,0,0,0.0,0.0,커피,스타벅스,18300.0,"E카드 스타벅스 50% 할인까지 24만 1,100원 남았어요. 이번 주 커피는 E카드로 결제하세요."
C0601,CARD_A,신한카드 Mr.Life,2025-12,2261760,26,3,,0,2,13500,13500,,,,,,
C0601,CARD_B,KB국민카드 굿데이카드,2025-12,52200,1,0,300000.0,247800,0,0,0,0.0,0.0,외식,동네식당,179300.0,"B카드 통신비 10% 할인까지 24만 7,800원 남았어요. 이번 주 외식은 B카드로 결제하세요."
C0601,CARD_C,하나카드 MOVING카드 ALLDAY모드,2025-12,69670,3,1,,0,1,350,350,,,,,,
C0601,CARD_D,삼성카드 삼성 iD SELECT ALL 카드,2025-12,37300,1,0,400000.0,362700,0,0,0,2870.0,2870.0,외식,동네식당,179300.0,"D카드 SELECT 7% 할인까지 36만 2,700원 남았어요. 이번 주 외식은 D카드로 결제하세요."
C0601,CARD_E,NH농협카드 올바른 FLEX 카드,2025-12,97860,3,0,300000.0,202140,0,0,0,1360.0,1360.0,편의점,세븐일레븐,23400.0,"E카드 스타벅스 50% 할인까지 20만 2,100원 남았어요. 이번 주 편의점은 E카드로 결제하세요."
C0602,CARD_A,신한카드 Mr.Life,2025-12,1070630,27,3,,0,3,4510,4510,,,,,,
C0602,CARD_B,KB국민카드 굿데이카드,2025-12,33930,4,0,300000.0,266070,0,0,0,0.0,0.0,커피,폴바셋,36500.0,"B카드 통신비 10% 할인까지 26만 6,100원 남았어요. 이번 주 커피는 B카드로 결제하세요."
C0602,CARD_C,하나카드 MOVING카드 ALLDAY모드,2025-12,13600,1,1,,0,1,70,70,,,,,,
C0602,CARD_D,삼성카드 삼성 iD SELECT ALL 카드,2025-12,99900,2,0,400000.0,300100,0,0,0,7690.0,7690.0,배달 주문,배달의민족,207800.0,D카드 SELECT 7% 할인까지 30만 100원 남았어요. 이번 주 배달 주문은 D카드로 결제하세요.
C0602,CARD_E,NH농협카드 올바른 FLEX 카드,2025-12,70400,1,0,300000.0,229600,0,0,0,0.0,0.0,배달 주문,배달의민족,207800.0,"E카드 스타벅스 50% 할인까지 22만 9,600원 남았어요. 이번 주 배달 주문은 E카드로 결제하세요."
C0603,CARD_A,신한카드 Mr.Life,2025-12,100410,8,0,300000.0,199590,1,2450,0,2450.0,2450.0,외식,동네식당,176800.0,"A카드 공과금·편의점 10% 할인까지 19만 9,600원 남았어요. 이번 주 외식은 A카드로 결제하세요."
C0603,CARD_B,KB국민카드 굿데이카드,2025-12,0,0,0,300000.0,300000,0,0,0,0.0,0.0,외식,동네식당,176800.0,B카드 통신비 10% 할인까지 30만 원 남았어요. 이번 주 외식은 B카드로 결제하세요.
C0603,CARD_C,하나카드 MOVING카드 ALLDAY모드,2025-12,62400,2,1,,0,1,310,310,,,,,,
C0603,CARD_D,삼성카드 삼성 iD SELECT ALL 카드,2025-12,0,0,0,400000.0,400000,0,0,0,0.0,0.0,외식,동네식당,176800.0,D카드 SELECT 7% 할인까지 40만 원 남았어요. 이번 주 외식은 D카드로 결제하세요.
C0603,CARD_E,NH농협카드 올바른 FLEX 카드,2025-12,15600,1,0,300000.0,284400,0,0,0,1560.0,1560.0,편의점,CU,17600.0,"E카드 스타벅스 50% 할인까지 28만 4,400원 남았어요. 이번 주 편의점은 E카드로 결제하세요."
C0604,CARD_A,신한카드 Mr.Life,2025-12,677600,24,2,1000000.0,322400,2,19920,19920,22920.0,3000.0,편의점,GS25,31900.0,"A카드 할인한도 월 5만 원까지 32만 2,400원 남았어요. 이번 주 편의점은 A카드로 결제하세요."
C0604,CARD_B,KB국민카드 굿데이카드,2025-12,22800,1,0,300000.0,277200,0,0,0,0.0,0.0,편의점,GS25,31900.0,"B카드 통신비 10% 할인까지 27만 7,200원 남았어요. 이번 주 편의점은 B카드로 결제하세요."
C0604,CARD_C,하나카드 MOVING카드 ALLDAY모드,2025-12,0,0,1,,0,1,0,0,,,,,,
C0604,CARD_D,삼성카드 삼성 iD SELECT ALL 카드,2025-12,0,0,0,400000.0,400000,0,0,0,0.0,0.0,배달 주문,배달의민족,271900.0,D카드 SELECT 7% 할인까지 40만 원 남았어요. 이번 주 배달 주문은 D카드로 결제하세요.
C0604,CARD_E,NH농협카드 올바른 FLEX 카드,2025-12,0,0,0,300000.0,300000,0,0,0,0.0,0.0,배달 주문,배달의민족,271900.0,E카드 스타벅스 50% 할인까지 30만 원 남았어요. 이번 주 배달 주문은 E카드로 결제하세요.
C0605,CARD_A,신한카드 Mr.Life,2025-12,0,0,0,300000.0,300000,0,0,0,0.0,0.0,편의점,CU,26700.0,A카드 공과금·편의점 10% 할인까지 30만 원 남았어요. 이번 주 편의점은 A카드로 결제하세요.
C0605,CARD_B,KB국민카드 굿데이카드,2025-12,16340,4,0,300000.0,283660,0,0,0,0.0,0.0,교통비,티머니,36000.0,"B카드 통신비 10% 할인까지 28만 3,700원 남았어요. 이번 주 교통비는 B카드로 결제하세요."
C0605,CARD_C,하나카드 MOVING카드 ALLDAY모드,2025-12,19940,2,1,,0,1,100,100,,,,,,
C0605,CARD_D,삼성카드 삼성 iD SELECT ALL 카드,2025-12,653490,24,1,800000.0,146510,3,24570,16570,19570.0,3000.0,편의점,CU,26700.0,"D카드 SELECT 한도 월 1만 원까지 14만 6,500원 남았어요. 이번 주 편의점은 D카드로 결제하세요."
C0605,CARD_E,NH농협카드 올바른 FLEX 카드,2025-12,1210,1,0,300000.0,298790,0,0,0,0.0,0.0,교통비,티머니,36000.0,"E카드 스타벅스 50% 할인까지 29만 8,800원 남았어요. 이번 주 교통비는 E카드로 결제하세요."
C0606,CARD_A,신한카드 Mr.Life,2025-12,377180,11,1,500000.0,122820,3,5530,3570,5530.0,1960.0,병원·약국,약국,182200.0,"A카드 할인한도 월 3.4만 원까지 12만 2,800원 남았어요. 이번 주 병원·약국은 A카드로 결제하세요."
C0606,CARD_B,KB국민카드 굿데이카드,2025-12,615800,2,2,1200000.0,584200,0,0,1440,1440.0,0.0,커피,이디야커피,3700.0,"B카드 학원비 10% 할인까지 58만 4,200원 남았어요. 이번 주 커피는 B카드로 결제하세요."
C0606,CARD_C,하나카드 MOVING카드 ALLDAY모드,2025-12,0,0,1,,0,1,0,0,,,,,,
C0606,CARD_D,삼성카드 삼성 iD SELECT ALL 카드,2025-12,3520,1,0,400000.0,396480,0,0,0,270.0,270.0,병원·약국,약국,182200.0,"D카드 SELECT 7% 할인까지 39만 6,500원 남았어요. 이번 주 병원·약국은 D카드로 결제하세요."
C0606,CARD_E,NH농협카드 올바른 FLEX 카드,2025-12,0,0,0,300000.0,300000,0,0,0,0.0,0.0,구독료,네이버플러스 멤버십,12800.0,E카드 스타벅스 50% 할인까지 30만 원 남았어요. 이번 주 구독료는 E카드로 결제하세요.
C0607,CARD_A,신한카드 Mr.Life,2025-12,770670,14,2,1000000.0,229330,2,14730,14730,17730.0,3000.0,장보기,하나로마트,325500.0,"A카드 할인한도 월 5만 원까지 22만 9,300원 남았어요. 이번 주말 장보기는 A카드로 결제하세요."
C0607,CARD_B,KB국민카드 굿데이카드,2025-12,0,0,0,300000.0,300000,0,0,0,0.0,0.0,편의점,GS25,18600.0,B카드 통신비 10% 할인까지 30만 원 남았어요. 이번 주 편의점은 B카드로 결제하세요.
C0607,CARD_C,하나카드 MOVING카드 ALLDAY모드,2025-12,265760,3,1,,0,1,1330,1330,,,,,,
C0607,CARD_D,삼성카드 삼성 iD SELECT ALL 카드,2025-12,0,0,0,400000.0,400000,2,0,0,0.0,0.0,장보기,하나로마트,325500.0,D카드 SELECT 7% 할인까지 40만 원 남았어요. 이번 주말 장보기는 D카드로 결제하세요.
C0607,CARD_E,NH농협카드 올바른 FLEX 카드,2025-12,0,0,0,300000.0,300000,0,0,0,0.0,0.0,편의점,GS25,18600.0,E카드 스타벅스 50% 할인까지 30만 원 남았어요. 이번 주 편의점은 E카드로 결제하세요.
C0608,CARD_A,신한카드 Mr.Life,2025-12,0,0,0,300000.0,300000,0,0,0,0.0,0.0,외식,동네식당,143400.0,A카드 공과금·편의점 10% 할인까지 30만 원 남았어요. 이번 주 외식은 A카드로 결제하세요.
C0608,CARD_B,KB국민카드 굿데이카드,2025-12,0,0,0,300000.0,300000,0,0,0,0.0,0.0,외식,동네식당,143400.0,B카드 통신비 10% 할인까지 30만 원 남았어요. 이번 주 외식은 B카드로 결제하세요.
C0608,CARD_C,하나카드 MOVING카드 ALLDAY모드,2025-12,0,0,1,,0,1,0,0,,,,,,
C0608,CARD_D,삼성카드 삼성 iD SELECT ALL 카드,2025-12,248800,1,0,400000.0,151200,0,0,0,1740.0,1740.0,외식,동네식당,143400.0,"D카드 SELECT 7% 할인까지 15만 1,200원 남았어요. 이번 주 외식은 D카드로 결제하세요."
C0608,CARD_E,NH농협카드 올바른 FLEX 카드,2025-12,2087550,15,1,,0,1,5210,5210,,,,,,
C0609,CARD_A,신한카드 Mr.Life,2025-12,0,0,0,300000.0,300000,0,0,0,0.0,0.0,커피,컴포즈커피,7200.0,A카드 공과금·편의점 10% 할인까지 30만 원 남았어요. 이번 주 커피는 A카드로 결제하세요.
C0609,CARD_B,KB국민카드 굿데이카드,2025-12,124200,1,0,300000.0,175800,0,0,0,0.0,0.0,커피,컴포즈커피,7200.0,"B카드 통신비 10% 할인까지 17만 5,800원 남았어요. 이번 주 커피는 B카드로 결제하세요."
C0609,CARD_C,하나카드 MOVING카드 ALLDAY모드,2025-12,0,0,1,,0,1,0,0,,,,,,
C0609,CARD_D,삼성카드 삼성 iD SELECT ALL 카드,2025-12,1364610,15,3,,0,0,0,22430,,,,,,
C0609,CARD_E,NH농협카드 올바른 FLEX 카드,2025-12,0,0,0,300000.0,300000,0,0,0,0.0,0.0,커피,컴포즈커피,7200.0,E카드 스타벅스 50% 할인까지 30만 원 남았어요. 이번 주 커피는 E카드로 결제하세요.
C0610,CARD_A,신한카드 Mr.Life,2025-12,0,0,0,300000.0,300000,0,0,0,0.0,0.0,커피,빽다방,12400.0,A카드 공과금·편의점 10% 할인까지 30만 원 남았어요. 이번 주 커피는 A카드로 결제하세요.
C0610,CARD_B,KB국민카드 굿데이카드,2025-12,381230,16,1,600000.0,218770,1,4090,4090,8390.0,4300.0,커피,빽다방,12400.0,"B카드 외식·커피 10% 할인까지 21만 8,800원 남았어요. 이번 주 커피는 B카드로 결제하세요."
C0610,CARD_C,하나카드 MOVING카드 ALLDAY모드,2025-12,139400,1,1,,0,1,700,700,,,,,,
C0610,CARD_D,삼성카드 삼성 iD SELECT ALL 카드,2025-12,0,0,0,400000.0,400000,0,0,0,0.0,0.0,구독료,밀리의서재,39900.0,D카드 SELECT 7% 할인까지 40만 원 남았어요. 이번 주 구독료는 D카드로 결제하세요.
C0610,CARD_E,NH농협카드 올바른 FLEX 카드,2025-12,0,0,0,300000.0,300000,0,0,0,0.0,0.0,커피,빽다방,12400.0,E카드 스타벅스 50% 할인까지 30만 원 남았어요. 이번 주 커피는 E카드로 결제하세요.
C0611,CARD_A,신한카드 Mr.Life,2025-12,0,0,0,300000.0,300000,0,0,0,0.0,0.0,병원·약국,약국,73500.0,A카드 공과금·편의점 10% 할인까지 30만 원 남았어요. 이번 주 병원·약국은 A카드로 결제하세요.
C0611,CARD_B,KB국민카드 굿데이카드,2025-12,1393900,9,3,,0,2,5000,5000,,,,,,
C0611,CARD_C,하나카드 MOVING카드 ALLDAY모드,2025-12,0,0,1,,0,1,0,0,,,,,,
C0611,CARD_D,삼성카드 삼성 iD SELECT ALL 카드,2025-12,83770,2,0,400000.0,316230,0,0,0,5810.0,5810.0,병원·약국,약국,73500.0,"D카드 SELECT 7% 할인까지 31만 6,200원 남았어요. 이번 주 병원·약국은 D카드로 결제하세요."
C0611,CARD_E,NH농협카드 올바른 FLEX 카드,2025-12,53800,1,0,300000.0,246200,0,0,0,3770.0,3770.0,배달 주문,배달의민족,21700.0,"E카드 스타벅스 50% 할인까지 24만 6,200원 남았어요. 이번 주 배달 주문은 E카드로 결제하세요."
C0612,CARD_A,신한카드 Mr.Life,2025-12,352000,8,1,500000.0,148000,3,5390,3390,5390.0,2000.0,외식,동네식당,58300.0,"A카드 할인한도 월 3.4만 원까지 14만 8,000원 남았어요. 이번 주 외식은 A카드로 결제하세요."
C0612,CARD_B,KB국민카드 굿데이카드,2025-12,279900,1,0,300000.0,20100,0,0,0,0.0,0.0,외식,동네식당,58300.0,B카드 통신비 10% 할인까지 2만 100원 남았어요. 이번 주 외식은 B카드로 결제하세요.
C0612,CARD_C,하나카드 MOVING카드 ALLDAY모드,2025-12,13200,1,1,,0,1,70,70,,,,,,
C0612,CARD_D,삼성카드 삼성 iD SELECT ALL 카드,2025-12,14600,1,0,400000.0,385400,0,0,0,830.0,830.0,외식,동네식당,58300.0,"D카드 SELECT 7% 할인까지 38만 5,400원 남았어요. 이번 주 외식은 D카드로 결제하세요."
C0612,CARD_E,NH농협카드 올바른 FLEX 카드,2025-12,0,0,0,300000.0,300000,0,0,0,0.0,0.0,커피,빽다방,12100.0,E카드 스타벅스 50% 할인까지 30만 원 남았어요. 이번 주 커피는 E카드로 결제하세요.
C0613,CARD_A,신한카드 Mr.Life,2025-12,1598570,15,3,,0,2,1220,1220,,,,,,
C0613,CARD_B,KB국민카드 굿데이카드,2025-12,0,0,0,300000.0,300000,0,0,0,0.0,0.0,외식,한식뷔페,50200.0,B카드 통신비 10% 할인까지 30만 원 남았어요. 이번 주 외식은 B카드로 결제하세요.
C0613,CARD_C,하나카드 MOVING카드 ALLDAY모드,2025-12,0,0,1,,0,1,0,0,,,,,,
C0613,CARD_D,삼성카드 삼성 iD SELECT ALL 카드,2025-12,135440,4,0,400000.0,264560,0,0,0,6190.0,6190.0,외식,한식뷔페,50200.0,"D카드 SELECT 7% 할인까지 26만 4,600원 남았어요. 이번 주 외식은 D카드로 결제하세요."
C0613,CARD_E,NH농협카드 올바른 FLEX 카드,2025-12,19500,1,0,300000.0,280500,0,0,0,0.0,0.0,온라인쇼핑,쿠팡,144000.0,E카드 스타벅스 50% 할인까지 28만 500원 남았어요. 이번 주 온라인쇼핑은 E카드로 결제하세요.
C0614,CARD_A,신한카드 Mr.Life,2025-12,0,0,0,300000.0,300000,0,0,0,0.0,0.0,외식,고깃집,900200.0,A카드 공과금·편의점 10% 할인까지 30만 원 남았어요. 이번 주 외식은 A카드로 결제하세요.
C0614,CARD_B,KB국민카드 굿데이카드,2025-12,590300,2,1,600000.0,9700,0,0,0,5000.0,5000.0,외식,고깃집,900200.0,"B카드 외식·커피 10% 할인까지 9,700원 남았어요. 이번 주 외식은 B카드로 결제하세요."
C0614,CARD_C,하나카드 MOVING카드 ALLDAY모드,2025-12,20800,1,1,,0,1,100,100,,,,,,
C0614,CARD_D,삼성카드 삼성 iD SELECT ALL 카드,2025-12,7732990,15,3,,0,3,74130,74130,,,,,,
C0614,CARD_E,NH농협카드 올바른 FLEX 카드,2025-12,0,0,0,300000.0,300000,0,0,0,0.0,0.0,구독료,디즈니플러스,42600.0,E카드 스타벅스 50% 할인까지 30만 원 남았어요. 이번 주 구독료는 E카드로 결제하세요.
C0615,CARD_A,신한카드 Mr.Life,2025-12,0,0,0,300000.0,300000,0,0,0,0.0,0.0,외식,김밥천국,139700.0,A카드 공과금·편의점 10% 할인까지 30만 원 남았어요. 이번 주 외식은 A카드로 결제하세요.
C0615,CARD_B,KB국민카드 굿데이카드,2025-12,0,0,0,300000.0,300000,0,0,0,0.0,0.0,외식,김밥천국,139700.0,B카드 통신비 10% 할인까지 30만 원 남았어요. 이번 주 외식은 B카드로 결제하세요.
C0615,CARD_C,하나카드 MOVING카드 ALLDAY모드,2025-12,106920,6,1,,0,1,530,530,,,,,,
C0615,CARD_D,삼성카드 삼성 iD SELECT ALL 카드,2025-12,0,0,0,400000.0,400000,0,0,0,0.0,0.0,외식,김밥천국,139700.0,D카드 SELECT 7% 할인까지 40만 원 남았어요. 이번 주 외식은 D카드로 결제하세요.
C0615,CARD_E,NH농협카드 올바른 FLEX 카드,2025-12,0,0,0,300000.0,300000,0,0,0,0.0,0.0,편의점,CU,18400.0,E카드 스타벅스 50% 할인까지 30만 원 남았어요. 이번 주 편의점은 E카드로 결제하세요.
C0616,CARD_A,신한카드 Mr.Life,2025-12,637750,19,2,1000000.0,362250,2,5970,5970,5970.0,0.0,외식,고깃집,73900.0,"A카드 할인한도 월 5만 원까지 36만 2,200원 남았어요. 이번 주 외식은 A카드로 결제하세요."
C0616,CARD_B,KB국민카드 굿데이카드,2025-12,9790,1,0,300000.0,290210,0,0,0,0.0,0.0,외식,고깃집,73900.0,B카드 통신비 10% 할인까지 29만 200원 남았어요. 이번 주 외식은 B카드로 결제하세요.
C0616,CARD_C,하나카드 MOVING카드 ALLDAY모드,2025-12,0,0,1,,0,1,0,0,,,,,,
C0616,CARD_D,삼성카드 삼성 iD SELECT ALL 카드,2025-12,0,0,0,400000.0,400000,0,0,0,0.0,0.0,구독료,디즈니플러스,75400.0,D카드 SELECT 7% 할인까지 40만 원 남았어요. 이번 주 구독료는 D카드로 결제하세요.
C0616,CARD_E,NH농협카드 올바른 FLEX 카드,2025-12,0,0,0,300000.0,300000,0,0,0,0.0,0.0,구독료,디즈니플러스,75400.0,E카드 스타벅스 50% 할인까지 30만 원 남았어요. 이번 주 구독료는 E카드로 결제하세요.
C0617,CARD_A,신한카드 Mr.Life,2025-12,1379950,19,3,,0,3,6110,6110,,,,,,
C0617,CARD_B,KB국민카드 굿데이카드,2025-12,0,0,0,300000.0,300000,0,0,0,0.0,0.0,외식,고깃집,126000.0,B카드 통신비 10% 할인까지 30만 원 남았어요. 이번 주 외식은 B카드로 결제하세요.
C0617,CARD_C,하나카드 MOVING카드 ALLDAY모드,2025-12,131600,1,1,,0,1,660,660,,,,,,
C0617,CARD_D,삼성카드 삼성 iD SELECT ALL 카드,2025-12,8150,2,0,400000.0,391850,0,0,0,540.0,540.0,장보기,롯데마트,688000.0,"D카드 SELECT 7% 할인까지 39만 1,800원 남았어요. 이번 주말 장보기는 D카드로 결제하세요."
C0617,CARD_E,NH농협카드 올바른 FLEX 카드,2025-12,0,0,0,300000.0,300000,0,0,0,0.0,0.0,온라인쇼핑,쿠팡,186700.0,E카드 스타벅스 50% 할인까지 30만 원 남았어요. 이번 주 온라인쇼핑은 E카드로 결제하세요.
C0618,CARD_A,신한카드 Mr.Life,2025-12,576830,9,2,1000000.0,423170,1,3000,7000,8150.0,1150.0,외식,동네식당,250600.0,"A카드 할인한도 월 5만 원까지 42만 3,200원 남았어요. 이번 주 외식은 A카드로 결제하세요."
C0618,CARD_B,KB국민카드 굿데이카드,2025-12,0,0,0,300000.0,300000,0,0,0,0.0,0.0,외식,동네식당,250600.0,B카드 통신비 10% 할인까지 30만 원 남았어요. 이번 주 외식은 B카드로 결제하세요.
C0618,CARD_C,하나카드 MOVING카드 ALLDAY모드,2025-12,0,0,1,,0,1,0,0,,,,,,
C0618,CARD_D,삼성카드 삼성 iD SELECT ALL 카드,2025-12,0,0,0,400000.0,400000,0,0,0,0.0,0.0,외식,동네식당,250600.0,D카드 SELECT 7% 할인까지 40만 원 남았어요. 이번 주 외식은 D카드로 결제하세요.
C0618,CARD_E,NH농협카드 올바른 FLEX 카드,2025-12,0,0,0,300000.0,300000,0,0,0,0.0,0.0,편의점,이마트24,14000.0,E카드 스타벅스 50% 할인까지 30만 원 남았어요. 이번 주 편의점은 E카드로 결제하세요.
C0619,CARD_A,신한카드 Mr.Life,2025-12,0,0,0,300000.0,300000,0,0,0,0.0,0.0,장보기,마켓컬리,362400.0,A카드 공과금·편의점 10% 할인까지 30만 원 남았어요. 이번 주말 장보기는 A카드로 결제하세요.
C0619,CARD_B,KB국민카드 굿데이카드,2025-12,640180,12,2,1200000.0,559820,2,5170,5170,5170.0,0.0,커피,스타벅스,20800.0,"B카드 학원비 10% 할인까지 55만 9,800원 남았어요. 이번 주 커피는 B카드로 결제하세요."
C0619,CARD_C,하나카드 MOVING카드 ALLDAY모드,2025-12,0,0,1,,0,1,0,0,,,,,,
C0619,CARD_D,삼성카드 삼성 iD SELECT ALL 카드,2025-12,3940,1,0,400000.0,396060,0,0,0,30.0,30.0,장보기,마켓컬리,362400.0,"D카드 SELECT 7% 할인까지 39만 6,100원 남았어요. 이번 주말 장보기는 D카드로 결제하세요."
C0619,CARD_E,NH농협카드 올바른 FLEX 카드,2025-12,0,0,0,300000.0,300000,0,0,0,0.0,0.0,커피,스타벅스,20800.0,E카드 스타벅스 50% 할인까지 30만 원 남았어요. 이번 주 커피는 E카드로 결제하세요.
C0620,CARD_A,신한카드 Mr.Life,2025-12,0,0,0,300000.0,300000,0,0,0,0.0,0.0,외식,서브웨이,61000.0,A카드 공과금·편의점 10% 할인까지 30만 원 남았어요. 이번 주 외식은 A카드로 결제하세요.
C0620,CARD_B,KB국민카드 굿데이카드,2025-12,314740,23,1,600000.0,285260,2,8300,3300,8300.0,5000.0,외식,서브웨이,61000.0,"B카드 외식·커피 10% 할인까지 28만 5,300원 남았어요. 이번 주 외식은 B카드로 결제하세요."
C0620,CARD_C,하나카드 MOVING카드 ALLDAY모드,2025-12,4590,1,1,,0,1,20,20,,,,,,
C0620,CARD_D,삼성카드 삼성 iD SELECT ALL 카드,2025-12,7710,1,0,400000.0,392290,0,0,0,50.0,50.0,외식,서브웨이,61000.0,"D카드 SELECT 7% 할인까지 39만 2,300원 남았어요. 이번 주 외식은 D카드로 결제하세요."
C0620,CARD_E,NH농협카드 올바른 FLEX 카드,2025-12,4660,1,0,300000.0,295340,0,0,0,230.0,230.0,편의점,GS25,26600.0,"E카드 스타벅스 50% 할인까지 29만 5,300원 남았어요. 이번 주 편의점은 E카드로 결제하세요."
C0621,CARD_A,신한카드 Mr.Life,2025-12,0,0,0,300000.0,300000,0,0,0,0.0,0.0,장보기,쿠팡프레시,825200.0,A카드 공과금·편의점 10% 할인까지 30만 원 남았어요. 이번 주말 장보기는 A카드로 결제하세요.
C0621,CARD_B,KB국민카드 굿데이카드,2025-12,0,0,0,300000.0,300000,0,0,0,0.0,0.0,외식,고깃집,111500.0,B카드 통신비 10% 할인까지 30만 원 남았어요. 이번 주 외식은 B카드로 결제하세요.
C0621,CARD_C,하나카드 MOVING카드 ALLDAY모드,2025-12,2271760,18,1,,0,1,22720,22720,,,,,,
C0621,CARD_D,삼성카드 삼성 iD SELECT ALL 카드,2025-12,0,0,0,400000.0,400000,0,0,0,0.0,0.0,장보기,쿠팡프레시,825200.0,D카드 SELECT 7% 할인까지 40만 원 남았어요. 이번 주말 장보기는 D카드로 결제하세요.
C0621,CARD_E,NH농협카드 올바른 FLEX 카드,2025-12,0,0,0,300000.0,300000,0,0,0,0.0,0.0,배달 주문,배달의민족,66500.0,E카드 스타벅스 50% 할인까지 30만 원 남았어요. 이번 주 배달 주문은 E카드로 결제하세요.
C0622,CARD_A,신한카드 Mr.Life,2025-12,0,0,0,300000.0,300000,0,0,0,0.0,0.0,편의점,CU,47500.0,A카드 공과금·편의점 10% 할인까지 30만 원 남았어요. 이번 주 편의점은 A카드로 결제하세요.
C0622,CARD_B,KB국민카드 굿데이카드,2025-12,274800,2,0,300000.0,25200,0,0,0,0.0,0.0,편의점,CU,47500.0,"B카드 통신비 10% 할인까지 2만 5,200원 남았어요. 이번 주 편의점은 B카드로 결제하세요."
C0622,CARD_C,하나카드 MOVING카드 ALLDAY모드,2025-12,0,0,1,,0,1,0,0,,,,,,
C0622,CARD_D,삼성카드 삼성 iD SELECT ALL 카드,2025-12,2340,1,0,400000.0,397660,0,0,0,180.0,180.0,편의점,CU,47500.0,"D카드 SELECT 7% 할인까지 39만 7,700원 남았어요. 이번 주 편의점은 D카드로 결제하세요."
C0622,CARD_E,NH농협카드 올바른 FLEX 카드,2025-12,965790,27,1,,0,1,18930,18930,,,,,,
C0623,CARD_A,신한카드 Mr.Life,2025-12,561400,13,2,1000000.0,438600,2,14830,14830,15400.0,570.0,외식,맘스터치,93500.0,"A카드 할인한도 월 5만 원까지 43만 8,600원 남았어요. 이번 주 외식은 A카드로 결제하세요."
C0623,CARD_B,KB국민카드 굿데이카드,2025-12,0,0,0,300000.0,300000,0,0,0,0.0,0.0,외식,맘스터치,93500.0,B카드 통신비 10% 할인까지 30만 원 남았어요. 이번 주 외식은 B카드로 결제하세요.
C0623,CARD_C,하나카드 MOVING카드 ALLDAY모드,2025-12,0,0,1,,0,1,0,0,,,,,,
C0623,CARD_D,삼성카드 삼성 iD SELECT ALL 카드,2025-12,100300,3,0,400000.0,299700,0,0,0,7700.0,7700.0,외식,맘스터치,93500.0,"D카드 SELECT 7% 할인까지 29만 9,700원 남았어요. 이번 주 외식은 D카드로 결제하세요."
C0623,CARD_E,NH농협카드 올바른 FLEX 카드,2025-12,77000,1,0,300000.0,223000,1,0,0,0.0,0.0,온라인쇼핑,11번가,107200.0,"E카드 스타벅스 50% 할인까지 22만 3,000원 남았어요. 이번 주 온라인쇼핑은 E카드로 결제하세요."
C0624,CARD_A,신한카드 Mr.Life,2025-12,0,0,0,300000.0,300000,0,0,0,0.0,0.0,장보기,쿠팡프레시,274300.0,A카드 공과금·편의점 10% 할인까지 30만 원 남았어요. 이번 주말 장보기는 A카드로 결제하세요.
C0624,CARD_B,KB국민카드 굿데이카드,2025-12,0,0,0,300000.0,300000,0,0,0,0.0,0.0,외식,김밥천국,56100.0,B카드 통신비 10% 할인까지 30만 원 남았어요. 이번 주 외식은 B카드로 결제하세요.
C0624,CARD_C,하나카드 MOVING카드 ALLDAY모드,2025-12,0,0,1,,0,1,0,0,,,,,,
C0624,CARD_D,삼성카드 삼성 iD SELECT ALL 카드,2025-12,56800,1,0,400000.0,343200,0,0,0,4370.0,4370.0,장보기,쿠팡프레시,274300.0,"D카드 SELECT 7% 할인까지 34만 3,200원 남았어요. 이번 주말 장보기는 D카드로 결제하세요."
C0624,CARD_E,NH농협카드 올바른 FLEX 카드,2025-12,685960,14,1,,0,1,1980,1980,,,,,,
C0625,CARD_A,신한카드 Mr.Life,2025-12,1635500,8,3,,0,3,0,0,,,,,,
C0625,CARD_B,KB국민카드 굿데이카드,2025-12,12300,1,0,300000.0,287700,0,0,0,0.0,0.0,외식,파인다이닝 레스토랑,519400.0,"B카드 통신비 10% 할인까지 28만 7,700원 남았어요. 이번 주 외식은 B카드로 결제하세요."
C0625,CARD_C,하나카드 MOVING카드 ALLDAY모드,2025-12,0,0,1,,0,1,0,0,,,,,,
C0625,CARD_D,삼성카드 삼성 iD SELECT ALL 카드,2025-12,65900,2,0,400000.0,334100,0,0,0,460.0,460.0,외식,파인다이닝 레스토랑,519400.0,"D카드 SELECT 7% 할인까지 33만 4,100원 남았어요. 이번 주 외식은 D카드로 결제하세요."
C0625,CARD_E,NH농협카드 올바른 FLEX 카드,2025-12,9900,1,0,300000.0,290100,0,0,0,0.0,0.0,커피,스타벅스,29200.0,E카드 스타벅스 50% 할인까지 29만 100원 남았어요. 이번 주 커피는 E카드로 결제하세요.
C0626,CARD_A,신한카드 Mr.Life,2025-12,0,0,0,300000.0,300000,2,0,0,0.0,0.0,온라인쇼핑,G마켓,260500.0,A카드 공과금·편의점 10% 할인까지 30만 원 남았어요. 이번 주 온라인쇼핑은 A카드로 결제하세요.
C0626,CARD_B,KB국민카드 굿데이카드,2025-12,3023100,8,3,,0,3,0,0,,,,,,
C0626,CARD_C,하나카드 MOVING카드 ALLDAY모드,2025-12,0,0,1,,0,1,0,0,,,,,,
C0626,CARD_D,삼성카드 삼성 iD SELECT ALL 카드,2025-12,0,0,0,400000.0,400000,0,0,0,0.0,0.0,온라인쇼핑,G마켓,260500.0,D카드 SELECT 7% 할인까지 40만 원 남았어요. 이번 주 온라인쇼핑은 D카드로 결제하세요.
C0626,CARD_E,NH농협카드 올바른 FLEX 카드,2025-12,0,0,0,300000.0,300000,0,0,0,0.0,0.0,온라인쇼핑,G마켓,260500.0,E카드 스타벅스 50% 할인까지 30만 원 남았어요. 이번 주 온라인쇼핑은 E카드로 결제하세요.
C0627,CARD_A,신한카드 Mr.Life,2025-12,9870,1,0,300000.0,290130,0,0,0,0.0,0.0,편의점,GS25,14800.0,A카드 공과금·편의점 10% 할인까지 29만 100원 남았어요. 이번 주 편의점은 A카드로 결제하세요.
C0627,CARD_B,KB국민카드 굿데이카드,2025-12,1153070,17,2,1200000.0,46930,2,5000,5000,9350.0,4350.0,교통비,티머니,52900.0,"B카드 학원비 10% 할인까지 4만 6,900원 남았어요. 이번 주 교통비는 B카드로 결제하세요."
C0627,CARD_C,하나카드 MOVING카드 ALLDAY모드,2025-12,13600,1,1,,0,1,70,70,,,,,,
C0627,CARD_D,삼성카드 삼성 iD SELECT ALL 카드,2025-12,2940,1,0,400000.0,397060,0,0,0,230.0,230.0,편의점,GS25,14800.0,"D카드 SELECT 7% 할인까지 39만 7,100원 남았어요. 이번 주 편의점은 D카드로 결제하세요."
C0627,CARD_E,NH농협카드 올바른 FLEX 카드,2025-12,0,0,0,300000.0,300000,0,0,0,0.0,0.0,교통비,티머니,52900.0,E카드 스타벅스 50% 할인까지 30만 원 남았어요. 이번 주 교통비는 E카드로 결제하세요.
C0628,CARD_A,신한카드 Mr.Life,2025-12,0,0,0,300000.0,300000,0,0,0,0.0,0.0,외식,동네식당,84100.0,A카드 공과금·편의점 10% 할인까지 30만 원 남았어요. 이번 주 외식은 A카드로 결제하세요.
C0628,CARD_B,KB국민카드 굿데이카드,2025-12,651910,24,2,1200000.0,548090,2,8250,8250,8250.0,0.0,외식,동네식당,84100.0,"B카드 학원비 10% 할인까지 54만 8,100원 남았어요. 이번 주 외식은 B카드로 결제하세요."
C0628,CARD_C,하나카드 MOVING카드 ALLDAY모드,2025-12,5450,1,1,,0,1,30,30,,,,,,
C0628,CARD_D,삼성카드 삼성 iD SELECT ALL 카드,2025-12,114400,1,0,400000.0,285600,0,0,0,7800.0,7800.0,배달 주문,배달의민족,148000.0,"D카드 SELECT 7% 할인까지 28만 5,600원 남았어요. 이번 주 배달 주문은 D카드로 결제하세요."
C0628,CARD_E,NH농협카드 올바른 FLEX 카드,2025-12,0,0,0,300000.0,300000,0,0,0,0.0,0.0,배달 주문,배달의민족,148000.0,E카드 스타벅스 50% 할인까지 30만 원 남았어요. 이번 주 배달 주문은 E카드로 결제하세요.
C0629,CARD_A,신한카드 Mr.Life,2025-12,0,0,0,300000.0,300000,0,0,0,0.0,0.0,외식,동네식당,128200.0,A카드 공과금·편의점 10% 할인까지 30만 원 남았어요. 이번 주 외식은 A카드로 결제하세요.
C0629,CARD_B,KB국민카드 굿데이카드,2025-12,0,0,0,300000.0,300000,0,0,0,0.0,0.0,외식,동네식당,128200.0,B카드 통신비 10% 할인까지 30만 원 남았어요. 이번 주 외식은 B카드로 결제하세요.
C0629,CARD_C,하나카드 MOVING카드 ALLDAY모드,2025-12,455330,15,1,,0,1,4550,4550,,,,,,
C0629,CARD_D,삼성카드 삼성 iD SELECT ALL 카드,2025-12,0,0,0,400000.0,400000,0,0,0,0.0,0.0,외식,동네식당,128200.0,D카드 SELECT 7% 할인까지 40만 원 남았어요. 이번 주 외식은 D카드로 결제하세요.
C0629,CARD_E,NH농협카드 올바른 FLEX 카드,2025-12,0,0,0,300000.0,300000,0,0,0,0.0,0.0,배달 주문,배달의민족,64500.0,E카드 스타벅스 50% 할인까지 30만 원 남았어요. 이번 주 배달 주문은 E카드로 결제하세요.
C0630,CARD_A,신한카드 Mr.Life,2025-12,688120,17,2,1000000.0,311880,2,6570,6570,6570.0,0.0,커피,스타벅스,42700.0,"A카드 할인한도 월 5만 원까지 31만 1,900원 남았어요. 이번 주 커피는 A카드로 결제하세요."
C0630,CARD_B,KB국민카드 굿데이카드,2025-12,99650,3,0,300000.0,200350,0,0,0,0.0,0.0,커피,스타벅스,42700.0,B카드 통신비 10% 할인까지 20만 400원 남았어요. 이번 주 커피는 B카드로 결제하세요.
C0630,CARD_C,하나카드 MOVING카드 ALLDAY모드,2025-12,39800,2,1,,0,1,200,200,,,,,,
C0630,CARD_D,삼성카드 삼성 iD SELECT ALL 카드,2025-12,7040,2,0,400000.0,392960,0,0,0,220.0,220.0,배달 주문,배달의민족,91500.0,"D카드 SELECT 7% 할인까지 39만 3,000원 남았어요. 이번 주 배달 주문은 D카드로 결제하세요."
C0630,CARD_E,NH농협카드 올바른 FLEX 카드,2025-12,23300,1,0,300000.0,276700,0,0,0,1160.0,1160.0,커피,스타벅스,42700.0,"E카드 스타벅스 50% 할인까지 27만 6,700원 남았어요. 이번 주 커피는 E카드로 결제하세요."
C0631,CARD_A,신한카드 Mr.Life,2025-12,0,0,0,300000.0,300000,0,0,0,0.0,0.0,외식,한식뷔페,133700.0,A카드 공과금·편의점 10% 할인까지 30만 원 남았어요. 이번 주 외식은 A카드로 결제하세요.
C0631,CARD_B,KB국민카드 굿데이카드,2025-12,0,0,0,300000.0,300000,0,0,0,0.0,0.0,외식,한식뷔페,133700.0,B카드 통신비 10% 할인까지 30만 원 남았어요. 이번 주 외식은 B카드로 결제하세요.
C0631,CARD_C,하나카드 MOVING카드 ALLDAY모드,2025-12,464930,28,1,,0,1,4840,4840,,,,,,
C0631,CARD_D,삼성카드 삼성 iD SELECT ALL 카드,2025-12,0,0,0,400000.0,400000,0,0,0,0.0,0.0,외식,한식뷔페,133700.0,D카드 SELECT 7% 할인까지 40만 원 남았어요. 이번 주 외식은 D카드로 결제하세요.
C0631,CARD_E,NH농협카드 올바른 FLEX 카드,2025-12,14620,2,0,300000.0,285380,0,0,0,240.0,240.0,편의점,GS25,22300.0,"E카드 스타벅스 50% 할인까지 28만 5,400원 남았어요. 이번 주 편의점은 E카드로 결제하세요."
C0632,CARD_A,신한카드 Mr.Life,2025-12,26700,1,0,300000.0,273300,0,0,0,2670.0,2670.0,장보기,이마트,212100.0,"A카드 공과금·편의점 10% 할인까지 27만 3,300원 남았어요. 이번 주말 장보기는 A카드로 결제하세요."
C0632,CARD_B,KB국민카드 굿데이카드,2025-12,266300,13,0,300000.0,33700,1,2500,0,2500.0,2500.0,편의점,GS25,9400.0,"B카드 통신비 10% 할인까지 3만 3,700원 남았어요. 이번 주 편의점은 B카드로 결제하세요."
C0632,CARD_C,하나카드 MOVING카드 ALLDAY모드,2025-12,8160,1,1,,0,1,40,40,,,,,,
C0632,CARD_D,삼성카드 삼성 iD SELECT ALL 카드,2025-12,0,0,0,400000.0,400000,0,0,0,0.0,0.0,구독료,iCloud+,46200.0,D카드 SELECT 7% 할인까지 40만 원 남았어요. 이번 주 구독료는 D카드로 결제하세요.
C0632,CARD_E,NH농협카드 올바른 FLEX 카드,2025-12,0,0,0,300000.0,300000,0,0,0,0.0,0.0,구독료,iCloud+,46200.0,E카드 스타벅스 50% 할인까지 30만 원 남았어요. 이번 주 구독료는 E카드로 결제하세요.
C0633,CARD_A,신한카드 Mr.Life,2025-12,0,0,0,300000.0,300000,0,0,0,0.0,0.0,온라인쇼핑,쿠팡,493600.0,A카드 공과금·편의점 10% 할인까지 30만 원 남았어요. 이번 주 온라인쇼핑은 A카드로 결제하세요.
C0633,CARD_B,KB국민카드 굿데이카드,2025-12,55830,2,0,300000.0,244170,0,0,0,580.0,580.0,외식,동네식당,80700.0,"B카드 통신비 10% 할인까지 24만 4,200원 남았어요. 이번 주 외식은 B카드로 결제하세요."
C0633,CARD_C,하나카드 MOVING카드 ALLDAY모드,2025-12,1860120,28,1,,0,1,18780,18780,,,,,,
C0633,CARD_D,삼성카드 삼성 iD SELECT ALL 카드,2025-12,0,0,0,400000.0,400000,0,0,0,0.0,0.0,온라인쇼핑,쿠팡,493600.0,D카드 SELECT 7% 할인까지 40만 원 남았어요. 이번 주 온라인쇼핑은 D카드로 결제하세요.
C0633,CARD_E,NH농협카드 올바른 FLEX 카드,2025-12,50400,1,0,300000.0,249600,0,0,0,0.0,0.0,온라인쇼핑,쿠팡,493600.0,"E카드 스타벅스 50% 할인까지 24만 9,600원 남았어요. 이번 주 온라인쇼핑은 E카드로 결제하세요."
C0634,CARD_A,신한카드 Mr.Life,2025-12,0,0,0,300000.0,300000,0,0,0,0.0,0.0,외식,동네식당,93900.0,A카드 공과금·편의점 10% 할인까지 30만 원 남았어요. 이번 주 외식은 A카드로 결제하세요.
C0634,CARD_B,KB국민카드 굿데이카드,2025-12,13840,2,0,300000.0,286160,0,0,0,290.0,290.0,외식,동네식당,93900.0,"B카드 통신비 10% 할인까지 28만 6,200원 남았어요. 이번 주 외식은 B카드로 결제하세요."
C0634,CARD_C,하나카드 MOVING카드 ALLDAY모드,2025-12,5380,1,1,,0,1,30,30,,,,,,
C0634,CARD_D,삼성카드 삼성 iD SELECT ALL 카드,2025-12,0,0,0,400000.0,400000,0,0,0,0.0,0.0,구독료,웨이브,75000.0,D카드 SELECT 7% 할인까지 40만 원 남았어요. 이번 주 구독료는 D카드로 결제하세요.
C0634,CARD_E,NH농협카드 올바른 FLEX 카드,2025-12,338110,15,1,,0,1,4720,4720,,,,,,
C0635,CARD_A,신한카드 Mr.Life,2025-12,428810,17,1,500000.0,71190,0,0,7460,8950.0,1500.0,주유,현대오일뱅크,206500.0,"A카드 할인한도 월 3.4만 원까지 7만 1,200원 남았어요. 이번 주말 주유는 A카드로 결제하세요."
C0635,CARD_B,KB국민카드 굿데이카드,2025-12,0,0,0,300000.0,300000,0,0,0,0.0,0.0,주유,현대오일뱅크,206500.0,B카드 통신비 10% 할인까지 30만 원 남았어요. 이번 주말 주유는 B카드로 결제하세요.
C0635,CARD_C,하나카드 MOVING카드 ALLDAY모드,2025-12,0,0,1,,0,1,0,0,,,,,,
C0635,CARD_D,삼성카드 삼성 iD SELECT ALL 카드,2025-12,0,0,0,400000.0,400000,0,0,0,0.0,0.0,주유,현대오일뱅크,206500.0,D카드 SELECT 7% 할인까지 40만 원 남았어요. 이번 주말 주유는 D카드로 결제하세요.
C0635,CARD_E,NH농협카드 올바른 FLEX 카드,2025-12,0,0,0,300000.0,300000,0,0,0,0.0,0.0,온라인쇼핑,쿠팡,53100.0,E카드 스타벅스 50% 할인까지 30만 원 남았어요. 이번 주 온라인쇼핑은 E카드로 결제하세요.
C0636,CARD_A,신한카드 Mr.Life,2025-12,44340,3,0,300000.0,255660,0,0,0,1550.0,1550.0,장보기,롯데마트,164700.0,"A카드 공과금·편의점 10% 할인까지 25만 5,700원 남았어요. 이번 주말 장보기는 A카드로 결제하세요."
C0636,CARD_B,KB국민카드 굿데이카드,2025-12,0,0,0,300000.0,300000,0,0,0,0.0,0.0,편의점,CU,5600.0,B카드 통신비 10% 할인까지 30만 원 남았어요. 이번 주 편의점은 B카드로 결제하세요.
C0636,CARD_C,하나카드 MOVING카드 ALLDAY모드,2025-12,0,0,1,,0,1,0,0,,,,,,
C0636,CARD_D,삼성카드 삼성 iD SELECT ALL 카드,2025-12,35600,1,0,400000.0,364400,0,0,0,2740.0,2740.0,장보기,롯데마트,164700.0,"D카드 SELECT 7% 할인까지 36만 4,400원 남았어요. 이번 주말 장보기는 D카드로 결제하세요."
C0636,CARD_E,NH농협카드 올바른 FLEX 카드,2025-12,0,0,0,300000.0,300000,0,0,0,0.0,0.0,편의점,CU,5600.0,E카드 스타벅스 50% 할인까지 30만 원 남았어요. 이번 주 편의점은 E카드로 결제하세요.
C0637,CARD_A,신한카드 Mr.Life,2025-12,367800,2,1,500000.0,132200,0,0,0,0.0,0.0,장보기,쿠팡프레시,305100.0,"A카드 할인한도 월 3.4만 원까지 13만 2,200원 남았어요. 이번 주말 장보기는 A카드로 결제하세요."
C0637,CARD_B,KB국민카드 굿데이카드,2025-12,0,0,0,300000.0,300000,0,0,0,0.0,0.0,외식,이자카야,143100.0,B카드 통신비 10% 할인까지 30만 원 남았어요. 이번 주 외식은 B카드로 결제하세요.
C0637,CARD_C,하나카드 MOVING카드 ALLDAY모드,2025-12,1099080,20,1,,0,1,11030,11030,,,,,,
C0637,CARD_D,삼성카드 삼성 iD SELECT ALL 카드,2025-12,52100,1,0,400000.0,347900,2,4010,0,4010.0,4010.0,장보기,쿠팡프레시,305100.0,"D카드 SELECT 7% 할인까지 34만 7,900원 남았어요. 이번 주말 장보기는 D카드로 결제하세요."
C0637,CARD_E,NH농협카드 올바른 FLEX 카드,2025-12,3930,1,0,300000.0,296070,0,0,0,200.0,200.0,온라인쇼핑,올리브영온라인,145900.0,"E카드 스타벅스 50% 할인까지 29만 6,100원 남았어요. 이번 주 온라인쇼핑은 E카드로 결제하세요."
C0638,CARD_A,신한카드 Mr.Life,2025-12,0,0,0,300000.0,300000,0,0,0,0.0,0.0,외식,동네식당,241200.0,A카드 공과금·편의점 10% 할인까지 30만 원 남았어요. 이번 주 외식은 A카드로 결제하세요.
C0638,CARD_B,KB국민카드 굿데이카드,2025-12,13900,1,0,300000.0,286100,0,0,0,0.0,0.0,외식,동네식당,241200.0,"B카드 통신비 10% 할인까지 28만 6,100원 남았어요. 이번 주 외식은 B카드로 결제하세요."
C0638,CARD_C,하나카드 MOVING카드 ALLDAY모드,2025-12,215300,3,1,,0,1,1080,1080,,,,,,
C0638,CARD_D,삼성카드 삼성 iD SELECT ALL 카드,2025-12,5498160,15,3,,0,3,53490,53490,,,,,,
C0638,CARD_E,NH농협카드 올바른 FLEX 카드,2025-12,0,0,0,300000.0,300000,0,0,0,0.0,0.0,구독료,티빙,35700.0,E카드 스타벅스 50% 할인까지 30만 원 남았어요. 이번 주 구독료는 E카드로 결제하세요.
C0639,CARD_A,신한카드 Mr.Life,2025-12,370750,21,1,500000.0,129250,1,4640,4640,6640.0,2000.0,커피,투썸플레이스,29700.0,"A카드 할인한도 월 3.4만 원까지 12만 9,200원 남았어요. 이번 주 커피는 A카드로 결제하세요."
C0639,CARD_B,KB국민카드 굿데이카드,2025-12,15400,1,0,300000.0,284600,0,0,0,0.0,0.0,커피,투썸플레이스,29700.0,"B카드 통신비 10% 할인까지 28만 4,600원 남았어요. 이번 주 커피는 B카드로 결제하세요."
C0639,CARD_C,하나카드 MOVING카드 ALLDAY모드,2025-12,89470,2,1,,0,1,450,450,,,,,,
C0639,CARD_D,삼성카드 삼성 iD SELECT ALL 카드,2025-12,0,0,0,400000.0,400000,0,0,0,0.0,0.0,배달 주문,배달의민족,132000.0,D카드 SELECT 7% 할인까지 40만 원 남았어요. 이번 주 배달 주문은 D카드로 결제하세요.
C0639,CARD_E,NH농협카드 올바른 FLEX 카드,2025-12,0,0,0,300000.0,300000,0,0,0,0.0,0.0,배달 주문,배달의민족,132000.0,E카드 스타벅스 50% 할인까지 30만 원 남았어요. 이번 주 배달 주문은 E카드로 결제하세요.
C0640,CARD_A,신한카드 Mr.Life,2025-12,325760,3,1,500000.0,174240,1,680,680,680.0,0.0,장보기,쿠팡프레시,149300.0,"A카드 할인한도 월 3.4만 원까지 17만 4,200원 남았어요. 이번 주말 장보기는 A카드로 결제하세요."
C0640,CARD_B,KB국민카드 굿데이카드,2025-12,0,0,0,300000.0,300000,0,0,0,0.0,0.0,주유,알뜰주유소,63700.0,B카드 통신비 10% 할인까지 30만 원 남았어요. 이번 주말 주유는 B카드로 결제하세요.
C0640,CARD_C,하나카드 MOVING카드 ALLDAY모드,2025-12,0,0,1,,0,1,0,0,,,,,,
C0640,CARD_D,삼성카드 삼성 iD SELECT ALL 카드,2025-12,0,0,0,400000.0,400000,0,0,0,0.0,0.0,장보기,쿠팡프레시,149300.0,D카드 SELECT 7% 할인까지 40만 원 남았어요. 이번 주말 장보기는 D카드로 결제하세요.
C0640,CARD_E,NH농협카드 올바른 FLEX 카드,2025-12,0,0,0,300000.0,300000,0,0,0,0.0,0.0,편의점,세븐일레븐,1900.0,E카드 스타벅스 50% 할인까지 30만 원 남았어요. 이번 주 편의점은 E카드로 결제하세요.
C0641,CARD_A,신한카드 Mr.Life,2025-12,8900,1,0,300000.0,291100,0,0,0,0.0,0.0,장보기,이마트,350500.0,"A카드 공과금·편의점 10% 할인까지 29만 1,100원 남았어요. 이번 주말 장보기는 A카드로 결제하세요."
C0641,CARD_B,KB국민카드 굿데이카드,2025-12,41600,1,0,300000.0,258400,0,0,0,0.0,0.0,외식,고깃집,28900.0,"B카드 통신비 10% 할인까지 25만 8,400원 남았어요. 이번 주 외식은 B카드로 결제하세요."
C0641,CARD_C,하나카드 MOVING카드 ALLDAY모드,2025-12,1045510,11,1,,0,1,10590,10590,,,,,,
C0641,CARD_D,삼성카드 삼성 iD SELECT ALL 카드,2025-12,9900,1,0,400000.0,390100,0,0,0,70.0,70.0,장보기,이마트,350500.0,D카드 SELECT 7% 할인까지 39만 100원 남았어요. 이번 주말 장보기는 D카드로 결제하세요.
C0641,CARD_E,NH농협카드 올바른 FLEX 카드,2025-12,81000,2,0,300000.0,219000,0,0,0,0.0,0.0,구독료,밀리의서재,18800.0,"E카드 스타벅스 50% 할인까지 21만 9,000원 남았어요. 이번 주 구독료는 E카드로 결제하세요."
C0642,CARD_A,신한카드 Mr.Life,2025-12,0,0,0,300000.0,300000,0,0,0,0.0,0.0,편의점,GS25,11300.0,A카드 공과금·편의점 10% 할인까지 30만 원 남았어요. 이번 주 편의점은 A카드로 결제하세요.
C0642,CARD_B,KB국민카드 굿데이카드,2025-12,3560,2,0,300000.0,296440,0,0,0,220.0,220.0,교통비,티머니,87300.0,"B카드 통신비 10% 할인까지 29만 6,400원 남았어요. 이번 주 교통비는 B카드로 결제하세요."
C0642,CARD_C,하나카드 MOVING카드 ALLDAY모드,2025-12,0,0,1,,0,1,0,0,,,,,,
C0642,CARD_D,삼성카드 삼성 iD SELECT ALL 카드,2025-12,0,0,0,400000.0,400000,0,0,0,0.0,0.0,편의점,GS25,11300.0,D카드 SELECT 7% 할인까지 40만 원 남았어요. 이번 주 편의점은 D카드로 결제하세요.
C0642,CARD_E,NH농협카드 올바른 FLEX 카드,2025-12,148000,20,0,300000.0,152000,0,0,0,4890.0,4890.0,교통비,티머니,87300.0,"E카드 스타벅스 50% 할인까지 15만 2,000원 남았어요. 이번 주 교통비는 E카드로 결제하세요."
C0643,CARD_A,신한카드 Mr.Life,2025-12,7080,1,0,300000.0,292920,0,0,0,710.0,710.0,외식,김밥천국,140500.0,"A카드 공과금·편의점 10% 할인까지 29만 2,900원 남았어요. 이번 주 외식은 A카드로 결제하세요."
C0643,CARD_B,KB국민카드 굿데이카드,2025-12,5820,1,0,300000.0,294180,0,0,0,0.0,0.0,외식,김밥천국,140500.0,"B카드 통신비 10% 할인까지 29만 4,200원 남았어요. 이번 주 외식은 B카드로 결제하세요."
C0643,CARD_C,하나카드 MOVING카드 ALLDAY모드,2025-12,879330,14,1,,0,1,4640,4640,,,,,,
C0643,CARD_D,삼성카드 삼성 iD SELECT ALL 카드,2025-12,19400,1,0,400000.0,380600,0,0,0,1490.0,1490.0,외식,김밥천국,140500.0,D카드 SELECT 7% 할인까지 38만 600원 남았어요. 이번 주 외식은 D카드로 결제하세요.
C0643,CARD_E,NH농협카드 올바른 FLEX 카드,2025-12,1313100,2,1,,0,0,0,0,,,,,,
C0644,CARD_A,신한카드 Mr.Life,2025-12,24180,2,0,300000.0,275820,0,0,0,160.0,160.0,장보기,롯데마트,117600.0,"A카드 공과금·편의점 10% 할인까지 27만 5,800원 남았어요. 이번 주말 장보기는 A카드로 결제하세요."
C0644,CARD_B,KB국민카드 굿데이카드,2025-12,6750,1,0,300000.0,293250,0,0,0,0.0,0.0,외식,서브웨이,16500.0,"B카드 통신비 10% 할인까지 29만 3,200원 남았어요. 이번 주 외식은 B카드로 결제하세요."
C0644,CARD_C,하나카드 MOVING카드 ALLDAY모드,2025-12,0,0,1,,0,1,0,0,,,,,,
C0644,CARD_D,삼성카드 삼성 iD SELECT ALL 카드,2025-12,0,0,0,400000.0,400000,0,0,0,0.0,0.0,장보기,롯데마트,117600.0,D카드 SELECT 7% 할인까지 40만 원 남았어요. 이번 주말 장보기는 D카드로 결제하세요.
C0644,CARD_E,NH농협카드 올바른 FLEX 카드,2025-12,0,0,0,300000.0,300000,0,0,0,0.0,0.0,온라인쇼핑,컴퓨터장비몰,80600.0,E카드 스타벅스 50% 할인까지 30만 원 남았어요. 이번 주 온라인쇼핑은 E카드로 결제하세요.
C0645,CARD_A,신한카드 Mr.Life,2025-12,363770,16,1,500000.0,136230,3,2990,2990,2990.0,0.0,커피,메가MGC커피,18300.0,"A카드 할인한도 월 3.4만 원까지 13만 6,200원 남았어요. 이번 주 커피는 A카드로 결제하세요."
C0645,CARD_B,KB국민카드 굿데이카드,2025-12,3740,1,0,300000.0,296260,0,0,0,0.0,0.0,커피,메가MGC커피,18300.0,"B카드 통신비 10% 할인까지 29만 6,300원 남았어요. 이번 주 커피는 B카드로 결제하세요."
C0645,CARD_C,하나카드 MOVING카드 ALLDAY모드,2025-12,77100,2,1,,0,1,390,390,,,,,,
C0645,CARD_D,삼성카드 삼성 iD SELECT ALL 카드,2025-12,123450,2,0,400000.0,276550,0,0,0,7860.0,7860.0,장보기,롯데마트,409700.0,"D카드 SELECT 7% 할인까지 27만 6,600원 남았어요. 이번 주말 장보기는 D카드로 결제하세요."
C0645,CARD_E,NH농협카드 올바른 FLEX 카드,2025-12,3320,1,0,300000.0,296680,0,0,0,0.0,0.0,커피,메가MGC커피,18300.0,"E카드 스타벅스 50% 할인까지 29만 6,700원 남았어요. 이번 주 커피는 E카드로 결제하세요."
C0646,CARD_A,신한카드 Mr.Life,2025-12,1696900,10,3,,0,3,7420,7420,,,,,,
C0646,CARD_B,KB국민카드 굿데이카드,2025-12,0,0,0,300000.0,300000,1,0,0,0.0,0.0,편의점,CU,58900.0,B카드 통신비 10% 할인까지 30만 원 남았어요. 이번 주 편의점은 B카드로 결제하세요.
C0646,CARD_C,하나카드 MOVING카드 ALLDAY모드,2025-12,0,0,1,,0,1,0,0,,,,,,
C0646,CARD_D,삼성카드 삼성 iD SELECT ALL 카드,2025-12,6480,1,0,400000.0,393520,0,0,0,50.0,50.0,편의점,CU,58900.0,"D카드 SELECT 7% 할인까지 39만 3,500원 남았어요. 이번 주 편의점은 D카드로 결제하세요."
C0646,CARD_E,NH농협카드 올바른 FLEX 카드,2025-12,0,0,0,300000.0,300000,0,0,0,0.0,0.0,편의점,CU,58900.0,E카드 스타벅스 50% 할인까지 30만 원 남았어요. 이번 주 편의점은 E카드로 결제하세요.
C0647,CARD_A,신한카드 Mr.Life,2025-12,250380,14,0,300000.0,49620,2,13740,0,11740.0,11740.0,편의점,CU,41900.0,"A카드 공과금·편의점 10% 할인까지 4만 9,600원 남았어요. 이번 주 편의점은 A카드로 결제하세요."
C0647,CARD_B,KB국민카드 굿데이카드,2025-12,73200,1,0,300000.0,226800,0,0,0,2580.0,2580.0,편의점,CU,41900.0,"B카드 통신비 10% 할인까지 22만 6,800원 남았어요. 이번 주 편의점은 B카드로 결제하세요."
C0647,CARD_C,하나카드 MOVING카드 ALLDAY모드,2025-12,0,0,1,,0,1,0,0,,,,,,
C0647,CARD_D,삼성카드 삼성 iD SELECT ALL 카드,2025-12,0,0,0,400000.0,400000,0,0,0,0.0,0.0,편의점,CU,41900.0,D카드 SELECT 7% 할인까지 40만 원 남았어요. 이번 주 편의점은 D카드로 결제하세요.
C0647,CARD_E,NH농협카드 올바른 FLEX 카드,2025-12,0,0,0,300000.0,300000,0,0,0,0.0,0.0,편의점,CU,41900.0,E카드 스타벅스 50% 할인까지 30만 원 남았어요. 이번 주 편의점은 E카드로 결제하세요.
C0648,CARD_A,신한카드 Mr.Life,2025-12,851190,17,2,1000000.0,148810,3,14030,11030,14030.0,3000.0,장보기,하나로마트,537500.0,"A카드 할인한도 월 5만 원까지 14만 8,800원 남았어요. 이번 주말 장보기는 A카드로 결제하세요."
C0648,CARD_B,KB국민카드 굿데이카드,2025-12,190800,2,0,300000.0,109200,0,0,0,0.0,0.0,편의점,CU,17400.0,"B카드 통신비 10% 할인까지 10만 9,200원 남았어요. 이번 주 편의점은 B카드로 결제하세요."
C0648,CARD_C,하나카드 MOVING카드 ALLDAY모드,2025-12,73600,1,1,,0,1,370,370,,,,,,
C0648,CARD_D,삼성카드 삼성 iD SELECT ALL 카드,2025-12,41330,2,0,400000.0,358670,0,0,0,3110.0,3110.0,장보기,하나로마트,537500.0,"D카드 SELECT 7% 할인까지 35만 8,700원 남았어요. 이번 주말 장보기는 D카드로 결제하세요."
C0648,CARD_E,NH농협카드 올바른 FLEX 카드,2025-12,44200,1,0,300000.0,255800,0,0,0,0.0,0.0,편의점,CU,17400.0,"E카드 스타벅스 50% 할인까지 25만 5,800원 남았어요. 이번 주 편의점은 E카드로 결제하세요."
C0649,CARD_A,신한카드 Mr.Life,2025-12,236320,19,0,300000.0,63680,3,5950,0,5950.0,5950.0,외식,맘스터치,153700.0,"A카드 공과금·편의점 10% 할인까지 6만 3,700원 남았어요. 이번 주 외식은 A카드로 결제하세요."
C0649,CARD_B,KB국민카드 굿데이카드,2025-12,62300,1,0,300000.0,237700,0,0,0,0.0,0.0,외식,맘스터치,153700.0,"B카드 통신비 10% 할인까지 23만 7,700원 남았어요. 이번 주 외식은 B카드로 결제하세요."
C0649,CARD_C,하나카드 MOVING카드 ALLDAY모드,2025-12,3480,1,1,,0,1,20,20,,,,,,
C0649,CARD_D,삼성카드 삼성 iD SELECT ALL 카드,2025-12,28000,1,0,400000.0,372000,0,0,0,2160.0,2160.0,배달 주문,배달의민족,152600.0,"D카드 SELECT 7% 할인까지 37만 2,000원 남았어요. 이번 주 배달 주문은 D카드로 결제하세요."
C0649,CARD_E,NH농협카드 올바른 FLEX 카드,2025-12,0,0,0,300000.0,300000,0,0,0,0.0,0.0,배달 주문,배달의민족,152600.0,E카드 스타벅스 50% 할인까지 30만 원 남았어요. 이번 주 배달 주문은 E카드로 결제하세요.
C0650,CARD_A,신한카드 Mr.Life,2025-12,1106170,14,3,,0,2,10140,10140,,,,,,
C0650,CARD_B,KB국민카드 굿데이카드,2025-12,0,0,0,300000.0,300000,0,0,0,0.0,0.0,외식,김밥천국,60300.0,B카드 통신비 10% 할인까지 30만 원 남았어요. 이번 주 외식은 B카드로 결제하세요.
C0650,CARD_C,하나카드 MOVING카드 ALLDAY모드,2025-12,46400,1,1,,0,1,230,230,,,,,,
C0650,CARD_D,삼성카드 삼성 iD SELECT ALL 카드,2025-12,60200,1,0,400000.0,339800,0,0,0,4640.0,4640.0,장보기,동네마트,234200.0,"D카드 SELECT 7% 할인까지 33만 9,800원 남았어요. 이번 주말 장보기는 D카드로 결제하세요."
C0650,CARD_E,NH농협카드 올바른 FLEX 카드,2025-12,58310,2,0,300000.0,241690,0,0,0,0.0,0.0,편의점,이마트24,17100.0,"E카드 스타벅스 50% 할인까지 24만 1,700원 남았어요. 이번 주 편의점은 E카드로 결제하세요."
C0651,CARD_A,신한카드 Mr.Life,2025-12,0,0,0,300000.0,300000,0,0,0,0.0,0.0,장보기,홈플러스,181100.0,A카드 공과금·편의점 10% 할인까지 30만 원 남았어요. 이번 주말 장보기는 A카드로 결제하세요.
C0651,CARD_B,KB국민카드 굿데이카드,2025-12,0,0,0,300000.0,300000,0,0,0,0.0,0.0,주유,현대오일뱅크,77700.0,B카드 통신비 10% 할인까지 30만 원 남았어요. 이번 주말 주유는 B카드로 결제하세요.
C0651,CARD_C,하나카드 MOVING카드 ALLDAY모드,2025-12,354700,6,1,,0,1,2050,2050,,,,,,
C0651,CARD_D,삼성카드 삼성 iD SELECT ALL 카드,2025-12,0,0,0,400000.0,400000,2,0,0,0.0,0.0,장보기,홈플러스,181100.0,D카드 SELECT 7% 할인까지 40만 원 남았어요. 이번 주말 장보기는 D카드로 결제하세요.
C0651,CARD_E,NH농협카드 올바른 FLEX 카드,2025-12,50700,1,0,300000.0,249300,0,0,0,0.0,0.0,교통비,티머니,5900.0,"E카드 스타벅스 50% 할인까지 24만 9,300원 남았어요. 이번 주 교통비는 E카드로 결제하세요."
C0652,CARD_A,신한카드 Mr.Life,2025-12,118420,5,0,300000.0,181580,2,1800,0,1800.0,1800.0,외식,한식뷔페,105400.0,"A카드 공과금·편의점 10% 할인까지 18만 1,600원 남았어요. 이번 주 외식은 A카드로 결제하세요."
C0652,CARD_B,KB국민카드 굿데이카드,2025-12,0,0,0,300000.0,300000,0,0,0,0.0,0.0,외식,한식뷔페,105400.0,B카드 통신비 10% 할인까지 30만 원 남았어요. 이번 주 외식은 B카드로 결제하세요.
C0652,CARD_C,하나카드 MOVING카드 ALLDAY모드,2025-12,0,0,1,,0,1,0,0,,,,,,
C0652,CARD_D,삼성카드 삼성 iD SELECT ALL 카드,2025-12,0,0,0,400000.0,400000,0,0,0,0.0,0.0,외식,한식뷔페,105400.0,D카드 SELECT 7% 할인까지 40만 원 남았어요. 이번 주 외식은 D카드로 결제하세요.
C0652,CARD_E,NH농협카드 올바른 FLEX 카드,2025-12,777000,2,1,,0,0,0,0,,,,,,
C0653,CARD_A,신한카드 Mr.Life,2025-12,1201190,11,3,,0,2,1450,1450,,,,,,
C0653,CARD_B,KB국민카드 굿데이카드,2025-12,64440,2,0,300000.0,235560,0,0,0,3000.0,3000.0,편의점,CU,15400.0,"B카드 통신비 10% 할인까지 23만 5,600원 남았어요. 이번 주 편의점은 B카드로 결제하세요."
C0653,CARD_C,하나카드 MOVING카드 ALLDAY모드,2025-12,0,0,1,,0,1,0,0,,,,,,
C0653,CARD_D,삼성카드 삼성 iD SELECT ALL 카드,2025-12,0,0,0,400000.0,400000,0,0,0,0.0,0.0,장보기,쿠팡프레시,224600.0,D카드 SELECT 7% 할인까지 40만 원 남았어요. 이번 주말 장보기는 D카드로 결제하세요.
C0653,CARD_E,NH농협카드 올바른 FLEX 카드,2025-12,0,0,0,300000.0,300000,0,0,0,0.0,0.0,편의점,CU,15400.0,E카드 스타벅스 50% 할인까지 30만 원 남았어요. 이번 주 편의점은 E카드로 결제하세요.
C0654,CARD_A,신한카드 Mr.Life,2025-12,361180,12,1,500000.0,138820,2,7000,3000,7000.0,4000.0,외식,고깃집,98600.0,"A카드 할인한도 월 3.4만 원까지 13만 8,800원 남았어요. 이번 주 외식은 A카드로 결제하세요."
C0654,CARD_B,KB국민카드 굿데이카드,2025-12,0,0,0,300000.0,300000,0,0,0,0.0,0.0,외식,고깃집,98600.0,B카드 통신비 10% 할인까지 30만 원 남았어요. 이번 주 외식은 B카드로 결제하세요.
C0654,CARD_C,하나카드 MOVING카드 ALLDAY모드,2025-12,0,0,1,,0,1,0,0,,,,,,
C0654,CARD_D,삼성카드 삼성 iD SELECT ALL 카드,2025-12,0,0,0,400000.0,400000,0,0,0,0.0,0.0,구독료,어도비 Creative Cloud,82800.0,D카드 SELECT 7% 할인까지 40만 원 남았어요. 이번 주 구독료는 D카드로 결제하세요.
C0654,CARD_E,NH농협카드 올바른 FLEX 카드,2025-12,0,0,0,300000.0,300000,0,0,0,0.0,0.0,구독료,어도비 Creative Cloud,82800.0,E카드 스타벅스 50% 할인까지 30만 원 남았어요. 이번 주 구독료는 E카드로 결제하세요.
C0655,CARD_A,신한카드 Mr.Life,2025-12,463360,11,1,500000.0,36640,0,0,3240,3240.0,0.0,편의점,CU,5300.0,"A카드 할인한도 월 3.4만 원까지 3만 6,600원 남았어요. 이번 주 편의점은 A카드로 결제하세요."
C0655,CARD_B,KB국민카드 굿데이카드,2025-12,0,0,0,300000.0,300000,0,0,0,0.0,0.0,편의점,CU,5300.0,B카드 통신비 10% 할인까지 30만 원 남았어요. 이번 주 편의점은 B카드로 결제하세요.
C0655,CARD_C,하나카드 MOVING카드 ALLDAY모드,2025-12,0,0,1,,0,1,0,0,,,,,,
C0655,CARD_D,삼성카드 삼성 iD SELECT ALL 카드,2025-12,1910,1,0,400000.0,398090,0,0,0,10.0,10.0,편의점,CU,5300.0,"D카드 SELECT 7% 할인까지 39만 8,100원 남았어요. 이번 주 편의점은 D카드로 결제하세요."
C0655,CARD_E,NH농협카드 올바른 FLEX 카드,2025-12,45500,1,0,300000.0,254500,0,0,0,3190.0,3190.0,편의점,CU,5300.0,"E카드 스타벅스 50% 할인까지 25만 4,500원 남았어요. 이번 주 편의점은 E카드로 결제하세요."
C0656,CARD_A,신한카드 Mr.Life,2025-12,572530,17,2,1000000.0,427470,2,23040,23040,23040.0,0.0,장보기,동네마트,96100.0,"A카드 할인한도 월 5만 원까지 42만 7,500원 남았어요. 이번 주말 장보기는 A카드로 결제하세요."
C0656,CARD_B,KB국민카드 굿데이카드,2025-12,0,0,0,300000.0,300000,0,0,0,0.0,0.0,교통비,티머니,17800.0,B카드 통신비 10% 할인까지 30만 원 남았어요. 이번 주 교통비는 B카드로 결제하세요.
C0656,CARD_C,하나카드 MOVING카드 ALLDAY모드,2025-12,0,0,1,,0,1,0,0,,,,,,
C0656,CARD_D,삼성카드 삼성 iD SELECT ALL 카드,2025-12,0,0,0,400000.0,400000,0,0,0,0.0,0.0,구독료,티빙,102400.0,D카드 SELECT 7% 할인까지 40만 원 남았어요. 이번 주 구독료는 D카드로 결제하세요.
C0656,CARD_E,NH농협카드 올바른 FLEX 카드,2025-12,18000,1,0,300000.0,282000,0,0,0,1800.0,1800.0,구독료,티빙,102400.0,"E카드 스타벅스 50% 할인까지 28만 2,000원 남았어요. 이번 주 구독료는 E카드로 결제하세요."
C0657,CARD_A,신한카드 Mr.Life,2025-12,649790,10,2,1000000.0,350210,1,12420,14420,14420.0,0.0,커피,스타벅스,27900.0,A카드 할인한도 월 5만 원까지 35만 200원 남았어요. 이번 주 커피는 A카드로 결제하세요.
C0657,CARD_B,KB국민카드 굿데이카드,2025-12,0,0,0,300000.0,300000,0,0,0,0.0,0.0,커피,스타벅스,27900.0,B카드 통신비 10% 할인까지 30만 원 남았어요. 이번 주 커피는 B카드로 결제하세요.
C0657,CARD_C,하나카드 MOVING카드 ALLDAY모드,2025-12,72300,1,1,,0,1,360,360,,,,,,
C0657,CARD_D,삼성카드 삼성 iD SELECT ALL 카드,2025-12,328900,3,0,400000.0,71100,0,0,0,9300.0,9300.0,장보기,홈플러스,280800.0,"D카드 SELECT 7% 할인까지 7만 1,100원 남았어요. 이번 주말 장보기는 D카드로 결제하세요."
C0657,CARD_E,NH농협카드 올바른 FLEX 카드,2025-12,42600,1,0,300000.0,257400,0,0,0,0.0,0.0,커피,스타벅스,27900.0,"E카드 스타벅스 50% 할인까지 25만 7,400원 남았어요. 이번 주 커피는 E카드로 결제하세요."
C0658,CARD_A,신한카드 Mr.Life,2025-12,38180,3,0,300000.0,261820,0,0,0,890.0,890.0,편의점,GS25,7500.0,"A카드 공과금·편의점 10% 할인까지 26만 1,800원 남았어요. 이번 주 편의점은 A카드로 결제하세요."
C0658,CARD_B,KB국민카드 굿데이카드,2025-12,35700,1,0,300000.0,264300,0,0,0,0.0,0.0,편의점,GS25,7500.0,"B카드 통신비 10% 할인까지 26만 4,300원 남았어요. 이번 주 편의점은 B카드로 결제하세요."
C0658,CARD_C,하나카드 MOVING카드 ALLDAY모드,2025-12,0,0,1,,0,1,0,0,,,,,,
C0658,CARD_D,삼성카드 삼성 iD SELECT ALL 카드,2025-12,0,0,0,400000.0,400000,0,0,0,0.0,0.0,편의점,GS25,7500.0,D카드 SELECT 7% 할인까지 40만 원 남았어요. 이번 주 편의점은 D카드로 결제하세요.
C0658,CARD_E,NH농협카드 올바른 FLEX 카드,2025-12,41200,1,0,300000.0,258800,0,0,0,2060.0,2060.0,편의점,GS25,7500.0,"E카드 스타벅스 50% 할인까지 25만 8,800원 남았어요. 이번 주 편의점은 E카드로 결제하세요."
C0659,CARD_A,신한카드 Mr.Life,2025-12,0,0,0,300000.0,300000,0,0,0,0.0,0.0,편의점,GS25,31800.0,A카드 공과금·편의점 10% 할인까지 30만 원 남았어요. 이번 주 편의점은 A카드로 결제하세요.
C0659,CARD_B,KB국민카드 굿데이카드,2025-12,572090,16,1,600000.0,27910,2,3540,3000,3540.0,540.0,편의점,GS25,31800.0,"B카드 외식·커피 10% 할인까지 2만 7,900원 남았어요. 이번 주 편의점은 B카드로 결제하세요."
C0659,CARD_C,하나카드 MOVING카드 ALLDAY모드,2025-12,0,0,1,,0,1,0,0,,,,,,
C0659,CARD_D,삼성카드 삼성 iD SELECT ALL 카드,2025-12,0,0,0,400000.0,400000,0,0,0,0.0,0.0,배달 주문,쿠팡이츠,164000.0,D카드 SELECT 7% 할인까지 40만 원 남았어요. 이번 주 배달 주문은 D카드로 결제하세요.
C0659,CARD_E,NH농협카드 올바른 FLEX 카드,2025-12,0,0,0,300000.0,300000,0,0,0,0.0,0.0,배달 주문,쿠팡이츠,164000.0,E카드 스타벅스 50% 할인까지 30만 원 남았어요. 이번 주 배달 주문은 E카드로 결제하세요.
C0660,CARD_A,신한카드 Mr.Life,2025-12,770480,12,2,1000000.0,229520,1,7880,13880,15580.0,1700.0,장보기,하나로마트,74600.0,"A카드 할인한도 월 5만 원까지 22만 9,500원 남았어요. 이번 주말 장보기는 A카드로 결제하세요."
C0660,CARD_B,KB국민카드 굿데이카드,2025-12,0,0,0,300000.0,300000,0,0,0,0.0,0.0,교통비,하이패스,16000.0,B카드 통신비 10% 할인까지 30만 원 남았어요. 이번 주 교통비는 B카드로 결제하세요.
C0660,CARD_C,하나카드 MOVING카드 ALLDAY모드,2025-12,0,0,1,,0,1,0,0,,,,,,
C0660,CARD_D,삼성카드 삼성 iD SELECT ALL 카드,2025-12,0,0,0,400000.0,400000,0,0,0,0.0,0.0,배달 주문,배달의민족,51900.0,D카드 SELECT 7% 할인까지 40만 원 남았어요. 이번 주 배달 주문은 D카드로 결제하세요.
C0660,CARD_E,NH농협카드 올바른 FLEX 카드,2025-12,37900,1,0,300000.0,262100,0,0,0,0.0,0.0,배달 주문,배달의민족,51900.0,"E카드 스타벅스 50% 할인까지 26만 2,100원 남았어요. 이번 주 배달 주문은 E카드로 결제하세요."
C0661,CARD_A,신한카드 Mr.Life,2025-12,570290,11,2,1000000.0,429710,2,7000,7000,9790.0,2790.0,장보기,홈플러스,595500.0,"A카드 할인한도 월 5만 원까지 42만 9,700원 남았어요. 이번 주말 장보기는 A카드로 결제하세요."
C0661,CARD_B,KB국민카드 굿데이카드,2025-12,0,0,0,300000.0,300000,0,0,0,0.0,0.0,교통비,카카오T,17800.0,B카드 통신비 10% 할인까지 30만 원 남았어요. 이번 주 교통비는 B카드로 결제하세요.
C0661,CARD_C,하나카드 MOVING카드 ALLDAY모드,2025-12,18090,2,1,,0,1,90,90,,,,,,
C0661,CARD_D,삼성카드 삼성 iD SELECT ALL 카드,2025-12,85800,1,0,400000.0,314200,0,0,0,600.0,600.0,장보기,홈플러스,595500.0,"D카드 SELECT 7% 할인까지 31만 4,200원 남았어요. 이번 주말 장보기는 D카드로 결제하세요."
C0661,CARD_E,NH농협카드 올바른 FLEX 카드,2025-12,0,0,0,300000.0,300000,0,0,0,0.0,0.0,구독료,디즈니플러스,51700.0,E카드 스타벅스 50% 할인까지 30만 원 남았어요. 이번 주 구독료는 E카드로 결제하세요.
C0662,CARD_A,신한카드 Mr.Life,2025-12,146760,17,0,300000.0,153240,2,3820,0,3710.0,3710.0,외식,동네식당,41000.0,"A카드 공과금·편의점 10% 할인까지 15만 3,200원 남았어요. 이번 주 외식은 A카드로 결제하세요."
C0662,CARD_B,KB국민카드 굿데이카드,2025-12,0,0,0,300000.0,300000,0,0,0,0.0,0.0,교통비,티머니,18400.0,B카드 통신비 10% 할인까지 30만 원 남았어요. 이번 주 교통비는 B카드로 결제하세요.
C0662,CARD_C,하나카드 MOVING카드 ALLDAY모드,2025-12,3240,1,1,,0,1,20,20,,,,,,
C0662,CARD_D,삼성카드 삼성 iD SELECT ALL 카드,2025-12,4190,1,0,400000.0,395810,0,0,0,420.0,420.0,외식,동네식당,41000.0,"D카드 SELECT 7% 할인까지 39만 5,800원 남았어요. 이번 주 외식은 D카드로 결제하세요."
C0662,CARD_E,NH농협카드 올바른 FLEX 카드,2025-12,8420,2,0,300000.0,291580,0,0,0,0.0,0.0,교통비,티머니,18400.0,"E카드 스타벅스 50% 할인까지 29만 1,600원 남았어요. 이번 주 교통비는 E카드로 결제하세요."
C0663,CARD_A,신한카드 Mr.Life,2025-12,410560,22,1,500000.0,89440,2,8540,6540,8540.0,2000.0,편의점,CU,33300.0,"A카드 할인한도 월 3.4만 원까지 8만 9,400원 남았어요. 이번 주 편의점은 A카드로 결제하세요."
C0663,CARD_B,KB국민카드 굿데이카드,2025-12,0,0,0,300000.0,300000,0,0,0,0.0,0.0,편의점,CU,33300.0,B카드 통신비 10% 할인까지 30만 원 남았어요. 이번 주 편의점은 B카드로 결제하세요.
C0663,CARD_C,하나카드 MOVING카드 ALLDAY모드,2025-12,287400,2,1,,0,1,1440,1440,,,,,,
C0663,CARD_D,삼성카드 삼성 iD SELECT ALL 카드,2025-12,17210,2,0,400000.0,382790,0,0,0,440.0,440.0,편의점,CU,33300.0,"D카드 SELECT 7% 할인까지 38만 2,800원 남았어요. 이번 주 편의점은 D카드로 결제하세요."
C0663,CARD_E,NH농협카드 올바른 FLEX 카드,2025-12,4930,1,0,300000.0,295070,0,0,0,250.0,250.0,편의점,CU,33300.0,"E카드 스타벅스 50% 할인까지 29만 5,100원 남았어요. 이번 주 편의점은 E카드로 결제하세요."
C0664,CARD_A,신한카드 Mr.Life,2025-12,509990,14,2,1000000.0,490010,2,5300,5300,5300.0,0.0,편의점,세븐일레븐,14200.0,A카드 할인한도 월 5만 원까지 49만 원 남았어요. 이번 주 편의점은 A카드로 결제하세요.
C0664,CARD_B,KB국민카드 굿데이카드,2025-12,0,0,0,300000.0,300000,0,0,0,0.0,0.0,편의점,세븐일레븐,14200.0,B카드 통신비 10% 할인까지 30만 원 남았어요. 이번 주 편의점은 B카드로 결제하세요.
C0664,CARD_C,하나카드 MOVING카드 ALLDAY모드,2025-12,19720,2,1,,0,1,100,100,,,,,,
C0664,CARD_D,삼성카드 삼성 iD SELECT ALL 카드,2025-12,0,0,0,400000.0,400000,0,0,0,0.0,0.0,배달 주문,배달의민족,85800.0,D카드 SELECT 7% 할인까지 40만 원 남았어요. 이번 주 배달 주문은 D카드로 결제하세요.
C0664,CARD_E,NH농협카드 올바른 FLEX 카드,2025-12,1810,1,0,300000.0,298190,0,0,0,90.0,90.0,배달 주문,배달의민족,85800.0,"E카드 스타벅스 50% 할인까지 29만 8,200원 남았어요. 이번 주 배달 주문은 E카드로 결제하세요."
C0665,CARD_A,신한카드 Mr.Life,2025-12,0,0,0,300000.0,300000,0,0,0,0.0,0.0,장보기,홈플러스,629100.0,A카드 공과금·편의점 10% 할인까지 30만 원 남았어요. 이번 주말 장보기는 A카드로 결제하세요.
C0665,CARD_B,KB국민카드 굿데이카드,2025-12,0,0,0,300000.0,300000,0,0,0,0.0,0.0,커피,스타벅스,8300.0,B카드 통신비 10% 할인까지 30만 원 남았어요. 이번 주 커피는 B카드로 결제하세요.
C0665,CARD_C,하나카드 MOVING카드 ALLDAY모드,2025-12,0,0,1,,0,1,0,0,,,,,,
C0665,CARD_D,삼성카드 삼성 iD SELECT ALL 카드,2025-12,942540,21,2,1200000.0,257460,3,31470,26470,31470.0,5000.0,장보기,홈플러스,629100.0,"D카드 SELECT 한도 월 1.5만 원까지 25만 7,500원 남았어요. 이번 주말 장보기는 D카드로 결제하세요."
C0665,CARD_E,NH농협카드 올바른 FLEX 카드,2025-12,3960,1,0,300000.0,296040,1,280,0,280.0,280.0,구독료,넷플릭스,55700.0,"E카드 스타벅스 50% 할인까지 29만 6,000원 남았어요. 이번 주 구독료는 E카드로 결제하세요."
C0666,CARD_A,신한카드 Mr.Life,2025-12,0,0,0,300000.0,300000,0,0,0,0.0,0.0,외식,김밥천국,29400.0,A카드 공과금·편의점 10% 할인까지 30만 원 남았어요. 이번 주 외식은 A카드로 결제하세요.
C0666,CARD_B,KB국민카드 굿데이카드,2025-12,112590,4,0,300000.0,187410,0,0,0,0.0,0.0,외식,김밥천국,29400.0,"B카드 통신비 10% 할인까지 18만 7,400원 남았어요. 이번 주 외식은 B카드로 결제하세요."
C0666,CARD_C,하나카드 MOVING카드 ALLDAY모드,2025-12,3300,1,1,,0,1,20,20,,,,,,
C0666,CARD_D,삼성카드 삼성 iD SELECT ALL 카드,2025-12,1090,1,0,400000.0,398910,0,0,0,10.0,10.0,외식,김밥천국,29400.0,"D카드 SELECT 7% 할인까지 39만 8,900원 남았어요. 이번 주 외식은 D카드로 결제하세요."
C0666,CARD_E,NH농협카드 올바른 FLEX 카드,2025-12,2860,1,0,300000.0,297140,0,0,0,140.0,140.0,커피,이디야커피,7700.0,"E카드 스타벅스 50% 할인까지 29만 7,100원 남았어요. 이번 주 커피는 E카드로 결제하세요."
C0667,CARD_A,신한카드 Mr.Life,2025-12,568810,13,2,1000000.0,431190,2,12380,12380,14710.0,2330.0,장보기,이마트,285100.0,"A카드 할인한도 월 5만 원까지 43만 1,200원 남았어요. 이번 주말 장보기는 A카드로 결제하세요."
C0667,CARD_B,KB국민카드 굿데이카드,2025-12,0,0,0,300000.0,300000,0,0,0,0.0,0.0,외식,서브웨이,82900.0,B카드 통신비 10% 할인까지 30만 원 남았어요. 이번 주 외식은 B카드로 결제하세요.
C0667,CARD_C,하나카드 MOVING카드 ALLDAY모드,2025-12,0,0,1,,0,1,0,0,,,,,,
C0667,CARD_D,삼성카드 삼성 iD SELECT ALL 카드,2025-12,65100,1,0,400000.0,334900,0,0,0,460.0,460.0,장보기,이마트,285100.0,"D카드 SELECT 7% 할인까지 33만 4,900원 남았어요. 이번 주말 장보기는 D카드로 결제하세요."
C0667,CARD_E,NH농협카드 올바른 FLEX 카드,2025-12,24000,1,0,300000.0,276000,0,0,0,2400.0,2400.0,커피,스타벅스,9000.0,"E카드 스타벅스 50% 할인까지 27만 6,000원 남았어요. 이번 주 커피는 E카드로 결제하세요."
C0668,CARD_A,신한카드 Mr.Life,2025-12,0,0,0,300000.0,300000,0,0,0,0.0,0.0,편의점,CU,49200.0,A카드 공과금·편의점 10% 할인까지 30만 원 남았어요. 이번 주 편의점은 A카드로 결제하세요.
C0668,CARD_B,KB국민카드 굿데이카드,2025-12,179600,2,0,300000.0,120400,1,0,0,0.0,0.0,편의점,CU,49200.0,B카드 통신비 10% 할인까지 12만 400원 남았어요. 이번 주 편의점은 B카드로 결제하세요.
C0668,CARD_C,하나카드 MOVING카드 ALLDAY모드,2025-12,0,0,1,,0,1,0,0,,,,,,
C0668,CARD_D,삼성카드 삼성 iD SELECT ALL 카드,2025-12,5005560,15,3,,0,3,50040,50040,,,,,,
C0668,CARD_E,NH농협카드 올바른 FLEX 카드,2025-12,868760,2,1,,0,0,0,450,,,,,,
C0669,CARD_A,신한카드 Mr.Life,2025-12,1035720,11,3,,0,2,15910,17830,,,,,,
C0669,CARD_B,KB국민카드 굿데이카드,2025-12,0,0,0,300000.0,300000,0,0,0,0.0,0.0,편의점,GS25,10800.0,B카드 통신비 10% 할인까지 30만 원 남았어요. 이번 주 편의점은 B카드로 결제하세요.
C0669,CARD_C,하나카드 MOVING카드 ALLDAY모드,2025-12,30400,1,1,,0,1,150,150,,,,,,
C0669,CARD_D,삼성카드 삼성 iD SELECT ALL 카드,2025-12,0,0,0,400000.0,400000,0,0,0,0.0,0.0,장보기,동네마트,440200.0,D카드 SELECT 7% 할인까지 40만 원 남았어요. 이번 주말 장보기는 D카드로 결제하세요.
C0669,CARD_E,NH농협카드 올바른 FLEX 카드,2025-12,0,0,0,300000.0,300000,0,0,0,0.0,0.0,편의점,GS25,10800.0,E카드 스타벅스 50% 할인까지 30만 원 남았어요. 이번 주 편의점은 E카드로 결제하세요.
C0670,CARD_A,신한카드 Mr.Life,2025-12,1003750,17,3,,0,3,17260,17260,,,,,,
C0670,CARD_B,KB국민카드 굿데이카드,2025-12,8370,1,0,300000.0,291630,0,0,0,0.0,0.0,외식,한식뷔페,95600.0,"B카드 통신비 10% 할인까지 29만 1,600원 남았어요. 이번 주 외식은 B카드로 결제하세요."
C0670,CARD_C,하나카드 MOVING카드 ALLDAY모드,2025-12,47000,1,1,,0,1,240,240,,,,,,
C0670,CARD_D,삼성카드 삼성 iD SELECT ALL 카드,2025-12,46300,1,0,400000.0,353700,0,0,0,3570.0,3570.0,온라인쇼핑,쿠팡,678300.0,"D카드 SELECT 7% 할인까지 35만 3,700원 남았어요. 이번 주 온라인쇼핑은 D카드로 결제하세요."
C0670,CARD_E,NH농협카드 올바른 FLEX 카드,2025-12,0,0,0,300000.0,300000,1,0,0,0.0,0.0,온라인쇼핑,쿠팡,678300.0,E카드 스타벅스 50% 할인까지 30만 원 남았어요. 이번 주 온라인쇼핑은 E카드로 결제하세요.
C0671,CARD_A,신한카드 Mr.Life,2025-12,33200,1,0,300000.0,266800,0,0,0,0.0,0.0,커피,컴포즈커피,14000.0,"A카드 공과금·편의점 10% 할인까지 26만 6,800원 남았어요. 이번 주 커피는 A카드로 결제하세요."
C0671,CARD_B,KB국민카드 굿데이카드,2025-12,33830,2,0,300000.0,266170,0,0,0,0.0,0.0,커피,컴포즈커피,14000.0,"B카드 통신비 10% 할인까지 26만 6,200원 남았어요. 이번 주 커피는 B카드로 결제하세요."
C0671,CARD_C,하나카드 MOVING카드 ALLDAY모드,2025-12,236900,1,1,,0,1,1180,1180,,,,,,
C0671,CARD_D,삼성카드 삼성 iD SELECT ALL 카드,2025-12,151050,12,0,400000.0,248950,2,9480,0,9480.0,9480.0,구독료,티빙,30400.0,"D카드 SELECT 7% 할인까지 24만 9,000원 남았어요. 이번 주 구독료는 D카드로 결제하세요."
C0671,CARD_E,NH농협카드 올바른 FLEX 카드,2025-12,70800,2,0,300000.0,229200,1,4660,0,4660.0,4660.0,커피,컴포즈커피,14000.0,"E카드 스타벅스 50% 할인까지 22만 9,200원 남았어요. 이번 주 커피는 E카드로 결제하세요."
C0672,CARD_A,신한카드 Mr.Life,2025-12,0,0,0,300000.0,300000,0,0,0,0.0,0.0,편의점,GS25,16700.0,A카드 공과금·편의점 10% 할인까지 30만 원 남았어요. 이번 주 편의점은 A카드로 결제하세요.
C0672,CARD_B,KB국민카드 굿데이카드,2025-12,496710,15,1,600000.0,103290,1,3000,3000,3690.0,690.0,편의점,GS25,16700.0,"B카드 외식·커피 10% 할인까지 10만 3,300원 남았어요. 이번 주 편의점은 B카드로 결제하세요."
C0672,CARD_C,하나카드 MOVING카드 ALLDAY모드,2025-12,31400,1,1,,0,1,160,160,,,,,,
C0672,CARD_D,삼성카드 삼성 iD SELECT ALL 카드,2025-12,0,0,0,400000.0,400000,0,0,0,0.0,0.0,배달 주문,배달의민족,117600.0,D카드 SELECT 7% 할인까지 40만 원 남았어요. 이번 주 배달 주문은 D카드로 결제하세요.
C0672,CARD_E,NH농협카드 올바른 FLEX 카드,2025-12,16100,1,0,300000.0,283900,0,0,0,0.0,0.0,배달 주문,배달의민족,117600.0,"E카드 스타벅스 50% 할인까지 28만 3,900원 남았어요. 이번 주 배달 주문은 E카드로 결제하세요."
C0673,CARD_A,신한카드 Mr.Life,2025-12,51040,3,0,300000.0,248960,0,0,0,3000.0,3000.0,커피,컴포즈커피,13400.0,"A카드 공과금·편의점 10% 할인까지 24만 9,000원 남았어요. 이번 주 커피는 A카드로 결제하세요."
C0673,CARD_B,KB국민카드 굿데이카드,2025-12,69200,1,0,300000.0,230800,0,0,0,0.0,0.0,커피,컴포즈커피,13400.0,B카드 통신비 10% 할인까지 23만 800원 남았어요. 이번 주 커피는 B카드로 결제하세요.
C0673,CARD_C,하나카드 MOVING카드 ALLDAY모드,2025-12,1093440,19,1,,0,1,10930,10930,,,,,,
C0673,CARD_D,삼성카드 삼성 iD SELECT ALL 카드,2025-12,0,0,0,400000.0,400000,0,0,0,0.0,0.0,구독료,스포티파이,41100.0,D카드 SELECT 7% 할인까지 40만 원 남았어요. 이번 주 구독료는 D카드로 결제하세요.
C0673,CARD_E,NH농협카드 올바른 FLEX 카드,2025-12,31600,2,0,300000.0,268400,0,0,0,2980.0,2980.0,구독료,스포티파이,41100.0,"E카드 스타벅스 50% 할인까지 26만 8,400원 남았어요. 이번 주 구독료는 E카드로 결제하세요."
C0674,CARD_A,신한카드 Mr.Life,2025-12,0,0,0,300000.0,300000,0,0,0,0.0,0.0,편의점,세븐일레븐,24800.0,A카드 공과금·편의점 10% 할인까지 30만 원 남았어요. 이번 주 편의점은 A카드로 결제하세요.
C0674,CARD_B,KB국민카드 굿데이카드,2025-12,423950,14,1,600000.0,176050,1,0,0,3300.0,3300.0,편의점,세븐일레븐,24800.0,"B카드 외식·커피 10% 할인까지 17만 6,000원 남았어요. 이번 주 편의점은 B카드로 결제하세요."
C0674,CARD_C,하나카드 MOVING카드 ALLDAY모드,2025-12,0,0,1,,0,1,0,0,,,,,,
C0674,CARD_D,삼성카드 삼성 iD SELECT ALL 카드,2025-12,22000,1,0,400000.0,378000,0,0,0,1690.0,1690.0,배달 주문,배달의민족,149000.0,"D카드 SELECT 7% 할인까지 37만 8,000원 남았어요. 이번 주 배달 주문은 D카드로 결제하세요."
C0674,CARD_E,NH농협카드 올바른 FLEX 카드,2025-12,0,0,0,300000.0,300000,0,0,0,0.0,0.0,배달 주문,배달의민족,149000.0,E카드 스타벅스 50% 할인까지 30만 원 남았어요. 이번 주 배달 주문은 E카드로 결제하세요.
C0675,CARD_A,신한카드 Mr.Life,2025-12,8860,1,0,300000.0,291140,0,0,0,0.0,0.0,편의점,세븐일레븐,29300.0,"A카드 공과금·편의점 10% 할인까지 29만 1,100원 남았어요. 이번 주 편의점은 A카드로 결제하세요."
C0675,CARD_B,KB국민카드 굿데이카드,2025-12,10600,1,0,300000.0,289400,0,0,0,0.0,0.0,편의점,세븐일레븐,29300.0,"B카드 통신비 10% 할인까지 28만 9,400원 남았어요. 이번 주 편의점은 B카드로 결제하세요."
C0675,CARD_C,하나카드 MOVING카드 ALLDAY모드,2025-12,221800,2,1,,0,1,1110,1110,,,,,,
C0675,CARD_D,삼성카드 삼성 iD SELECT ALL 카드,2025-12,192900,2,0,400000.0,207100,0,0,0,8350.0,8350.0,편의점,세븐일레븐,29300.0,"D카드 SELECT 7% 할인까지 20만 7,100원 남았어요. 이번 주 편의점은 D카드로 결제하세요."
C0675,CARD_E,NH농협카드 올바른 FLEX 카드,2025-12,1051980,19,1,,0,1,25420,25420,,,,,,
C0676,CARD_A,신한카드 Mr.Life,2025-12,163400,1,0,300000.0,136600,0,0,0,0.0,0.0,외식,아웃백스테이크하우스,312600.0,"A카드 공과금·편의점 10% 할인까지 13만 6,600원 남았어요. 이번 주 외식은 A카드로 결제하세요."
C0676,CARD_B,KB국민카드 굿데이카드,2025-12,2893690,15,3,,0,3,5590,5590,,,,,,
C0676,CARD_C,하나카드 MOVING카드 ALLDAY모드,2025-12,0,0,1,,0,1,0,0,,,,,,
C0676,CARD_D,삼성카드 삼성 iD SELECT ALL 카드,2025-12,0,0,0,400000.0,400000,0,0,0,0.0,0.0,외식,아웃백스테이크하우스,312600.0,D카드 SELECT 7% 할인까지 40만 원 남았어요. 이번 주 외식은 D카드로 결제하세요.
C0676,CARD_E,NH농협카드 올바른 FLEX 카드,2025-12,0,0,0,300000.0,300000,0,0,0,0.0,0.0,편의점,CU,21000.0,E카드 스타벅스 50% 할인까지 30만 원 남았어요. 이번 주 편의점은 E카드로 결제하세요.
C0677,CARD_A,신한카드 Mr.Life,2025-12,310740,25,1,500000.0,189260,2,6970,6970,6970.0,0.0,외식,서브웨이,39600.0,"A카드 할인한도 월 3.4만 원까지 18만 9,300원 남았어요. 이번 주 외식은 A카드로 결제하세요."
C0677,CARD_B,KB국민카드 굿데이카드,2025-12,36800,1,0,300000.0,263200,0,0,0,3680.0,3680.0,교통비,카카오T,48600.0,"B카드 통신비 10% 할인까지 26만 3,200원 남았어요. 이번 주 교통비는 B카드로 결제하세요."
C0677,CARD_C,하나카드 MOVING카드 ALLDAY모드,2025-12,36500,1,1,,0,1,180,180,,,,,,
C0677,CARD_D,삼성카드 삼성 iD SELECT ALL 카드,2025-12,6830,1,0,400000.0,393170,0,0,0,50.0,50.0,외식,서브웨이,39600.0,"D카드 SELECT 7% 할인까지 39만 3,200원 남았어요. 이번 주 외식은 D카드로 결제하세요."
C0677,CARD_E,NH농협카드 올바른 FLEX 카드,2025-12,0,0,0,300000.0,300000,0,0,0,0.0,0.0,교통비,카카오T,48600.0,E카드 스타벅스 50% 할인까지 30만 원 남았어요. 이번 주 교통비는 E카드로 결제하세요.
C0678,CARD_A,신한카드 Mr.Life,2025-12,1148060,26,3,,0,2,12860,12860,,,,,,
C0678,CARD_B,KB국민카드 굿데이카드,2025-12,5270,1,0,300000.0,294730,1,0,0,0.0,0.0,커피,스타벅스,38700.0,"B카드 통신비 10% 할인까지 29만 4,700원 남았어요. 이번 주 커피는 B카드로 결제하세요."
C0678,CARD_C,하나카드 MOVING카드 ALLDAY모드,2025-12,16460,3,1,,0,1,80,80,,,,,,
C0678,CARD_D,삼성카드 삼성 iD SELECT ALL 카드,2025-12,42600,1,0,400000.0,357400,0,0,0,3280.0,3280.0,배달 주문,쿠팡이츠,283000.0,"D카드 SELECT 7% 할인까지 35만 7,400원 남았어요. 이번 주 배달 주문은 D카드로 결제하세요."
C0678,CARD_E,NH농협카드 올바른 FLEX 카드,2025-12,128370,2,0,300000.0,171630,0,0,0,5000.0,5000.0,배달 주문,쿠팡이츠,283000.0,"E카드 스타벅스 50% 할인까지 17만 1,600원 남았어요. 이번 주 배달 주문은 E카드로 결제하세요."
C0679,CARD_A,신한카드 Mr.Life,2025-12,1863930,15,3,,0,3,19940,19940,,,,,,
C0679,CARD_B,KB국민카드 굿데이카드,2025-12,0,0,0,300000.0,300000,0,0,0,0.0,0.0,편의점,세븐일레븐,18800.0,B카드 통신비 10% 할인까지 30만 원 남았어요. 이번 주 편의점은 B카드로 결제하세요.
C0679,CARD_C,하나카드 MOVING카드 ALLDAY모드,2025-12,0,0,1,,0,1,0,0,,,,,,
C0679,CARD_D,삼성카드 삼성 iD SELECT ALL 카드,2025-12,0,0,0,400000.0,400000,0,0,0,0.0,0.0,편의점,세븐일레븐,18800.0,D카드 SELECT 7% 할인까지 40만 원 남았어요. 이번 주 편의점은 D카드로 결제하세요.
C0679,CARD_E,NH농협카드 올바른 FLEX 카드,2025-12,246700,1,0,300000.0,53300,0,0,0,0.0,0.0,편의점,세븐일레븐,18800.0,"E카드 스타벅스 50% 할인까지 5만 3,300원 남았어요. 이번 주 편의점은 E카드로 결제하세요."
C0680,CARD_A,신한카드 Mr.Life,2025-12,517090,10,2,1000000.0,482910,2,590,590,590.0,0.0,커피,메가MGC커피,13200.0,"A카드 할인한도 월 5만 원까지 48만 2,900원 남았어요. 이번 주 커피는 A카드로 결제하세요."
C0680,CARD_B,KB국민카드 굿데이카드,2025-12,63320,2,0,300000.0,236680,0,0,0,0.0,0.0,커피,메가MGC커피,13200.0,"B카드 통신비 10% 할인까지 23만 6,700원 남았어요. 이번 주 커피는 B카드로 결제하세요."
C0680,CARD_C,하나카드 MOVING카드 ALLDAY모드,2025-12,43300,1,1,,0,1,220,220,,,,,,
C0680,CARD_D,삼성카드 삼성 iD SELECT ALL 카드,2025-12,41810,2,0,400000.0,358190,0,0,0,290.0,290.0,외식,스시오마카세,61200.0,"D카드 SELECT 7% 할인까지 35만 8,200원 남았어요. 이번 주 외식은 D카드로 결제하세요."
C0680,CARD_E,NH농협카드 올바른 FLEX 카드,2025-12,0,0,0,300000.0,300000,0,0,0,0.0,0.0,커피,메가MGC커피,13200.0,E카드 스타벅스 50% 할인까지 30만 원 남았어요. 이번 주 커피는 E카드로 결제하세요.
C0681,CARD_A,신한카드 Mr.Life,2025-12,143380,9,0,300000.0,156620,3,5410,0,4790.0,4790.0,커피,투썸플레이스,23800.0,"A카드 공과금·편의점 10% 할인까지 15만 6,600원 남았어요. 이번 주 커피는 A카드로 결제하세요."
C0681,CARD_B,KB국민카드 굿데이카드,2025-12,0,0,0,300000.0,300000,0,0,0,0.0,0.0,커피,투썸플레이스,23800.0,B카드 통신비 10% 할인까지 30만 원 남았어요. 이번 주 커피는 B카드로 결제하세요.
C0681,CARD_C,하나카드 MOVING카드 ALLDAY모드,2025-12,3290,1,1,,0,1,20,20,,,,,,
C0681,CARD_D,삼성카드 삼성 iD SELECT ALL 카드,2025-12,0,0,0,400000.0,400000,0,0,0,0.0,0.0,외식,동네식당,62400.0,D카드 SELECT 7% 할인까지 40만 원 남았어요. 이번 주 외식은 D카드로 결제하세요.
C0681,CARD_E,NH농협카드 올바른 FLEX 카드,2025-12,0,0,0,300000.0,300000,0,0,0,0.0,0.0,커피,투썸플레이스,23800.0,E카드 스타벅스 50% 할인까지 30만 원 남았어요. 이번 주 커피는 E카드로 결제하세요.
C0682,CARD_A,신한카드 Mr.Life,2025-12,417370,12,1,500000.0,82630,3,11870,7220,11870.0,4650.0,커피,컴포즈커피,12400.0,"A카드 할인한도 월 3.4만 원까지 8만 2,600원 남았어요. 이번 주 커피는 A카드로 결제하세요."
C0682,CARD_B,KB국민카드 굿데이카드,2025-12,2530,1,0,300000.0,297470,0,0,0,0.0,0.0,커피,컴포즈커피,12400.0,"B카드 통신비 10% 할인까지 29만 7,500원 남았어요. 이번 주 커피는 B카드로 결제하세요."
C0682,CARD_C,하나카드 MOVING카드 ALLDAY모드,2025-12,6590,2,1,,0,1,30,30,,,,,,
C0682,CARD_D,삼성카드 삼성 iD SELECT ALL 카드,2025-12,0,0,0,400000.0,400000,0,0,0,0.0,0.0,편의점,CU,15200.0,D카드 SELECT 7% 할인까지 40만 원 남았어요. 이번 주 편의점은 D카드로 결제하세요.
C0682,CARD_E,NH농협카드 올바른 FLEX 카드,2025-12,92970,5,0,300000.0,207030,1,240,0,240.0,240.0,커피,컴포즈커피,12400.0,"E카드 스타벅스 50% 할인까지 20만 7,000원 남았어요. 이번 주 커피는 E카드로 결제하세요."
C0683,CARD_A,신한카드 Mr.Life,2025-12,300120,14,1,500000.0,199880,0,0,12190,17040.0,4850.0,장보기,홈플러스,88500.0,"A카드 할인한도 월 3.4만 원까지 19만 9,900원 남았어요. 이번 주말 장보기는 A카드로 결제하세요."
C0683,CARD_B,KB국민카드 굿데이카드,2025-12,0,0,0,300000.0,300000,0,0,0,0.0,0.0,외식,맘스터치,22400.0,B카드 통신비 10% 할인까지 30만 원 남았어요. 이번 주 외식은 B카드로 결제하세요.
C0683,CARD_C,하나카드 MOVING카드 ALLDAY모드,2025-12,0,0,1,,0,1,0,0,,,,,,
C0683,CARD_D,삼성카드 삼성 iD SELECT ALL 카드,2025-12,11800,1,0,400000.0,388200,0,0,0,910.0,910.0,구독료,유튜브 프리미엄,57100.0,"D카드 SELECT 7% 할인까지 38만 8,200원 남았어요. 이번 주 구독료는 D카드로 결제하세요."
C0683,CARD_E,NH농협카드 올바른 FLEX 카드,2025-12,0,0,0,300000.0,300000,0,0,0,0.0,0.0,구독료,유튜브 프리미엄,57100.0,E카드 스타벅스 50% 할인까지 30만 원 남았어요. 이번 주 구독료는 E카드로 결제하세요.
C0684,CARD_A,신한카드 Mr.Life,2025-12,66800,1,0,300000.0,233200,0,0,0,0.0,0.0,온라인쇼핑,쿠팡,106900.0,"A카드 공과금·편의점 10% 할인까지 23만 3,200원 남았어요. 이번 주 온라인쇼핑은 A카드로 결제하세요."
C0684,CARD_B,KB국민카드 굿데이카드,2025-12,42600,1,0,300000.0,257400,0,0,0,0.0,0.0,커피,동네로스터리,9600.0,"B카드 통신비 10% 할인까지 25만 7,400원 남았어요. 이번 주 커피는 B카드로 결제하세요."
C0684,CARD_C,하나카드 MOVING카드 ALLDAY모드,2025-12,0,0,1,,0,1,0,0,,,,,,
C0684,CARD_D,삼성카드 삼성 iD SELECT ALL 카드,2025-12,46100,1,0,400000.0,353900,0,0,0,3550.0,3550.0,온라인쇼핑,쿠팡,106900.0,"D카드 SELECT 7% 할인까지 35만 3,900원 남았어요. 이번 주 온라인쇼핑은 D카드로 결제하세요."
C0684,CARD_E,NH농협카드 올바른 FLEX 카드,2025-12,1229640,15,1,,0,1,17910,17910,,,,,,
C0685,CARD_A,신한카드 Mr.Life,2025-12,1112430,30,3,,0,3,33680,33680,,,,,,
C0685,CARD_B,KB국민카드 굿데이카드,2025-12,31900,1,0,300000.0,268100,0,0,0,0.0,0.0,외식,김밥천국,106700.0,"B카드 통신비 10% 할인까지 26만 8,100원 남았어요. 이번 주 외식은 B카드로 결제하세요."
C0685,CARD_C,하나카드 MOVING카드 ALLDAY모드,2025-12,13100,1,1,,0,1,70,70,,,,,,
C0685,CARD_D,삼성카드 삼성 iD SELECT ALL 카드,2025-12,6240,2,0,400000.0,393760,0,0,0,150.0,150.0,온라인쇼핑,네이버쇼핑,1157500.0,"D카드 SELECT 7% 할인까지 39만 3,800원 남았어요. 이번 주 온라인쇼핑은 D카드로 결제하세요."
C0685,CARD_E,NH농협카드 올바른 FLEX 카드,2025-12,10740,2,0,300000.0,289260,0,0,0,540.0,540.0,온라인쇼핑,네이버쇼핑,1157500.0,"E카드 스타벅스 50% 할인까지 28만 9,300원 남았어요. 이번 주 온라인쇼핑은 E카드로 결제하세요."
C0686,CARD_A,신한카드 Mr.Life,2025-12,0,0,0,300000.0,300000,0,0,0,0.0,0.0,외식,맘스터치,375900.0,A카드 공과금·편의점 10% 할인까지 30만 원 남았어요. 이번 주 외식은 A카드로 결제하세요.
C0686,CARD_B,KB국민카드 굿데이카드,2025-12,77100,3,0,300000.0,222900,0,0,0,0.0,0.0,외식,맘스터치,375900.0,"B카드 통신비 10% 할인까지 22만 2,900원 남았어요. 이번 주 외식은 B카드로 결제하세요."
C0686,CARD_C,하나카드 MOVING카드 ALLDAY모드,2025-12,0,0,1,,0,1,0,0,,,,,,
C0686,CARD_D,삼성카드 삼성 iD SELECT ALL 카드,2025-12,0,0,0,400000.0,400000,0,0,0,0.0,0.0,외식,맘스터치,375900.0,D카드 SELECT 7% 할인까지 40만 원 남았어요. 이번 주 외식은 D카드로 결제하세요.
C0686,CARD_E,NH농협카드 올바른 FLEX 카드,2025-12,896900,16,1,,0,1,12470,12470,,,,,,
C0687,CARD_A,신한카드 Mr.Life,2025-12,0,0,0,300000.0,300000,0,0,0,0.0,0.0,외식,이자카야,58300.0,A카드 공과금·편의점 10% 할인까지 30만 원 남았어요. 이번 주 외식은 A카드로 결제하세요.
C0687,CARD_B,KB국민카드 굿데이카드,2025-12,0,0,0,300000.0,300000,0,0,0,0.0,0.0,외식,이자카야,58300.0,B카드 통신비 10% 할인까지 30만 원 남았어요. 이번 주 외식은 B카드로 결제하세요.
C0687,CARD_C,하나카드 MOVING카드 ALLDAY모드,2025-12,61010,6,1,,0,1,610,610,,,,,,
C0687,CARD_D,삼성카드 삼성 iD SELECT ALL 카드,2025-12,59080,2,0,400000.0,340920,0,0,0,5670.0,5670.0,구독료,티빙,22800.0,D카드 SELECT 7% 할인까지 34만 900원 남았어요. 이번 주 구독료는 D카드로 결제하세요.
C0687,CARD_E,NH농협카드 올바른 FLEX 카드,2025-12,0,0,0,300000.0,300000,0,0,0,0.0,0.0,구독료,티빙,22800.0,E카드 스타벅스 50% 할인까지 30만 원 남았어요. 이번 주 구독료는 E카드로 결제하세요.
C0688,CARD_A,신한카드 Mr.Life,2025-12,409120,27,1,500000.0,90880,2,9870,6270,9870.0,3600.0,편의점,GS25,32200.0,A카드 할인한도 월 3.4만 원까지 9만 900원 남았어요. 이번 주 편의점은 A카드로 결제하세요.
C0688,CARD_B,KB국민카드 굿데이카드,2025-12,220800,1,0,300000.0,79200,0,0,0,0.0,0.0,편의점,GS25,32200.0,"B카드 통신비 10% 할인까지 7만 9,200원 남았어요. 이번 주 편의점은 B카드로 결제하세요."
C0688,CARD_C,하나카드 MOVING카드 ALLDAY모드,2025-12,21500,2,1,,0,1,110,110,,,,,,
C0688,CARD_D,삼성카드 삼성 iD SELECT ALL 카드,2025-12,8030,2,0,400000.0,391970,0,0,0,620.0,620.0,편의점,GS25,32200.0,"D카드 SELECT 7% 할인까지 39만 2,000원 남았어요. 이번 주 편의점은 D카드로 결제하세요."
C0688,CARD_E,NH농협카드 올바른 FLEX 카드,2025-12,3010,1,0,300000.0,296990,0,0,0,0.0,0.0,편의점,GS25,32200.0,"E카드 스타벅스 50% 할인까지 29만 7,000원 남았어요. 이번 주 편의점은 E카드로 결제하세요."
C0689,CARD_A,신한카드 Mr.Life,2025-12,21800,1,0,300000.0,278200,0,0,0,0.0,0.0,장보기,하나로마트,634100.0,"A카드 공과금·편의점 10% 할인까지 27만 8,200원 남았어요. 이번 주말 장보기는 A카드로 결제하세요."
C0689,CARD_B,KB국민카드 굿데이카드,2025-12,0,0,0,300000.0,300000,0,0,0,0.0,0.0,외식,동네식당,53300.0,B카드 통신비 10% 할인까지 30만 원 남았어요. 이번 주 외식은 B카드로 결제하세요.
C0689,CARD_C,하나카드 MOVING카드 ALLDAY모드,2025-12,1185150,12,1,,0,1,11850,11850,,,,,,
C0689,CARD_D,삼성카드 삼성 iD SELECT ALL 카드,2025-12,0,0,0,400000.0,400000,0,0,0,0.0,0.0,장보기,하나로마트,634100.0,D카드 SELECT 7% 할인까지 40만 원 남았어요. 이번 주말 장보기는 D카드로 결제하세요.
C0689,CARD_E,NH농협카드 올바른 FLEX 카드,2025-12,0,0,0,300000.0,300000,0,0,0,0.0,0.0,온라인쇼핑,네이버쇼핑,107600.0,E카드 스타벅스 50% 할인까지 30만 원 남았어요. 이번 주 온라인쇼핑은 E카드로 결제하세요.
C0690,CARD_A,신한카드 Mr.Life,2025-12,136100,3,0,300000.0,163900,0,0,0,0.0,0.0,온라인쇼핑,G마켓,1243400.0,"A카드 공과금·편의점 10% 할인까지 16만 3,900원 남았어요. 이번 주 온라인쇼핑은 A카드로 결제하세요."
C0690,CARD_B,KB국민카드 굿데이카드,2025-12,329900,3,1,600000.0,270100,0,0,0,1900.0,1900.0,외식,이자카야,178600.0,B카드 외식·커피 10% 할인까지 27만 100원 남았어요. 이번 주 외식은 B카드로 결제하세요.
C0690,CARD_C,하나카드 MOVING카드 ALLDAY모드,2025-12,10400,1,1,,0,1,50,50,,,,,,
C0690,CARD_D,삼성카드 삼성 iD SELECT ALL 카드,2025-12,52900,1,0,400000.0,347100,0,0,0,5290.0,5290.0,온라인쇼핑,G마켓,1243400.0,"D카드 SELECT 7% 할인까지 34만 7,100원 남았어요. 이번 주 온라인쇼핑은 D카드로 결제하세요."
C0690,CARD_E,NH농협카드 올바른 FLEX 카드,2025-12,2276280,20,1,,0,1,8660,8660,,,,,,
C0691,CARD_A,신한카드 Mr.Life,2025-12,469130,18,1,500000.0,30870,1,2360,2360,2360.0,0.0,커피,투썸플레이스,7200.0,A카드 할인한도 월 3.4만 원까지 3만 900원 남았어요. 이번 주 커피는 A카드로 결제하세요.
C0691,CARD_B,KB국민카드 굿데이카드,2025-12,0,0,0,300000.0,300000,0,0,0,0.0,0.0,커피,투썸플레이스,7200.0,B카드 통신비 10% 할인까지 30만 원 남았어요. 이번 주 커피는 B카드로 결제하세요.
C0691,CARD_C,하나카드 MOVING카드 ALLDAY모드,2025-12,0,0,1,,0,1,0,0,,,,,,
C0691,CARD_D,삼성카드 삼성 iD SELECT ALL 카드,2025-12,0,0,0,400000.0,400000,0,0,0,0.0,0.0,구독료,티빙,45800.0,D카드 SELECT 7% 할인까지 40만 원 남았어요. 이번 주 구독료는 D카드로 결제하세요.
C0691,CARD_E,NH농협카드 올바른 FLEX 카드,2025-12,10100,1,0,300000.0,289900,0,0,0,0.0,0.0,구독료,티빙,45800.0,"E카드 스타벅스 50% 할인까지 28만 9,900원 남았어요. 이번 주 구독료는 E카드로 결제하세요."
C0692,CARD_A,신한카드 Mr.Life,2025-12,134770,6,0,300000.0,165230,0,0,0,1450.0,1450.0,편의점,세븐일레븐,13600.0,"A카드 공과금·편의점 10% 할인까지 16만 5,200원 남았어요. 이번 주 편의점은 A카드로 결제하세요."
C0692,CARD_B,KB국민카드 굿데이카드,2025-12,0,0,0,300000.0,300000,0,0,0,0.0,0.0,편의점,세븐일레븐,13600.0,B카드 통신비 10% 할인까지 30만 원 남았어요. 이번 주 편의점은 B카드로 결제하세요.
C0692,CARD_C,하나카드 MOVING카드 ALLDAY모드,2025-12,0,0,1,,0,1,0,0,,,,,,
C0692,CARD_D,삼성카드 삼성 iD SELECT ALL 카드,2025-12,0,0,0,400000.0,400000,0,0,0,0.0,0.0,편의점,세븐일레븐,13600.0,D카드 SELECT 7% 할인까지 40만 원 남았어요. 이번 주 편의점은 D카드로 결제하세요.
C0692,CARD_E,NH농협카드 올바른 FLEX 카드,2025-12,0,0,0,300000.0,300000,0,0,0,0.0,0.0,편의점,세븐일레븐,13600.0,E카드 스타벅스 50% 할인까지 30만 원 남았어요. 이번 주 편의점은 E카드로 결제하세요.
C0693,CARD_A,신한카드 Mr.Life,2025-12,0,0,0,300000.0,300000,0,0,0,0.0,0.0,주유,SK에너지,271400.0,A카드 공과금·편의점 10% 할인까지 30만 원 남았어요. 이번 주말 주유는 A카드로 결제하세요.
C0693,CARD_B,KB국민카드 굿데이카드,2025-12,53800,1,0,300000.0,246200,2,1900,0,1900.0,1900.0,주유,SK에너지,271400.0,"B카드 통신비 10% 할인까지 24만 6,200원 남았어요. 이번 주말 주유는 B카드로 결제하세요."
C0693,CARD_C,하나카드 MOVING카드 ALLDAY모드,2025-12,1223300,12,1,,0,1,12230,12230,,,,,,
C0693,CARD_D,삼성카드 삼성 iD SELECT ALL 카드,2025-12,110300,3,0,400000.0,289700,0,0,0,5230.0,5230.0,주유,SK에너지,271400.0,"D카드 SELECT 7% 할인까지 28만 9,700원 남았어요. 이번 주말 주유는 D카드로 결제하세요."
C0693,CARD_E,NH농협카드 올바른 FLEX 카드,2025-12,6870,1,0,300000.0,293130,1,340,0,340.0,340.0,온라인쇼핑,올리브영온라인,68900.0,"E카드 스타벅스 50% 할인까지 29만 3,100원 남았어요. 이번 주 온라인쇼핑은 E카드로 결제하세요."
C0694,CARD_A,신한카드 Mr.Life,2025-12,977450,15,2,1000000.0,22550,3,7060,7060,7060.0,0.0,커피,스타벅스,56100.0,"A카드 할인한도 월 5만 원까지 2만 2,600원 남았어요. 이번 주 커피는 A카드로 결제하세요."
C0694,CARD_B,KB국민카드 굿데이카드,2025-12,9010,1,0,300000.0,290990,0,0,0,0.0,0.0,커피,스타벅스,56100.0,"B카드 통신비 10% 할인까지 29만 1,000원 남았어요. 이번 주 커피는 B카드로 결제하세요."
C0694,CARD_C,하나카드 MOVING카드 ALLDAY모드,2025-12,424400,1,1,,0,1,2120,2120,,,,,,
C0694,CARD_D,삼성카드 삼성 iD SELECT ALL 카드,2025-12,0,0,0,400000.0,400000,0,0,0,0.0,0.0,배달 주문,배달의민족,163500.0,D카드 SELECT 7% 할인까지 40만 원 남았어요. 이번 주 배달 주문은 D카드로 결제하세요.
C0694,CARD_E,NH농협카드 올바른 FLEX 카드,2025-12,54700,2,0,300000.0,245300,0,0,0,0.0,0.0,커피,스타벅스,56100.0,"E카드 스타벅스 50% 할인까지 24만 5,300원 남았어요. 이번 주 커피는 E카드로 결제하세요."
C0695,CARD_A,신한카드 Mr.Life,2025-12,0,0,0,300000.0,300000,0,0,0,0.0,0.0,장보기,쿠팡프레시,300200.0,A카드 공과금·편의점 10% 할인까지 30만 원 남았어요. 이번 주말 장보기는 A카드로 결제하세요.
C0695,CARD_B,KB국민카드 굿데이카드,2025-12,0,0,0,300000.0,300000,0,0,0,0.0,0.0,외식,한식뷔페,10600.0,B카드 통신비 10% 할인까지 30만 원 남았어요. 이번 주 외식은 B카드로 결제하세요.
C0695,CARD_C,하나카드 MOVING카드 ALLDAY모드,2025-12,11610,2,1,,0,1,240,240,,,,,,
C0695,CARD_D,삼성카드 삼성 iD SELECT ALL 카드,2025-12,0,0,0,400000.0,400000,0,0,0,0.0,0.0,장보기,쿠팡프레시,300200.0,D카드 SELECT 7% 할인까지 40만 원 남았어요. 이번 주말 장보기는 D카드로 결제하세요.
C0695,CARD_E,NH농협카드 올바른 FLEX 카드,2025-12,1089190,12,1,,0,1,0,0,,,,,,
C0696,CARD_A,신한카드 Mr.Life,2025-12,907420,28,2,1000000.0,92580,3,27930,24930,27930.0,3000.0,커피,메가MGC커피,30800.0,"A카드 할인한도 월 5만 원까지 9만 2,600원 남았어요. 이번 주 커피는 A카드로 결제하세요."
C0696,CARD_B,KB국민카드 굿데이카드,2025-12,4880,1,0,300000.0,295120,0,0,0,0.0,0.0,커피,메가MGC커피,30800.0,"B카드 통신비 10% 할인까지 29만 5,100원 남았어요. 이번 주 커피는 B카드로 결제하세요."
C0696,CARD_C,하나카드 MOVING카드 ALLDAY모드,2025-12,13100,1,1,,0,1,70,70,,,,,,
C0696,CARD_D,삼성카드 삼성 iD SELECT ALL 카드,2025-12,165880,2,0,400000.0,234120,0,0,0,8160.0,8160.0,온라인쇼핑,알리익스프레스,229000.0,"D카드 SELECT 7% 할인까지 23만 4,100원 남았어요. 이번 주 온라인쇼핑은 D카드로 결제하세요."
C0696,CARD_E,NH농협카드 올바른 FLEX 카드,2025-12,0,0,0,300000.0,300000,0,0,0,0.0,0.0,커피,메가MGC커피,30800.0,E카드 스타벅스 50% 할인까지 30만 원 남았어요. 이번 주 커피는 E카드로 결제하세요.
C0697,CARD_A,신한카드 Mr.Life,2025-12,64100,1,0,300000.0,235900,0,0,0,6410.0,6410.0,편의점,CU,10300.0,"A카드 공과금·편의점 10% 할인까지 23만 5,900원 남았어요. 이번 주 편의점은 A카드로 결제하세요."
C0697,CARD_B,KB국민카드 굿데이카드,2025-12,0,0,0,300000.0,300000,0,0,0,0.0,0.0,편의점,CU,10300.0,B카드 통신비 10% 할인까지 30만 원 남았어요. 이번 주 편의점은 B카드로 결제하세요.
C0697,CARD_C,하나카드 MOVING카드 ALLDAY모드,2025-12,84780,6,1,,0,1,610,610,,,,,,
C0697,CARD_D,삼성카드 삼성 iD SELECT ALL 카드,2025-12,0,0,0,400000.0,400000,0,0,0,0.0,0.0,편의점,CU,10300.0,D카드 SELECT 7% 할인까지 40만 원 남았어요. 이번 주 편의점은 D카드로 결제하세요.
C0697,CARD_E,NH농협카드 올바른 FLEX 카드,2025-12,72200,1,0,300000.0,227800,0,0,0,0.0,0.0,편의점,CU,10300.0,"E카드 스타벅스 50% 할인까지 22만 7,800원 남았어요. 이번 주 편의점은 E카드로 결제하세요."
C0698,CARD_A,신한카드 Mr.Life,2025-12,502410,15,2,1000000.0,497590,3,320,320,320.0,0.0,커피,빽다방,14600.0,"A카드 할인한도 월 5만 원까지 49만 7,600원 남았어요. 이번 주 커피는 A카드로 결제하세요."
C0698,CARD_B,KB국민카드 굿데이카드,2025-12,0,0,0,300000.0,300000,0,0,0,0.0,0.0,커피,빽다방,14600.0,B카드 통신비 10% 할인까지 30만 원 남았어요. 이번 주 커피는 B카드로 결제하세요.
C0698,CARD_C,하나카드 MOVING카드 ALLDAY모드,2025-12,0,0,1,,0,1,0,0,,,,,,
C0698,CARD_D,삼성카드 삼성 iD SELECT ALL 카드,2025-12,0,0,0,400000.0,400000,0,0,0,0.0,0.0,배달 주문,배달의민족,143300.0,D카드 SELECT 7% 할인까지 40만 원 남았어요. 이번 주 배달 주문은 D카드로 결제하세요.
C0698,CARD_E,NH농협카드 올바른 FLEX 카드,2025-12,8520,1,0,300000.0,291480,0,0,0,600.0,600.0,배달 주문,배달의민족,143300.0,"E카드 스타벅스 50% 할인까지 29만 1,500원 남았어요. 이번 주 배달 주문은 E카드로 결제하세요."
C0699,CARD_A,신한카드 Mr.Life,2025-12,182910,17,0,300000.0,117090,2,2530,0,2530.0,2530.0,커피,스타벅스,16500.0,"A카드 공과금·편의점 10% 할인까지 11만 7,100원 남았어요. 이번 주 커피는 A카드로 결제하세요."
C0699,CARD_B,KB국민카드 굿데이카드,2025-12,0,0,0,300000.0,300000,0,0,0,0.0,0.0,교통비,티머니,31800.0,B카드 통신비 10% 할인까지 30만 원 남았어요. 이번 주 교통비는 B카드로 결제하세요.
C0699,CARD_C,하나카드 MOVING카드 ALLDAY모드,2025-12,4540,2,1,,0,1,70,70,,,,,,
C0699,CARD_D,삼성카드 삼성 iD SELECT ALL 카드,2025-12,39400,2,0,400000.0,360600,0,0,0,2670.0,2670.0,편의점,세븐일레븐,14600.0,D카드 SELECT 7% 할인까지 36만 600원 남았어요. 이번 주 편의점은 D카드로 결제하세요.
C0699,CARD_E,NH농협카드 올바른 FLEX 카드,2025-12,0,0,0,300000.0,300000,0,0,0,0.0,0.0,교통비,티머니,31800.0,E카드 스타벅스 50% 할인까지 30만 원 남았어요. 이번 주 교통비는 E카드로 결제하세요.
C0700,CARD_A,신한카드 Mr.Life,2025-12,1000680,11,3,,0,2,2130,2130,,,,,,
C0700,CARD_B,KB국민카드 굿데이카드,2025-12,3700,1,0,300000.0,296300,0,0,0,0.0,0.0,편의점,CU,31400.0,"B카드 통신비 10% 할인까지 29만 6,300원 남았어요. 이번 주 편의점은 B카드로 결제하세요."
C0700,CARD_C,하나카드 MOVING카드 ALLDAY모드,2025-12,12200,1,1,,0,1,60,60,,,,,,
C0700,CARD_D,삼성카드 삼성 iD SELECT ALL 카드,2025-12,37300,2,0,400000.0,362700,0,0,0,2870.0,2870.0,편의점,CU,31400.0,"D카드 SELECT 7% 할인까지 36만 2,700원 남았어요. 이번 주 편의점은 D카드로 결제하세요."
C0700,CARD_E,NH농협카드 올바른 FLEX 카드,2025-12,0,0,0,300000.0,300000,0,0,0,0.0,0.0,편의점,CU,31400.0,E카드 스타벅스 50% 할인까지 30만 원 남았어요. 이번 주 편의점은 E카드로 결제하세요.
C0701,CARD_A,신한카드 Mr.Life,2025-12,0,0,0,300000.0,300000,0,0,0,0.0,0.0,외식,동네식당,131100.0,A카드 공과금·편의점 10% 할인까지 30만 원 남았어요. 이번 주 외식은 A카드로 결제하세요.
C0701,CARD_B,KB국민카드 굿데이카드,2025-12,28800,1,0,300000.0,271200,0,0,0,0.0,0.0,외식,동네식당,131100.0,"B카드 통신비 10% 할인까지 27만 1,200원 남았어요. 이번 주 외식은 B카드로 결제하세요."
C0701,CARD_C,하나카드 MOVING카드 ALLDAY모드,2025-12,745860,14,1,,0,1,7620,7620,,,,,,
C0701,CARD_D,삼성카드 삼성 iD SELECT ALL 카드,2025-12,0,0,0,400000.0,400000,0,0,0,0.0,0.0,외식,동네식당,131100.0,D카드 SELECT 7% 할인까지 40만 원 남았어요. 이번 주 외식은 D카드로 결제하세요.
C0701,CARD_E,NH농협카드 올바른 FLEX 카드,2025-12,24000,1,0,300000.0,276000,0,0,0,0.0,0.0,커피,스타벅스,23100.0,"E카드 스타벅스 50% 할인까지 27만 6,000원 남았어요. 이번 주 커피는 E카드로 결제하세요."
C0702,CARD_A,신한카드 Mr.Life,2025-12,1126550,29,3,,0,1,2010,2010,,,,,,
C0702,CARD_B,KB국민카드 굿데이카드,2025-12,0,0,0,300000.0,300000,0,0,0,0.0,0.0,교통비,티머니,30900.0,B카드 통신비 10% 할인까지 30만 원 남았어요. 이번 주 교통비는 B카드로 결제하세요.
C0702,CARD_C,하나카드 MOVING카드 ALLDAY모드,2025-12,3480,1,1,,0,1,100,100,,,,,,
C0702,CARD_D,삼성카드 삼성 iD SELECT ALL 카드,2025-12,18100,1,0,400000.0,381900,0,0,0,1390.0,1390.0,편의점,이마트24,14800.0,"D카드 SELECT 7% 할인까지 38만 1,900원 남았어요. 이번 주 편의점은 D카드로 결제하세요."
C0702,CARD_E,NH농협카드 올바른 FLEX 카드,2025-12,20500,1,0,300000.0,279500,0,0,0,2050.0,2050.0,교통비,티머니,30900.0,"E카드 스타벅스 50% 할인까지 27만 9,500원 남았어요. 이번 주 교통비는 E카드로 결제하세요."
C0703,CARD_A,신한카드 Mr.Life,2025-12,3171400,12,3,,0,3,9930,9930,,,,,,
C0703,CARD_B,KB국민카드 굿데이카드,2025-12,0,0,0,300000.0,300000,0,0,0,0.0,0.0,외식,맘스터치,962600.0,B카드 통신비 10% 할인까지 30만 원 남았어요. 이번 주 외식은 B카드로 결제하세요.
C0703,CARD_C,하나카드 MOVING카드 ALLDAY모드,2025-12,0,0,1,,0,1,0,0,,,,,,
C0703,CARD_D,삼성카드 삼성 iD SELECT ALL 카드,2025-12,0,0,0,400000.0,400000,0,0,0,0.0,0.0,외식,맘스터치,962600.0,D카드 SELECT 7% 할인까지 40만 원 남았어요. 이번 주 외식은 D카드로 결제하세요.
C0703,CARD_E,NH농협카드 올바른 FLEX 카드,2025-12,0,0,0,300000.0,300000,1,0,0,0.0,0.0,편의점,CU,24900.0,E카드 스타벅스 50% 할인까지 30만 원 남았어요. 이번 주 편의점은 E카드로 결제하세요.
C0704,CARD_A,신한카드 Mr.Life,2025-12,0,0,0,300000.0,300000,0,0,0,0.0,0.0,커피,스타벅스,19600.0,A카드 공과금·편의점 10% 할인까지 30만 원 남았어요. 이번 주 커피는 A카드로 결제하세요.
C0704,CARD_B,KB국민카드 굿데이카드,2025-12,0,0,0,300000.0,300000,0,0,0,0.0,0.0,교통비,카카오T,78600.0,B카드 통신비 10% 할인까지 30만 원 남았어요. 이번 주 교통비는 B카드로 결제하세요.
C0704,CARD_C,하나카드 MOVING카드 ALLDAY모드,2025-12,200100,15,1,,0,1,2290,2290,,,,,,
C0704,CARD_D,삼성카드 삼성 iD SELECT ALL 카드,2025-12,0,0,0,400000.0,400000,0,0,0,0.0,0.0,배달 주문,배달의민족,49100.0,D카드 SELECT 7% 할인까지 40만 원 남았어요. 이번 주 배달 주문은 D카드로 결제하세요.
C0704,CARD_E,NH농협카드 올바른 FLEX 카드,2025-12,2090,1,0,300000.0,297910,0,0,0,100.0,100.0,교통비,카카오T,78600.0,"E카드 스타벅스 50% 할인까지 29만 7,900원 남았어요. 이번 주 교통비는 E카드로 결제하세요."
C0705,CARD_A,신한카드 Mr.Life,2025-12,6264500,24,3,,0,2,8340,11340,,,,,,
C0705,CARD_B,KB국민카드 굿데이카드,2025-12,290700,2,0,300000.0,9300,0,0,0,0.0,0.0,외식,동네식당,75800.0,"B카드 통신비 10% 할인까지 9,300원 남았어요. 이번 주 외식은 B카드로 결제하세요."
C0705,CARD_C,하나카드 MOVING카드 ALLDAY모드,2025-12,55500,1,1,,0,1,280,280,,,,,,
C0705,CARD_D,삼성카드 삼성 iD SELECT ALL 카드,2025-12,3770100,2,3,,0,1,27730,27730,,,,,,
C0705,CARD_E,NH농협카드 올바른 FLEX 카드,2025-12,124860,3,0,300000.0,175140,0,0,0,5110.0,5110.0,교통비,티머니,56400.0,"E카드 스타벅스 50% 할인까지 17만 5,100원 남았어요. 이번 주 교통비는 E카드로 결제하세요."
C0706,CARD_A,신한카드 Mr.Life,2025-12,0,0,0,300000.0,300000,0,0,0,0.0,0.0,장보기,동네마트,114700.0,A카드 공과금·편의점 10% 할인까지 30만 원 남았어요. 이번 주말 장보기는 A카드로 결제하세요.
C0706,CARD_B,KB국민카드 굿데이카드,2025-12,66700,1,0,300000.0,233300,0,0,0,0.0,0.0,외식,맘스터치,40200.0,"B카드 통신비 10% 할인까지 23만 3,300원 남았어요. 이번 주 외식은 B카드로 결제하세요."
C0706,CARD_C,하나카드 MOVING카드 ALLDAY모드,2025-12,51200,1,1,,0,1,260,260,,,,,,
C0706,CARD_D,삼성카드 삼성 iD SELECT ALL 카드,2025-12,203360,9,0,400000.0,196640,1,11670,0,11670.0,11670.0,장보기,동네마트,114700.0,"D카드 SELECT 7% 할인까지 19만 6,600원 남았어요. 이번 주말 장보기는 D카드로 결제하세요."
C0706,CARD_E,NH농협카드 올바른 FLEX 카드,2025-12,0,0,0,300000.0,300000,0,0,0,0.0,0.0,온라인쇼핑,쿠팡,70300.0,E카드 스타벅스 50% 할인까지 30만 원 남았어요. 이번 주 온라인쇼핑은 E카드로 결제하세요.
C0707,CARD_A,신한카드 Mr.Life,2025-12,351130,10,1,500000.0,148870,0,0,3000,7000.0,4000.0,온라인쇼핑,쿠팡,48500.0,"A카드 할인한도 월 3.4만 원까지 14만 8,900원 남았어요. 이번 주 온라인쇼핑은 A카드로 결제하세요."
C0707,CARD_B,KB국민카드 굿데이카드,2025-12,0,0,0,300000.0,300000,0,0,0,0.0,0.0,편의점,CU,7600.0,B카드 통신비 10% 할인까지 30만 원 남았어요. 이번 주 편의점은 B카드로 결제하세요.
C0707,CARD_C,하나카드 MOVING카드 ALLDAY모드,2025-12,0,0,1,,0,1,0,0,,,,,,
C0707,CARD_D,삼성카드 삼성 iD SELECT ALL 카드,2025-12,0,0,0,400000.0,400000,0,0,0,0.0,0.0,온라인쇼핑,쿠팡,48500.0,D카드 SELECT 7% 할인까지 40만 원 남았어요. 이번 주 온라인쇼핑은 D카드로 결제하세요.
C0707,CARD_E,NH농협카드 올바른 FLEX 카드,2025-12,8880,1,0,300000.0,291120,0,0,0,0.0,0.0,온라인쇼핑,쿠팡,48500.0,"E카드 스타벅스 50% 할인까지 29만 1,100원 남았어요. 이번 주 온라인쇼핑은 E카드로 결제하세요."
C0708,CARD_A,신한카드 Mr.Life,2025-12,0,0,0,300000.0,300000,0,0,0,0.0,0.0,장보기,홈플러스,507400.0,A카드 공과금·편의점 10% 할인까지 30만 원 남았어요. 이번 주말 장보기는 A카드로 결제하세요.
C0708,CARD_B,KB국민카드 굿데이카드,2025-12,0,0,0,300000.0,300000,0,0,0,0.0,0.0,외식,김밥천국,28900.0,B카드 통신비 10% 할인까지 30만 원 남았어요. 이번 주 외식은 B카드로 결제하세요.
C0708,CARD_C,하나카드 MOVING카드 ALLDAY모드,2025-12,490150,9,1,,0,1,4900,4900,,,,,,
C0708,CARD_D,삼성카드 삼성 iD SELECT ALL 카드,2025-12,75600,1,0,400000.0,324400,0,0,0,530.0,530.0,장보기,홈플러스,507400.0,"D카드 SELECT 7% 할인까지 32만 4,400원 남았어요. 이번 주말 장보기는 D카드로 결제하세요."
C0708,CARD_E,NH농협카드 올바른 FLEX 카드,2025-12,502900,1,1,,0,0,0,0,,,,,,
C0709,CARD_A,신한카드 Mr.Life,2025-12,0,0,0,300000.0,300000,0,0,0,0.0,0.0,장보기,이마트,1098300.0,A카드 공과금·편의점 10% 할인까지 30만 원 남았어요. 이번 주말 장보기는 A카드로 결제하세요.
C0709,CARD_B,KB국민카드 굿데이카드,2025-12,2918260,16,3,,0,3,8000,8000,,,,,,
C0709,CARD_C,하나카드 MOVING카드 ALLDAY모드,2025-12,0,0,1,,0,1,0,0,,,,,,
C0709,CARD_D,삼성카드 삼성 iD SELECT ALL 카드,2025-12,0,0,0,400000.0,400000,0,0,0,0.0,0.0,장보기,이마트,1098300.0,D카드 SELECT 7% 할인까지 40만 원 남았어요. 이번 주말 장보기는 D카드로 결제하세요.
C0709,CARD_E,NH농협카드 올바른 FLEX 카드,2025-12,35000,1,0,300000.0,265000,0,0,0,1750.0,1750.0,편의점,GS25,32600.0,"E카드 스타벅스 50% 할인까지 26만 5,000원 남았어요. 이번 주 편의점은 E카드로 결제하세요."
C0710,CARD_A,신한카드 Mr.Life,2025-12,332850,28,1,500000.0,167150,1,6000,6000,6000.0,0.0,편의점,GS25,51200.0,"A카드 할인한도 월 3.4만 원까지 16만 7,200원 남았어요. 이번 주 편의점은 A카드로 결제하세요."
C0710,CARD_B,KB국민카드 굿데이카드,2025-12,7320,2,0,300000.0,292680,0,0,0,0.0,0.0,편의점,GS25,51200.0,"B카드 통신비 10% 할인까지 29만 2,700원 남았어요. 이번 주 편의점은 B카드로 결제하세요."
C0710,CARD_C,하나카드 MOVING카드 ALLDAY모드,2025-12,14690,2,1,,0,1,120,120,,,,,,
C0710,CARD_D,삼성카드 삼성 iD SELECT ALL 카드,2025-12,0,0,0,400000.0,400000,0,0,0,0.0,0.0,편의점,GS25,51200.0,D카드 SELECT 7% 할인까지 40만 원 남았어요. 이번 주 편의점은 D카드로 결제하세요.
C0710,CARD_E,NH농협카드 올바른 FLEX 카드,2025-12,0,0,0,300000.0,300000,0,0,0,0.0,0.0,편의점,GS25,51200.0,E카드 스타벅스 50% 할인까지 30만 원 남았어요. 이번 주 편의점은 E카드로 결제하세요.
C0711,CARD_A,신한카드 Mr.Life,2025-12,95220,7,0,300000.0,204780,2,5990,0,5380.0,5380.0,편의점,CU,12400.0,"A카드 공과금·편의점 10% 할인까지 20만 4,800원 남았어요. 이번 주 편의점은 A카드로 결제하세요."
C0711,CARD_B,KB국민카드 굿데이카드,2025-12,18400,1,0,300000.0,281600,0,0,0,0.0,0.0,편의점,CU,12400.0,"B카드 통신비 10% 할인까지 28만 1,600원 남았어요. 이번 주 편의점은 B카드로 결제하세요."
C0711,CARD_C,하나카드 MOVING카드 ALLDAY모드,2025-12,12000,1,1,,0,1,60,60,,,,,,
C0711,CARD_D,삼성카드 삼성 iD SELECT ALL 카드,2025-12,79300,1,0,400000.0,320700,0,0,0,560.0,560.0,배달 주문,쿠팡이츠,79500.0,D카드 SELECT 7% 할인까지 32만 700원 남았어요. 이번 주 배달 주문은 D카드로 결제하세요.
C0711,CARD_E,NH농협카드 올바른 FLEX 카드,2025-12,0,0,0,300000.0,300000,0,0,0,0.0,0.0,배달 주문,쿠팡이츠,79500.0,E카드 스타벅스 50% 할인까지 30만 원 남았어요. 이번 주 배달 주문은 E카드로 결제하세요.
C0712,CARD_A,신한카드 Mr.Life,2025-12,949740,11,2,1000000.0,50260,1,0,0,0.0,0.0,외식,동네식당,55500.0,A카드 할인한도 월 5만 원까지 5만 300원 남았어요. 이번 주 외식은 A카드로 결제하세요.
C0712,CARD_B,KB국민카드 굿데이카드,2025-12,0,0,0,300000.0,300000,0,0,0,0.0,0.0,외식,동네식당,55500.0,B카드 통신비 10% 할인까지 30만 원 남았어요. 이번 주 외식은 B카드로 결제하세요.
C0712,CARD_C,하나카드 MOVING카드 ALLDAY모드,2025-12,0,0,1,,0,1,0,0,,,,,,
C0712,CARD_D,삼성카드 삼성 iD SELECT ALL 카드,2025-12,0,0,0,400000.0,400000,0,0,0,0.0,0.0,외식,동네식당,55500.0,D카드 SELECT 7% 할인까지 40만 원 남았어요. 이번 주 외식은 D카드로 결제하세요.
C0712,CARD_E,NH농협카드 올바른 FLEX 카드,2025-12,37500,1,0,300000.0,262500,0,0,0,0.0,0.0,구독료,웨이브,10900.0,"E카드 스타벅스 50% 할인까지 26만 2,500원 남았어요. 이번 주 구독료는 E카드로 결제하세요."
C0713,CARD_A,신한카드 Mr.Life,2025-12,1462330,20,3,,0,3,6610,6610,,,,,,
C0713,CARD_B,KB국민카드 굿데이카드,2025-12,0,0,0,300000.0,300000,0,0,0,0.0,0.0,외식,아웃백스테이크하우스,115500.0,B카드 통신비 10% 할인까지 30만 원 남았어요. 이번 주 외식은 B카드로 결제하세요.
C0713,CARD_C,하나카드 MOVING카드 ALLDAY모드,2025-12,24700,1,1,,0,1,120,120,,,,,,
C0713,CARD_D,삼성카드 삼성 iD SELECT ALL 카드,2025-12,392080,3,0,400000.0,7920,0,0,0,3380.0,3380.0,온라인쇼핑,쿠팡,266100.0,"D카드 SELECT 7% 할인까지 7,900원 남았어요. 이번 주 온라인쇼핑은 D카드로 결제하세요."
C0713,CARD_E,NH농협카드 올바른 FLEX 카드,2025-12,131100,3,0,300000.0,168900,0,0,0,2300.0,2300.0,온라인쇼핑,쿠팡,266100.0,"E카드 스타벅스 50% 할인까지 16만 8,900원 남았어요. 이번 주 온라인쇼핑은 E카드로 결제하세요."
C0714,CARD_A,신한카드 Mr.Life,2025-12,35800,1,0,300000.0,264200,0,0,0,0.0,0.0,장보기,하나로마트,1118100.0,"A카드 공과금·편의점 10% 할인까지 26만 4,200원 남았어요. 이번 주말 장보기는 A카드로 결제하세요."
C0714,CARD_B,KB국민카드 굿데이카드,2025-12,40230,2,0,300000.0,259770,0,0,0,0.0,0.0,교통비,티머니,18500.0,"B카드 통신비 10% 할인까지 25만 9,800원 남았어요. 이번 주 교통비는 B카드로 결제하세요."
C0714,CARD_C,하나카드 MOVING카드 ALLDAY모드,2025-12,1598840,17,1,,0,1,16270,16270,,,,,,
C0714,CARD_D,삼성카드 삼성 iD SELECT ALL 카드,2025-12,0,0,0,400000.0,400000,0,0,0,0.0,0.0,장보기,하나로마트,1118100.0,D카드 SELECT 7% 할인까지 40만 원 남았어요. 이번 주말 장보기는 D카드로 결제하세요.
C0714,CARD_E,NH농협카드 올바른 FLEX 카드,2025-12,0,0,0,300000.0,300000,0,0,0,0.0,0.0,배달 주문,배달의민족,34500.0,E카드 스타벅스 50% 할인까지 30만 원 남았어요. 이번 주 배달 주문은 E카드로 결제하세요.
C0715,CARD_A,신한카드 Mr.Life,2025-12,0,0,0,300000.0,300000,0,0,0,0.0,0.0,장보기,쿠팡프레시,191100.0,A카드 공과금·편의점 10% 할인까지 30만 원 남았어요. 이번 주말 장보기는 A카드로 결제하세요.
C0715,CARD_B,KB국민카드 굿데이카드,2025-12,408520,10,1,600000.0,191480,2,3650,2430,3650.0,1220.0,주유,SK에너지,75500.0,"B카드 외식·커피 10% 할인까지 19만 1,500원 남았어요. 이번 주말 주유는 B카드로 결제하세요."
C0715,CARD_C,하나카드 MOVING카드 ALLDAY모드,2025-12,76600,2,1,,0,1,380,380,,,,,,
C0715,CARD_D,삼성카드 삼성 iD SELECT ALL 카드,2025-12,0,0,0,400000.0,400000,0,0,0,0.0,0.0,구독료,iCloud+,22100.0,D카드 SELECT 7% 할인까지 40만 원 남았어요. 이번 주 구독료는 D카드로 결제하세요.
C0715,CARD_E,NH농협카드 올바른 FLEX 카드,2025-12,0,0,0,300000.0,300000,0,0,0,0.0,0.0,구독료,iCloud+,22100.0,E카드 스타벅스 50% 할인까지 30만 원 남았어요. 이번 주 구독료는 E카드로 결제하세요.
C0716,CARD_A,신한카드 Mr.Life,2025-12,261220,3,0,300000.0,38780,0,0,0,0.0,0.0,커피,스타벅스,48800.0,"A카드 공과금·편의점 10% 할인까지 3만 8,800원 남았어요. 이번 주 커피는 A카드로 결제하세요."
C0716,CARD_B,KB국민카드 굿데이카드,2025-12,436450,20,1,600000.0,163550,3,5270,270,5270.0,5000.0,커피,스타벅스,48800.0,"B카드 외식·커피 10% 할인까지 16만 3,600원 남았어요. 이번 주 커피는 B카드로 결제하세요."
C0716,CARD_C,하나카드 MOVING카드 ALLDAY모드,2025-12,29500,3,1,,0,1,320,320,,,,,,
C0716,CARD_D,삼성카드 삼성 iD SELECT ALL 카드,2025-12,14900,1,0,400000.0,385100,0,0,0,1150.0,1150.0,배달 주문,배달의민족,101500.0,"D카드 SELECT 7% 할인까지 38만 5,100원 남았어요. 이번 주 배달 주문은 D카드로 결제하세요."
C0716,CARD_E,NH농협카드 올바른 FLEX 카드,2025-12,0,0,0,300000.0,300000,0,0,0,0.0,0.0,커피,스타벅스,48800.0,E카드 스타벅스 50% 할인까지 30만 원 남았어요. 이번 주 커피는 E카드로 결제하세요.
C0717,CARD_A,신한카드 Mr.Life,2025-12,939290,19,2,1000000.0,60710,2,15750,15750,15750.0,0.0,온라인쇼핑,쿠팡,357200.0,A카드 할인한도 월 5만 원까지 6만 700원 남았어요. 이번 주 온라인쇼핑은 A카드로 결제하세요.
C0717,CARD_B,KB국민카드 굿데이카드,2025-12,0,0,0,300000.0,300000,2,0,0,0.0,0.0,커피,컴포즈커피,19000.0,B카드 통신비 10% 할인까지 30만 원 남았어요. 이번 주 커피는 B카드로 결제하세요.
C0717,CARD_C,하나카드 MOVING카드 ALLDAY모드,2025-12,6560,1,1,,0,1,30,30,,,,,,
C0717,CARD_D,삼성카드 삼성 iD SELECT ALL 카드,2025-12,94900,2,0,400000.0,305100,1,6880,0,6880.0,6880.0,온라인쇼핑,쿠팡,357200.0,"D카드 SELECT 7% 할인까지 30만 5,100원 남았어요. 이번 주 온라인쇼핑은 D카드로 결제하세요."
C0717,CARD_E,NH농협카드 올바른 FLEX 카드,2025-12,8460,1,0,300000.0,291540,0,0,0,0.0,0.0,온라인쇼핑,쿠팡,357200.0,"E카드 스타벅스 50% 할인까지 29만 1,500원 남았어요. 이번 주 온라인쇼핑은 E카드로 결제하세요."
C0718,CARD_A,신한카드 Mr.Life,2025-12,0,0,0,300000.0,300000,0,0,0,0.0,0.0,장보기,홈플러스,487700.0,A카드 공과금·편의점 10% 할인까지 30만 원 남았어요. 이번 주말 장보기는 A카드로 결제하세요.
C0718,CARD_B,KB국민카드 굿데이카드,2025-12,702070,12,2,1200000.0,497930,3,2180,2180,2180.0,0.0,외식,김밥천국,24500.0,"B카드 학원비 10% 할인까지 49만 7,900원 남았어요. 이번 주 외식은 B카드로 결제하세요."
C0718,CARD_C,하나카드 MOVING카드 ALLDAY모드,2025-12,0,0,1,,0,1,0,0,,,,,,
C0718,CARD_D,삼성카드 삼성 iD SELECT ALL 카드,2025-12,0,0,0,400000.0,400000,0,0,0,0.0,0.0,장보기,홈플러스,487700.0,D카드 SELECT 7% 할인까지 40만 원 남았어요. 이번 주말 장보기는 D카드로 결제하세요.
C0718,CARD_E,NH농협카드 올바른 FLEX 카드,2025-12,0,0,0,300000.0,300000,0,0,0,0.0,0.0,구독료,마이크로소프트 365,8900.0,E카드 스타벅스 50% 할인까지 30만 원 남았어요. 이번 주 구독료는 E카드로 결제하세요.
C0719,CARD_A,신한카드 Mr.Life,2025-12,10100,1,0,300000.0,289900,0,0,0,0.0,0.0,커피,스타벅스,27000.0,"A카드 공과금·편의점 10% 할인까지 28만 9,900원 남았어요. 이번 주 커피는 A카드로 결제하세요."
C0719,CARD_B,KB국민카드 굿데이카드,2025-12,1852970,18,3,,0,3,5000,5000,,,,,,
C0719,CARD_C,하나카드 MOVING카드 ALLDAY모드,2025-12,134900,1,1,,0,1,670,670,,,,,,
C0719,CARD_D,삼성카드 삼성 iD SELECT ALL 카드,2025-12,246460,4,0,400000.0,153540,0,0,0,8730.0,8730.0,온라인쇼핑,11번가,262400.0,"D카드 SELECT 7% 할인까지 15만 3,500원 남았어요. 이번 주 온라인쇼핑은 D카드로 결제하세요."
C0719,CARD_E,NH농협카드 올바른 FLEX 카드,2025-12,26100,2,0,300000.0,273900,0,0,0,0.0,0.0,커피,스타벅스,27000.0,"E카드 스타벅스 50% 할인까지 27만 3,900원 남았어요. 이번 주 커피는 E카드로 결제하세요."
C0720,CARD_A,신한카드 Mr.Life,2025-12,38200,1,0,300000.0,261800,0,0,0,3000.0,3000.0,장보기,동네마트,354100.0,"A카드 공과금·편의점 10% 할인까지 26만 1,800원 남았어요. 이번 주말 장보기는 A카드로 결제하세요."
C0720,CARD_B,KB국민카드 굿데이카드,2025-12,0,0,0,300000.0,300000,0,0,0,0.0,0.0,외식,김밥천국,91000.0,B카드 통신비 10% 할인까지 30만 원 남았어요. 이번 주 외식은 B카드로 결제하세요.
C0720,CARD_C,하나카드 MOVING카드 ALLDAY모드,2025-12,1489600,14,1,,0,1,14900,14900,,,,,,
C0720,CARD_D,삼성카드 삼성 iD SELECT ALL 카드,2025-12,15400,1,0,400000.0,384600,0,0,0,1190.0,1190.0,장보기,동네마트,354100.0,"D카드 SELECT 7% 할인까지 38만 4,600원 남았어요. 이번 주말 장보기는 D카드로 결제하세요."
C0720,CARD_E,NH농협카드 올바른 FLEX 카드,2025-12,0,0,0,300000.0,300000,0,0,0,0.0,0.0,편의점,GS25,12200.0,E카드 스타벅스 50% 할인까지 30만 원 남았어요. 이번 주 편의점은 E카드로 결제하세요.
C0721,CARD_A,신한카드 Mr.Life,2025-12,536570,9,2,1000000.0,463430,2,8140,8140,8140.0,0.0,커피,빽다방,19300.0,"A카드 할인한도 월 5만 원까지 46만 3,400원 남았어요. 이번 주 커피는 A카드로 결제하세요."
C0721,CARD_B,KB국민카드 굿데이카드,2025-12,0,0,0,300000.0,300000,0,0,0,0.0,0.0,커피,빽다방,19300.0,B카드 통신비 10% 할인까지 30만 원 남았어요. 이번 주 커피는 B카드로 결제하세요.
C0721,CARD_C,하나카드 MOVING카드 ALLDAY모드,2025-12,0,0,1,,0,1,0,0,,,,,,
C0721,CARD_D,삼성카드 삼성 iD SELECT ALL 카드,2025-12,24100,1,0,400000.0,375900,0,0,0,1860.0,1860.0,배달 주문,쿠팡이츠,71800.0,"D카드 SELECT 7% 할인까지 37만 5,900원 남았어요. 이번 주 배달 주문은 D카드로 결제하세요."
C0721,CARD_E,NH농협카드 올바른 FLEX 카드,2025-12,0,0,0,300000.0,300000,0,0,0,0.0,0.0,커피,빽다방,19300.0,E카드 스타벅스 50% 할인까지 30만 원 남았어요. 이번 주 커피는 E카드로 결제하세요.
C0722,CARD_A,신한카드 Mr.Life,2025-12,201560,5,0,300000.0,98440,1,3760,0,3760.0,3760.0,커피,투썸플레이스,3300.0,"A카드 공과금·편의점 10% 할인까지 9만 8,400원 남았어요. 이번 주 커피는 A카드로 결제하세요."
C0722,CARD_B,KB국민카드 굿데이카드,2025-12,0,0,0,300000.0,300000,0,0,0,0.0,0.0,커피,투썸플레이스,3300.0,B카드 통신비 10% 할인까지 30만 원 남았어요. 이번 주 커피는 B카드로 결제하세요.
C0722,CARD_C,하나카드 MOVING카드 ALLDAY모드,2025-12,0,0,1,,0,1,0,0,,,,,,
C0722,CARD_D,삼성카드 삼성 iD SELECT ALL 카드,2025-12,0,0,0,400000.0,400000,0,0,0,0.0,0.0,온라인쇼핑,쿠팡,8000.0,D카드 SELECT 7% 할인까지 40만 원 남았어요. 이번 주 온라인쇼핑은 D카드로 결제하세요.
C0722,CARD_E,NH농협카드 올바른 FLEX 카드,2025-12,53300,2,0,300000.0,246700,0,0,0,3400.0,3400.0,커피,투썸플레이스,3300.0,"E카드 스타벅스 50% 할인까지 24만 6,700원 남았어요. 이번 주 커피는 E카드로 결제하세요."
C0723,CARD_A,신한카드 Mr.Life,2025-12,2452020,16,3,,0,2,20000,30000,,,,,,
C0723,CARD_B,KB국민카드 굿데이카드,2025-12,19100,1,0,300000.0,280900,0,0,0,0.0,0.0,커피,메가MGC커피,20700.0,B카드 통신비 10% 할인까지 28만 900원 남았어요. 이번 주 커피는 B카드로 결제하세요.
C0723,CARD_C,하나카드 MOVING카드 ALLDAY모드,2025-12,67080,3,1,,0,1,340,340,,,,,,
C0723,CARD_D,삼성카드 삼성 iD SELECT ALL 카드,2025-12,0,0,0,400000.0,400000,0,0,0,0.0,0.0,외식,고깃집,113400.0,D카드 SELECT 7% 할인까지 40만 원 남았어요. 이번 주 외식은 D카드로 결제하세요.
C0723,CARD_E,NH농협카드 올바른 FLEX 카드,2025-12,13900,1,0,300000.0,286100,0,0,0,0.0,0.0,커피,메가MGC커피,20700.0,"E카드 스타벅스 50% 할인까지 28만 6,100원 남았어요. 이번 주 커피는 E카드로 결제하세요."
C0724,CARD_A,신한카드 Mr.Life,2025-12,495780,18,1,500000.0,4220,1,13000,13000,18960.0,5960.0,커피,빽다방,18400.0,"A카드 할인한도 월 3.4만 원까지 4,200원 남았어요. 이번 주 커피는 A카드로 결제하세요."
C0724,CARD_B,KB국민카드 굿데이카드,2025-12,105610,4,0,300000.0,194390,0,0,0,0.0,0.0,커피,빽다방,18400.0,"B카드 통신비 10% 할인까지 19만 4,400원 남았어요. 이번 주 커피는 B카드로 결제하세요."
C0724,CARD_C,하나카드 MOVING카드 ALLDAY모드,2025-12,75400,2,1,,0,1,380,380,,,,,,
C0724,CARD_D,삼성카드 삼성 iD SELECT ALL 카드,2025-12,71100,1,0,400000.0,328900,0,0,0,500.0,500.0,배달 주문,쿠팡이츠,174200.0,"D카드 SELECT 7% 할인까지 32만 8,900원 남았어요. 이번 주 배달 주문은 D카드로 결제하세요."
C0724,CARD_E,NH농협카드 올바른 FLEX 카드,2025-12,123500,1,0,300000.0,176500,0,0,0,5000.0,5000.0,배달 주문,쿠팡이츠,174200.0,"E카드 스타벅스 50% 할인까지 17만 6,500원 남았어요. 이번 주 배달 주문은 E카드로 결제하세요."
C0725,CARD_A,신한카드 Mr.Life,2025-12,0,0,0,300000.0,300000,0,0,0,0.0,0.0,온라인쇼핑,네이버쇼핑,222500.0,A카드 공과금·편의점 10% 할인까지 30만 원 남았어요. 이번 주 온라인쇼핑은 A카드로 결제하세요.
C0725,CARD_B,KB국민카드 굿데이카드,2025-12,2597810,20,3,,0,3,9060,9060,,,,,,
C0725,CARD_C,하나카드 MOVING카드 ALLDAY모드,2025-12,21900,2,1,,0,1,110,110,,,,,,
C0725,CARD_D,삼성카드 삼성 iD SELECT ALL 카드,2025-12,12000,1,0,400000.0,388000,0,0,0,80.0,80.0,구독료,어도비 Creative Cloud,83500.0,"D카드 SELECT 7% 할인까지 38만 8,000원 남았어요. 이번 주 구독료는 D카드로 결제하세요."
C0725,CARD_E,NH농협카드 올바른 FLEX 카드,2025-12,0,0,0,300000.0,300000,0,0,0,0.0,0.0,구독료,어도비 Creative Cloud,83500.0,E카드 스타벅스 50% 할인까지 30만 원 남았어요. 이번 주 구독료는 E카드로 결제하세요.
C0726,CARD_A,신한카드 Mr.Life,2025-12,252110,15,0,300000.0,47890,2,3070,0,3070.0,3070.0,커피,이디야커피,22800.0,"A카드 공과금·편의점 10% 할인까지 4만 7,900원 남았어요. 이번 주 커피는 A카드로 결제하세요."
C0726,CARD_B,KB국민카드 굿데이카드,2025-12,0,0,0,300000.0,300000,0,0,0,0.0,0.0,커피,이디야커피,22800.0,B카드 통신비 10% 할인까지 30만 원 남았어요. 이번 주 커피는 B카드로 결제하세요.
C0726,CARD_C,하나카드 MOVING카드 ALLDAY모드,2025-12,13300,1,1,,0,1,70,70,,,,,,
C0726,CARD_D,삼성카드 삼성 iD SELECT ALL 카드,2025-12,0,0,0,400000.0,400000,0,0,0,0.0,0.0,배달 주문,요기요,74100.0,D카드 SELECT 7% 할인까지 40만 원 남았어요. 이번 주 배달 주문은 D카드로 결제하세요.
C0726,CARD_E,NH농협카드 올바른 FLEX 카드,2025-12,37360,2,0,300000.0,262640,0,0,0,5800.0,5800.0,커피,이디야커피,22800.0,"E카드 스타벅스 50% 할인까지 26만 2,600원 남았어요. 이번 주 커피는 E카드로 결제하세요."
C0727,CARD_A,신한카드 Mr.Life,2025-12,0,0,0,300000.0,300000,0,0,0,0.0,0.0,장보기,동네마트,37500.0,A카드 공과금·편의점 10% 할인까지 30만 원 남았어요. 이번 주말 장보기는 A카드로 결제하세요.
C0727,CARD_B,KB국민카드 굿데이카드,2025-12,38100,1,0,300000.0,261900,0,0,0,0.0,0.0,편의점,GS25,600.0,"B카드 통신비 10% 할인까지 26만 1,900원 남았어요. 이번 주 편의점은 B카드로 결제하세요."
C0727,CARD_C,하나카드 MOVING카드 ALLDAY모드,2025-12,0,0,1,,0,1,0,0,,,,,,
C0727,CARD_D,삼성카드 삼성 iD SELECT ALL 카드,2025-12,96800,2,0,400000.0,303200,0,0,0,6940.0,6940.0,장보기,동네마트,37500.0,"D카드 SELECT 7% 할인까지 30만 3,200원 남았어요. 이번 주말 장보기는 D카드로 결제하세요."
C0727,CARD_E,NH농협카드 올바른 FLEX 카드,2025-12,0,0,0,300000.0,300000,0,0,0,0.0,0.0,온라인쇼핑,네이버쇼핑,77900.0,E카드 스타벅스 50% 할인까지 30만 원 남았어요. 이번 주 온라인쇼핑은 E카드로 결제하세요.
C0728,CARD_A,신한카드 Mr.Life,2025-12,38200,1,0,300000.0,261800,0,0,0,0.0,0.0,외식,서브웨이,199900.0,"A카드 공과금·편의점 10% 할인까지 26만 1,800원 남았어요. 이번 주 외식은 A카드로 결제하세요."
C0728,CARD_B,KB국민카드 굿데이카드,2025-12,1177860,21,2,1200000.0,22140,3,10000,10000,10000.0,0.0,외식,서브웨이,199900.0,"B카드 학원비 10% 할인까지 2만 2,100원 남았어요. 이번 주 외식은 B카드로 결제하세요."
C0728,CARD_C,하나카드 MOVING카드 ALLDAY모드,2025-12,9560,1,1,,0,1,50,50,,,,,,
C0728,CARD_D,삼성카드 삼성 iD SELECT ALL 카드,2025-12,570500,3,1,800000.0,229500,1,10990,10990,13990.0,3000.0,외식,서브웨이,199900.0,"D카드 SELECT 한도 월 1만 원까지 22만 9,500원 남았어요. 이번 주 외식은 D카드로 결제하세요."
C0728,CARD_E,NH농협카드 올바른 FLEX 카드,2025-12,84900,2,0,300000.0,215100,0,0,0,8400.0,8400.0,교통비,티머니,72900.0,"E카드 스타벅스 50% 할인까지 21만 5,100원 남았어요. 이번 주 교통비는 E카드로 결제하세요."
C0729,CARD_A,신한카드 Mr.Life,2025-12,441520,14,1,500000.0,58480,2,8660,8660,8660.0,0.0,커피,메가MGC커피,19400.0,"A카드 할인한도 월 3.4만 원까지 5만 8,500원 남았어요. 이번 주 커피는 A카드로 결제하세요."
C0729,CARD_B,KB국민카드 굿데이카드,2025-12,7890,1,0,300000.0,292110,0,0,0,0.0,0.0,커피,메가MGC커피,19400.0,"B카드 통신비 10% 할인까지 29만 2,100원 남았어요. 이번 주 커피는 B카드로 결제하세요."
C0729,CARD_C,하나카드 MOVING카드 ALLDAY모드,2025-12,3300,1,1,,0,1,20,20,,,,,,
C0729,CARD_D,삼성카드 삼성 iD SELECT ALL 카드,2025-12,27400,1,0,400000.0,372600,0,0,0,2110.0,2110.0,배달 주문,배달의민족,89200.0,"D카드 SELECT 7% 할인까지 37만 2,600원 남았어요. 이번 주 배달 주문은 D카드로 결제하세요."
C0729,CARD_E,NH농협카드 올바른 FLEX 카드,2025-12,8900,1,0,300000.0,291100,0,0,0,0.0,0.0,커피,메가MGC커피,19400.0,"E카드 스타벅스 50% 할인까지 29만 1,100원 남았어요. 이번 주 커피는 E카드로 결제하세요."
C0730,CARD_A,신한카드 Mr.Life,2025-12,0,0,0,300000.0,300000,0,0,0,0.0,0.0,장보기,쿠팡프레시,465600.0,A카드 공과금·편의점 10% 할인까지 30만 원 남았어요. 이번 주말 장보기는 A카드로 결제하세요.
C0730,CARD_B,KB국민카드 굿데이카드,2025-12,19400,1,0,300000.0,280600,0,0,0,0.0,0.0,외식,서브웨이,129800.0,B카드 통신비 10% 할인까지 28만 600원 남았어요. 이번 주 외식은 B카드로 결제하세요.
C0730,CARD_C,하나카드 MOVING카드 ALLDAY모드,2025-12,2512300,11,1,,0,1,25120,25120,,,,,,
C0730,CARD_D,삼성카드 삼성 iD SELECT ALL 카드,2025-12,24800,1,0,400000.0,375200,0,0,0,170.0,170.0,장보기,쿠팡프레시,465600.0,"D카드 SELECT 7% 할인까지 37만 5,200원 남았어요. 이번 주말 장보기는 D카드로 결제하세요."
C0730,CARD_E,NH농협카드 올바른 FLEX 카드,2025-12,0,0,0,300000.0,300000,0,0,0,0.0,0.0,구독료,네이버플러스 멤버십,34600.0,E카드 스타벅스 50% 할인까지 30만 원 남았어요. 이번 주 구독료는 E카드로 결제하세요.
C0731,CARD_A,신한카드 Mr.Life,2025-12,555220,22,2,1000000.0,444780,3,14280,14280,14280.0,0.0,편의점,GS25,16900.0,"A카드 할인한도 월 5만 원까지 44만 4,800원 남았어요. 이번 주 편의점은 A카드로 결제하세요."
C0731,CARD_B,KB국민카드 굿데이카드,2025-12,7620,1,0,300000.0,292380,0,0,0,0.0,0.0,교통비,주차장,27800.0,"B카드 통신비 10% 할인까지 29만 2,400원 남았어요. 이번 주 교통비는 B카드로 결제하세요."
C0731,CARD_C,하나카드 MOVING카드 ALLDAY모드,2025-12,0,0,1,,0,1,0,0,,,,,,
C0731,CARD_D,삼성카드 삼성 iD SELECT ALL 카드,2025-12,0,0,0,400000.0,400000,0,0,0,0.0,0.0,구독료,디즈니플러스,37000.0,D카드 SELECT 7% 할인까지 40만 원 남았어요. 이번 주 구독료는 D카드로 결제하세요.
C0731,CARD_E,NH농협카드 올바른 FLEX 카드,2025-12,75500,1,0,300000.0,224500,0,0,0,0.0,0.0,교통비,주차장,27800.0,"E카드 스타벅스 50% 할인까지 22만 4,500원 남았어요. 이번 주 교통비는 E카드로 결제하세요."
C0732,CARD_A,신한카드 Mr.Life,2025-12,89200,1,0,300000.0,210800,2,0,0,0.0,0.0,편의점,GS25,25800.0,A카드 공과금·편의점 10% 할인까지 21만 800원 남았어요. 이번 주 편의점은 A카드로 결제하세요.
C0732,CARD_B,KB국민카드 굿데이카드,2025-12,6170,1,0,300000.0,293830,0,0,0,0.0,0.0,편의점,GS25,25800.0,"B카드 통신비 10% 할인까지 29만 3,800원 남았어요. 이번 주 편의점은 B카드로 결제하세요."
C0732,CARD_C,하나카드 MOVING카드 ALLDAY모드,2025-12,565650,13,1,,0,1,5660,5660,,,,,,
C0732,CARD_D,삼성카드 삼성 iD SELECT ALL 카드,2025-12,109600,1,0,400000.0,290400,0,0,0,7770.0,7770.0,편의점,GS25,25800.0,D카드 SELECT 7% 할인까지 29만 400원 남았어요. 이번 주 편의점은 D카드로 결제하세요.
C0732,CARD_E,NH농협카드 올바른 FLEX 카드,2025-12,0,0,0,300000.0,300000,0,0,0,0.0,0.0,편의점,GS25,25800.0,E카드 스타벅스 50% 할인까지 30만 원 남았어요. 이번 주 편의점은 E카드로 결제하세요.
C0733,CARD_A,신한카드 Mr.Life,2025-12,150900,2,0,300000.0,149100,0,0,0,3000.0,3000.0,온라인쇼핑,네이버쇼핑,934000.0,"A카드 공과금·편의점 10% 할인까지 14만 9,100원 남았어요. 이번 주 온라인쇼핑은 A카드로 결제하세요."
C0733,CARD_B,KB국민카드 굿데이카드,2025-12,2028740,28,3,,0,3,5000,5000,,,,,,
C0733,CARD_C,하나카드 MOVING카드 ALLDAY모드,2025-12,51600,1,1,,0,1,260,260,,,,,,
C0733,CARD_D,삼성카드 삼성 iD SELECT ALL 카드,2025-12,110900,1,0,400000.0,289100,0,0,0,7780.0,7780.0,온라인쇼핑,네이버쇼핑,934000.0,"D카드 SELECT 7% 할인까지 28만 9,100원 남았어요. 이번 주 온라인쇼핑은 D카드로 결제하세요."
C0733,CARD_E,NH농협카드 올바른 FLEX 카드,2025-12,0,0,0,300000.0,300000,0,0,0,0.0,0.0,온라인쇼핑,네이버쇼핑,934000.0,E카드 스타벅스 50% 할인까지 30만 원 남았어요. 이번 주 온라인쇼핑은 E카드로 결제하세요.
C0734,CARD_A,신한카드 Mr.Life,2025-12,708000,16,2,1000000.0,292000,1,13000,22680,22680.0,0.0,주유,SK에너지,248600.0,"A카드 할인한도 월 5만 원까지 29만 2,000원 남았어요. 이번 주말 주유는 A카드로 결제하세요."
C0734,CARD_B,KB국민카드 굿데이카드,2025-12,0,0,0,300000.0,300000,0,0,0,0.0,0.0,주유,SK에너지,248600.0,B카드 통신비 10% 할인까지 30만 원 남았어요. 이번 주말 주유는 B카드로 결제하세요.
C0734,CARD_C,하나카드 MOVING카드 ALLDAY모드,2025-12,80000,1,1,,0,1,400,400,,,,,,
C0734,CARD_D,삼성카드 삼성 iD SELECT ALL 카드,2025-12,71100,1,0,400000.0,328900,0,0,0,5470.0,5470.0,주유,SK에너지,248600.0,"D카드 SELECT 7% 할인까지 32만 8,900원 남았어요. 이번 주말 주유는 D카드로 결제하세요."
C0734,CARD_E,NH농협카드 올바른 FLEX 카드,2025-12,58600,1,0,300000.0,241400,0,0,0,0.0,0.0,편의점,세븐일레븐,27300.0,"E카드 스타벅스 50% 할인까지 24만 1,400원 남았어요. 이번 주 편의점은 E카드로 결제하세요."
C0735,CARD_A,신한카드 Mr.Life,2025-12,1316310,16,3,,0,3,13820,13820,,,,,,
C0735,CARD_B,KB국민카드 굿데이카드,2025-12,0,0,0,300000.0,300000,0,0,0,0.0,0.0,외식,동네식당,91700.0,B카드 통신비 10% 할인까지 30만 원 남았어요. 이번 주 외식은 B카드로 결제하세요.
C0735,CARD_C,하나카드 MOVING카드 ALLDAY모드,2025-12,63110,5,1,,0,1,320,320,,,,,,
C0735,CARD_D,삼성카드 삼성 iD SELECT ALL 카드,2025-12,30800,1,0,400000.0,369200,0,0,0,220.0,220.0,장보기,동네마트,477500.0,"D카드 SELECT 7% 할인까지 36만 9,200원 남았어요. 이번 주말 장보기는 D카드로 결제하세요."
C0735,CARD_E,NH농협카드 올바른 FLEX 카드,2025-12,44200,1,0,300000.0,255800,0,0,0,0.0,0.0,배달 주문,땡겨요,42700.0,"E카드 스타벅스 50% 할인까지 25만 5,800원 남았어요. 이번 주 배달 주문은 E카드로 결제하세요."
C0736,CARD_A,신한카드 Mr.Life,2025-12,449770,8,1,500000.0,50230,1,5910,5910,7720.0,1810.0,외식,동네식당,163200.0,A카드 할인한도 월 3.4만 원까지 5만 200원 남았어요. 이번 주 외식은 A카드로 결제하세요.
C0736,CARD_B,KB국민카드 굿데이카드,2025-12,0,0,0,300000.0,300000,0,0,0,0.0,0.0,외식,동네식당,163200.0,B카드 통신비 10% 할인까지 30만 원 남았어요. 이번 주 외식은 B카드로 결제하세요.
C0736,CARD_C,하나카드 MOVING카드 ALLDAY모드,2025-12,44400,1,1,,0,1,220,220,,,,,,
C0736,CARD_D,삼성카드 삼성 iD SELECT ALL 카드,2025-12,0,0,0,400000.0,400000,0,0,0,0.0,0.0,외식,동네식당,163200.0,D카드 SELECT 7% 할인까지 40만 원 남았어요. 이번 주 외식은 D카드로 결제하세요.
C0736,CARD_E,NH농협카드 올바른 FLEX 카드,2025-12,45200,1,0,300000.0,254800,0,0,0,2260.0,2260.0,편의점,GS25,29800.0,"E카드 스타벅스 50% 할인까지 25만 4,800원 남았어요. 이번 주 편의점은 E카드로 결제하세요."
C0737,CARD_A,신한카드 Mr.Life,2025-12,503480,28,2,1000000.0,496520,1,3450,3450,3450.0,0.0,커피,투썸플레이스,30400.0,"A카드 할인한도 월 5만 원까지 49만 6,500원 남았어요. 이번 주 커피는 A카드로 결제하세요."
C0737,CARD_B,KB국민카드 굿데이카드,2025-12,8850,1,0,300000.0,291150,0,0,0,0.0,0.0,커피,투썸플레이스,30400.0,"B카드 통신비 10% 할인까지 29만 1,200원 남았어요. 이번 주 커피는 B카드로 결제하세요."
C0737,CARD_C,하나카드 MOVING카드 ALLDAY모드,2025-12,79220,3,1,,0,1,400,400,,,,,,
C0737,CARD_D,삼성카드 삼성 iD SELECT ALL 카드,2025-12,83880,2,0,400000.0,316120,0,0,0,6070.0,6070.0,배달 주문,배달의민족,146700.0,"D카드 SELECT 7% 할인까지 31만 6,100원 남았어요. 이번 주 배달 주문은 D카드로 결제하세요."
C0737,CARD_E,NH농협카드 올바른 FLEX 카드,2025-12,14500,1,0,300000.0,285500,0,0,0,0.0,0.0,배달 주문,배달의민족,146700.0,"E카드 스타벅스 50% 할인까지 28만 5,500원 남았어요. 이번 주 배달 주문은 E카드로 결제하세요."
C0738,CARD_A,신한카드 Mr.Life,2025-12,0,0,0,300000.0,300000,0,0,0,0.0,0.0,장보기,이마트,238200.0,A카드 공과금·편의점 10% 할인까지 30만 원 남았어요. 이번 주말 장보기는 A카드로 결제하세요.
C0738,CARD_B,KB국민카드 굿데이카드,2025-12,0,0,0,300000.0,300000,0,0,0,0.0,0.0,외식,서브웨이,51200.0,B카드 통신비 10% 할인까지 30만 원 남았어요. 이번 주 외식은 B카드로 결제하세요.
C0738,CARD_C,하나카드 MOVING카드 ALLDAY모드,2025-12,0,0,1,,0,1,0,0,,,,,,
C0738,CARD_D,삼성카드 삼성 iD SELECT ALL 카드,2025-12,614690,11,1,800000.0,185310,3,20840,14000,19840.0,5840.0,장보기,이마트,238200.0,"D카드 SELECT 한도 월 1만 원까지 18만 5,300원 남았어요. 이번 주말 장보기는 D카드로 결제하세요."
C0738,CARD_E,NH농협카드 올바른 FLEX 카드,2025-12,18030,2,0,300000.0,281970,0,0,0,2140.0,2140.0,구독료,웨이브,14200.0,"E카드 스타벅스 50% 할인까지 28만 2,000원 남았어요. 이번 주 구독료는 E카드로 결제하세요."
C0739,CARD_A,신한카드 Mr.Life,2025-12,123900,2,0,300000.0,176100,0,0,0,1910.0,1910.0,장보기,동네마트,179600.0,"A카드 공과금·편의점 10% 할인까지 17만 6,100원 남았어요. 이번 주말 장보기는 A카드로 결제하세요."
C0739,CARD_B,KB국민카드 굿데이카드,2025-12,0,0,0,300000.0,300000,0,0,0,0.0,0.0,외식,동네식당,55800.0,B카드 통신비 10% 할인까지 30만 원 남았어요. 이번 주 외식은 B카드로 결제하세요.
C0739,CARD_C,하나카드 MOVING카드 ALLDAY모드,2025-12,8950,1,1,,0,1,40,40,,,,,,
C0739,CARD_D,삼성카드 삼성 iD SELECT ALL 카드,2025-12,1203830,14,3,,0,3,30000,30000,,,,,,
C0739,CARD_E,NH농협카드 올바른 FLEX 카드,2025-12,89200,1,0,300000.0,210800,0,0,0,0.0,0.0,배달 주문,쿠팡이츠,57600.0,E카드 스타벅스 50% 할인까지 21만 800원 남았어요. 이번 주 배달 주문은 E카드로 결제하세요.
C0740,CARD_A,신한카드 Mr.Life,2025-12,114300,1,0,300000.0,185700,0,0,0,0.0,0.0,장보기,홈플러스,531700.0,"A카드 공과금·편의점 10% 할인까지 18만 5,700원 남았어요. 이번 주말 장보기는 A카드로 결제하세요."
C0740,CARD_B,KB국민카드 굿데이카드,2025-12,67300,1,0,300000.0,232700,0,0,0,0.0,0.0,편의점,CU,19300.0,"B카드 통신비 10% 할인까지 23만 2,700원 남았어요. 이번 주 편의점은 B카드로 결제하세요."
C0740,CARD_C,하나카드 MOVING카드 ALLDAY모드,2025-12,1719390,15,1,,0,1,17190,17190,,,,,,
C0740,CARD_D,삼성카드 삼성 iD SELECT ALL 카드,2025-12,0,0,0,400000.0,400000,0,0,0,0.0,0.0,장보기,홈플러스,531700.0,D카드 SELECT 7% 할인까지 40만 원 남았어요. 이번 주말 장보기는 D카드로 결제하세요.
C0740,CARD_E,NH농협카드 올바른 FLEX 카드,2025-12,1109100,2,1,,0,0,0,0,,,,,,
C0741,CARD_A,신한카드 Mr.Life,2025-12,0,0,0,300000.0,300000,0,0,0,0.0,0.0,병원·약국,내과의원,72600.0,A카드 공과금·편의점 10% 할인까지 30만 원 남았어요. 이번 주 병원·약국은 A카드로 결제하세요.
C0741,CARD_B,KB국민카드 굿데이카드,2025-12,0,0,0,300000.0,300000,0,0,0,0.0,0.0,외식,동네식당,87600.0,B카드 통신비 10% 할인까지 30만 원 남았어요. 이번 주 외식은 B카드로 결제하세요.
C0741,CARD_C,하나카드 MOVING카드 ALLDAY모드,2025-12,0,0,1,,0,1,0,0,,,,,,
C0741,CARD_D,삼성카드 삼성 iD SELECT ALL 카드,2025-12,103300,1,0,400000.0,296700,0,0,0,720.0,720.0,병원·약국,내과의원,72600.0,"D카드 SELECT 7% 할인까지 29만 6,700원 남았어요. 이번 주 병원·약국은 D카드로 결제하세요."
C0741,CARD_E,NH농협카드 올바른 FLEX 카드,2025-12,268090,9,0,300000.0,31910,0,0,0,7510.0,7510.0,커피,컴포즈커피,2300.0,"E카드 스타벅스 50% 할인까지 3만 1,900원 남았어요. 이번 주 커피는 E카드로 결제하세요."
C0742,CARD_A,신한카드 Mr.Life,2025-12,212840,20,0,300000.0,87160,2,730,0,730.0,730.0,편의점,GS25,18400.0,"A카드 공과금·편의점 10% 할인까지 8만 7,200원 남았어요. 이번 주 편의점은 A카드로 결제하세요."
C0742,CARD_B,KB국민카드 굿데이카드,2025-12,4190,2,0,300000.0,295810,0,0,0,350.0,350.0,교통비,티머니,64400.0,"B카드 통신비 10% 할인까지 29만 5,800원 남았어요. 이번 주 교통비는 B카드로 결제하세요."
C0742,CARD_C,하나카드 MOVING카드 ALLDAY모드,2025-12,2250,1,1,,0,1,10,10,,,,,,
C0742,CARD_D,삼성카드 삼성 iD SELECT ALL 카드,2025-12,14000,1,0,400000.0,386000,0,0,0,1400.0,1400.0,편의점,GS25,18400.0,"D카드 SELECT 7% 할인까지 38만 6,000원 남았어요. 이번 주 편의점은 D카드로 결제하세요."
C0742,CARD_E,NH농협카드 올바른 FLEX 카드,2025-12,0,0,0,300000.0,300000,0,0,0,0.0,0.0,교통비,티머니,64400.0,E카드 스타벅스 50% 할인까지 30만 원 남았어요. 이번 주 교통비는 E카드로 결제하세요.
C0743,CARD_A,신한카드 Mr.Life,2025-12,1015320,17,3,,0,3,8050,8050,,,,,,
C0743,CARD_B,KB국민카드 굿데이카드,2025-12,11060,2,0,300000.0,288940,0,0,0,0.0,0.0,외식,김밥천국,59200.0,"B카드 통신비 10% 할인까지 28만 8,900원 남았어요. 이번 주 외식은 B카드로 결제하세요."
C0743,CARD_C,하나카드 MOVING카드 ALLDAY모드,2025-12,0,0,1,,0,1,0,0,,,,,,
C0743,CARD_D,삼성카드 삼성 iD SELECT ALL 카드,2025-12,60300,1,0,400000.0,339700,0,0,0,420.0,420.0,구독료,티빙,38700.0,"D카드 SELECT 7% 할인까지 33만 9,700원 남았어요. 이번 주 구독료는 D카드로 결제하세요."
C0743,CARD_E,NH농협카드 올바른 FLEX 카드,2025-12,0,0,0,300000.0,300000,0,0,0,0.0,0.0,구독료,티빙,38700.0,E카드 스타벅스 50% 할인까지 30만 원 남았어요. 이번 주 구독료는 E카드로 결제하세요.
C0744,CARD_A,신한카드 Mr.Life,2025-12,0,0,0,300000.0,300000,0,0,0,0.0,0.0,온라인쇼핑,G마켓,485800.0,A카드 공과금·편의점 10% 할인까지 30만 원 남았어요. 이번 주 온라인쇼핑은 A카드로 결제하세요.
C0744,CARD_B,KB국민카드 굿데이카드,2025-12,0,0,0,300000.0,300000,0,0,0,0.0,0.0,외식,이자카야,115000.0,B카드 통신비 10% 할인까지 30만 원 남았어요. 이번 주 외식은 B카드로 결제하세요.
C0744,CARD_C,하나카드 MOVING카드 ALLDAY모드,2025-12,35000,1,1,,0,1,180,180,,,,,,
C0744,CARD_D,삼성카드 삼성 iD SELECT ALL 카드,2025-12,683940,13,1,800000.0,116060,3,24790,16790,19790.0,3000.0,온라인쇼핑,G마켓,485800.0,"D카드 SELECT 한도 월 1만 원까지 11만 6,100원 남았어요. 이번 주 온라인쇼핑은 D카드로 결제하세요."
C0744,CARD_E,NH농협카드 올바른 FLEX 카드,2025-12,20300,1,0,300000.0,279700,0,0,0,1020.0,1020.0,온라인쇼핑,G마켓,485800.0,"E카드 스타벅스 50% 할인까지 27만 9,700원 남았어요. 이번 주 온라인쇼핑은 E카드로 결제하세요."
C0745,CARD_A,신한카드 Mr.Life,2025-12,557460,14,2,1000000.0,442540,2,12530,12530,12530.0,0.0,장보기,이마트,381100.0,"A카드 할인한도 월 5만 원까지 44만 2,500원 남았어요. 이번 주말 장보기는 A카드로 결제하세요."
C0745,CARD_B,KB국민카드 굿데이카드,2025-12,56600,2,0,300000.0,243400,0,0,0,0.0,0.0,교통비,주차장,22000.0,"B카드 통신비 10% 할인까지 24만 3,400원 남았어요. 이번 주 교통비는 B카드로 결제하세요."
C0745,CARD_C,하나카드 MOVING카드 ALLDAY모드,2025-12,30800,1,1,,0,1,150,150,,,,,,
C0745,CARD_D,삼성카드 삼성 iD SELECT ALL 카드,2025-12,245200,2,0,400000.0,154800,0,0,0,6720.0,6720.0,구독료,티빙,96100.0,"D카드 SELECT 7% 할인까지 15만 4,800원 남았어요. 이번 주 구독료는 D카드로 결제하세요."
C0745,CARD_E,NH농협카드 올바른 FLEX 카드,2025-12,2490,1,0,300000.0,297510,0,0,0,120.0,120.0,구독료,티빙,96100.0,"E카드 스타벅스 50% 할인까지 29만 7,500원 남았어요. 이번 주 구독료는 E카드로 결제하세요."
C0746,CARD_A,신한카드 Mr.Life,2025-12,0,0,0,300000.0,300000,0,0,0,0.0,0.0,외식,서브웨이,24500.0,A카드 공과금·편의점 10% 할인까지 30만 원 남았어요. 이번 주 외식은 A카드로 결제하세요.
C0746,CARD_B,KB국민카드 굿데이카드,2025-12,49900,1,0,300000.0,250100,0,0,0,0.0,0.0,외식,서브웨이,24500.0,B카드 통신비 10% 할인까지 25만 100원 남았어요. 이번 주 외식은 B카드로 결제하세요.
C0746,CARD_C,하나카드 MOVING카드 ALLDAY모드,2025-12,511760,12,1,,0,1,5850,5850,,,,,,
C0746,CARD_D,삼성카드 삼성 iD SELECT ALL 카드,2025-12,26300,1,0,400000.0,373700,0,0,0,2030.0,2030.0,외식,서브웨이,24500.0,"D카드 SELECT 7% 할인까지 37만 3,700원 남았어요. 이번 주 외식은 D카드로 결제하세요."
C0746,CARD_E,NH농협카드 올바른 FLEX 카드,2025-12,0,0,0,300000.0,300000,0,0,0,0.0,0.0,편의점,GS25,6000.0,E카드 스타벅스 50% 할인까지 30만 원 남았어요. 이번 주 편의점은 E카드로 결제하세요.
C0747,CARD_A,신한카드 Mr.Life,2025-12,150800,1,0,300000.0,149200,0,0,0,0.0,0.0,장보기,이마트,340500.0,"A카드 공과금·편의점 10% 할인까지 14만 9,200원 남았어요. 이번 주말 장보기는 A카드로 결제하세요."
C0747,CARD_B,KB국민카드 굿데이카드,2025-12,5530,1,0,300000.0,294470,0,0,0,0.0,0.0,외식,한식뷔페,53400.0,"B카드 통신비 10% 할인까지 29만 4,500원 남았어요. 이번 주 외식은 B카드로 결제하세요."
C0747,CARD_C,하나카드 MOVING카드 ALLDAY모드,2025-12,605740,15,1,,0,1,6060,6060,,,,,,
C0747,CARD_D,삼성카드 삼성 iD SELECT ALL 카드,2025-12,13100,1,0,400000.0,386900,0,0,0,90.0,90.0,장보기,이마트,340500.0,"D카드 SELECT 7% 할인까지 38만 6,900원 남았어요. 이번 주말 장보기는 D카드로 결제하세요."
C0747,CARD_E,NH농협카드 올바른 FLEX 카드,2025-12,0,0,0,300000.0,300000,0,0,0,0.0,0.0,온라인쇼핑,쿠팡,87400.0,E카드 스타벅스 50% 할인까지 30만 원 남았어요. 이번 주 온라인쇼핑은 E카드로 결제하세요.
C0748,CARD_A,신한카드 Mr.Life,2025-12,0,0,0,300000.0,300000,0,0,0,0.0,0.0,온라인쇼핑,네이버쇼핑,220700.0,A카드 공과금·편의점 10% 할인까지 30만 원 남았어요. 이번 주 온라인쇼핑은 A카드로 결제하세요.
C0748,CARD_B,KB국민카드 굿데이카드,2025-12,4370,1,0,300000.0,295630,0,0,0,0.0,0.0,외식,동네식당,69500.0,"B카드 통신비 10% 할인까지 29만 5,600원 남았어요. 이번 주 외식은 B카드로 결제하세요."
C0748,CARD_C,하나카드 MOVING카드 ALLDAY모드,2025-12,771830,12,1,,0,1,7850,7850,,,,,,
C0748,CARD_D,삼성카드 삼성 iD SELECT ALL 카드,2025-12,42600,1,0,400000.0,357400,0,0,0,3280.0,3280.0,온라인쇼핑,네이버쇼핑,220700.0,"D카드 SELECT 7% 할인까지 35만 7,400원 남았어요. 이번 주 온라인쇼핑은 D카드로 결제하세요."
C0748,CARD_E,NH농협카드 올바른 FLEX 카드,2025-12,0,0,0,300000.0,300000,0,0,0,0.0,0.0,온라인쇼핑,네이버쇼핑,220700.0,E카드 스타벅스 50% 할인까지 30만 원 남았어요. 이번 주 온라인쇼핑은 E카드로 결제하세요.
C0749,CARD_A,신한카드 Mr.Life,2025-12,990790,21,2,1000000.0,9210,3,6300,6300,6300.0,0.0,온라인쇼핑,쿠팡,169500.0,"A카드 할인한도 월 5만 원까지 9,200원 남았어요. 이번 주 온라인쇼핑은 A카드로 결제하세요."
C0749,CARD_B,KB국민카드 굿데이카드,2025-12,0,0,0,300000.0,300000,0,0,0,0.0,0.0,커피,스타벅스,22000.0,B카드 통신비 10% 할인까지 30만 원 남았어요. 이번 주 커피는 B카드로 결제하세요.
C0749,CARD_C,하나카드 MOVING카드 ALLDAY모드,2025-12,7450,3,1,,0,1,40,40,,,,,,
C0749,CARD_D,삼성카드 삼성 iD SELECT ALL 카드,2025-12,0,0,0,400000.0,400000,0,0,0,0.0,0.0,온라인쇼핑,쿠팡,169500.0,D카드 SELECT 7% 할인까지 40만 원 남았어요. 이번 주 온라인쇼핑은 D카드로 결제하세요.
C0749,CARD_E,NH농협카드 올바른 FLEX 카드,2025-12,0,0,0,300000.0,300000,0,0,0,0.0,0.0,온라인쇼핑,쿠팡,169500.0,E카드 스타벅스 50% 할인까지 30만 원 남았어요. 이번 주 온라인쇼핑은 E카드로 결제하세요.
C0750,CARD_A,신한카드 Mr.Life,2025-12,0,0,0,300000.0,300000,0,0,0,0.0,0.0,장보기,쿠팡프레시,153300.0,A카드 공과금·편의점 10% 할인까지 30만 원 남았어요. 이번 주말 장보기는 A카드로 결제하세요.
C0750,CARD_B,KB국민카드 굿데이카드,2025-12,0,0,0,300000.0,300000,0,0,0,0.0,0.0,외식,고깃집,33100.0,B카드 통신비 10% 할인까지 30만 원 남았어요. 이번 주 외식은 B카드로 결제하세요.
C0750,CARD_C,하나카드 MOVING카드 ALLDAY모드,2025-12,3550,1,1,,0,1,110,110,,,,,,
C0750,CARD_D,삼성카드 삼성 iD SELECT ALL 카드,2025-12,193500,8,0,400000.0,206500,1,9470,0,9470.0,9470.0,구독료,웨이브,54100.0,"D카드 SELECT 7% 할인까지 20만 6,500원 남았어요. 이번 주 구독료는 D카드로 결제하세요."
C0750,CARD_E,NH농협카드 올바른 FLEX 카드,2025-12,5970,1,0,300000.0,294030,0,0,0,0.0,0.0,구독료,웨이브,54100.0,"E카드 스타벅스 50% 할인까지 29만 4,000원 남았어요. 이번 주 구독료는 E카드로 결제하세요."
C0751,CARD_A,신한카드 Mr.Life,2025-12,0,0,0,300000.0,300000,0,0,0,0.0,0.0,외식,한식뷔페,41000.0,A카드 공과금·편의점 10% 할인까지 30만 원 남았어요. 이번 주 외식은 A카드로 결제하세요.
C0751,CARD_B,KB국민카드 굿데이카드,2025-12,1426600,14,3,,0,0,0,8550,,,,,,
C0751,CARD_C,하나카드 MOVING카드 ALLDAY모드,2025-12,297500,1,1,,0,1,1490,1490,,,,,,
C0751,CARD_D,삼성카드 삼성 iD SELECT ALL 카드,2025-12,0,0,0,400000.0,400000,0,0,0,0.0,0.0,외식,한식뷔페,41000.0,D카드 SELECT 7% 할인까지 40만 원 남았어요. 이번 주 외식은 D카드로 결제하세요.
C0751,CARD_E,NH농협카드 올바른 FLEX 카드,2025-12,0,0,0,300000.0,300000,0,0,0,0.0,0.0,배달 주문,쿠팡이츠,22400.0,E카드 스타벅스 50% 할인까지 30만 원 남았어요. 이번 주 배달 주문은 E카드로 결제하세요.
C0752,CARD_A,신한카드 Mr.Life,2025-12,0,0,0,300000.0,300000,0,0,0,0.0,0.0,장보기,롯데마트,381700.0,A카드 공과금·편의점 10% 할인까지 30만 원 남았어요. 이번 주말 장보기는 A카드로 결제하세요.
C0752,CARD_B,KB국민카드 굿데이카드,2025-12,0,0,0,300000.0,300000,0,0,0,0.0,0.0,외식,동네식당,40700.0,B카드 통신비 10% 할인까지 30만 원 남았어요. 이번 주 외식은 B카드로 결제하세요.
C0752,CARD_C,하나카드 MOVING카드 ALLDAY모드,2025-12,1329480,12,1,,0,1,13290,13290,,,,,,
C0752,CARD_D,삼성카드 삼성 iD SELECT ALL 카드,2025-12,10900,1,0,400000.0,389100,0,0,0,80.0,80.0,장보기,롯데마트,381700.0,"D카드 SELECT 7% 할인까지 38만 9,100원 남았어요. 이번 주말 장보기는 D카드로 결제하세요."
C0752,CARD_E,NH농협카드 올바른 FLEX 카드,2025-12,194800,2,0,300000.0,105200,0,0,0,0.0,0.0,구독료,티빙,24800.0,"E카드 스타벅스 50% 할인까지 10만 5,200원 남았어요. 이번 주 구독료는 E카드로 결제하세요."
C0753,CARD_A,신한카드 Mr.Life,2025-12,96440,2,0,300000.0,203560,0,0,0,8990.0,8990.0,장보기,홈플러스,1040300.0,"A카드 공과금·편의점 10% 할인까지 20만 3,600원 남았어요. 이번 주말 장보기는 A카드로 결제하세요."
C0753,CARD_B,KB국민카드 굿데이카드,2025-12,495660,11,1,600000.0,104340,3,390,0,390.0,390.0,교통비,티머니,30900.0,"B카드 외식·커피 10% 할인까지 10만 4,300원 남았어요. 이번 주 교통비는 B카드로 결제하세요."
C0753,CARD_C,하나카드 MOVING카드 ALLDAY모드,2025-12,369200,2,1,,0,1,1850,1850,,,,,,
C0753,CARD_D,삼성카드 삼성 iD SELECT ALL 카드,2025-12,0,0,0,400000.0,400000,0,0,0,0.0,0.0,장보기,홈플러스,1040300.0,D카드 SELECT 7% 할인까지 40만 원 남았어요. 이번 주말 장보기는 D카드로 결제하세요.
C0753,CARD_E,NH농협카드 올바른 FLEX 카드,2025-12,242460,3,0,300000.0,57540,0,0,0,510.0,510.0,온라인쇼핑,네이버쇼핑,149200.0,"E카드 스타벅스 50% 할인까지 5만 7,500원 남았어요. 이번 주 온라인쇼핑은 E카드로 결제하세요."
C0754,CARD_A,신한카드 Mr.Life,2025-12,1002160,21,3,,0,2,1120,1120,,,,,,
C0754,CARD_B,KB국민카드 굿데이카드,2025-12,1900,1,0,300000.0,298100,0,0,0,0.0,0.0,커피,메가MGC커피,19000.0,"B카드 통신비 10% 할인까지 29만 8,100원 남았어요. 이번 주 커피는 B카드로 결제하세요."
C0754,CARD_C,하나카드 MOVING카드 ALLDAY모드,2025-12,0,0,1,,0,1,0,0,,,,,,
C0754,CARD_D,삼성카드 삼성 iD SELECT ALL 카드,2025-12,66300,1,0,400000.0,333700,0,0,0,6630.0,6630.0,온라인쇼핑,쿠팡,84200.0,"D카드 SELECT 7% 할인까지 33만 3,700원 남았어요. 이번 주 온라인쇼핑은 D카드로 결제하세요."
C0754,CARD_E,NH농협카드 올바른 FLEX 카드,2025-12,3480,1,0,300000.0,296520,0,0,0,0.0,0.0,커피,메가MGC커피,19000.0,"E카드 스타벅스 50% 할인까지 29만 6,500원 남았어요. 이번 주 커피는 E카드로 결제하세요."
C0755,CARD_A,신한카드 Mr.Life,2025-12,0,0,0,300000.0,300000,0,0,0,0.0,0.0,장보기,하나로마트,294500.0,A카드 공과금·편의점 10% 할인까지 30만 원 남았어요. 이번 주말 장보기는 A카드로 결제하세요.
C0755,CARD_B,KB국민카드 굿데이카드,2025-12,0,0,0,300000.0,300000,0,0,0,0.0,0.0,주유,S-OIL,79800.0,B카드 통신비 10% 할인까지 30만 원 남았어요. 이번 주말 주유는 B카드로 결제하세요.
C0755,CARD_C,하나카드 MOVING카드 ALLDAY모드,2025-12,818150,6,1,,0,1,4320,4320,,,,,,
C0755,CARD_D,삼성카드 삼성 iD SELECT ALL 카드,2025-12,34100,1,0,400000.0,365900,0,0,0,3410.0,3410.0,장보기,하나로마트,294500.0,"D카드 SELECT 7% 할인까지 36만 5,900원 남았어요. 이번 주말 장보기는 D카드로 결제하세요."
C0755,CARD_E,NH농협카드 올바른 FLEX 카드,2025-12,0,0,0,300000.0,300000,0,0,0,0.0,0.0,구독료,iCloud+,13500.0,E카드 스타벅스 50% 할인까지 30만 원 남았어요. 이번 주 구독료는 E카드로 결제하세요.
C0756,CARD_A,신한카드 Mr.Life,2025-12,0,0,0,300000.0,300000,0,0,0,0.0,0.0,커피,동네로스터리,6200.0,A카드 공과금·편의점 10% 할인까지 30만 원 남았어요. 이번 주 커피는 A카드로 결제하세요.
C0756,CARD_B,KB국민카드 굿데이카드,2025-12,89300,1,0,300000.0,210700,0,0,0,0.0,0.0,커피,동네로스터리,6200.0,B카드 통신비 10% 할인까지 21만 700원 남았어요. 이번 주 커피는 B카드로 결제하세요.
C0756,CARD_C,하나카드 MOVING카드 ALLDAY모드,2025-12,1578170,11,1,,0,1,15780,15780,,,,,,
C0756,CARD_D,삼성카드 삼성 iD SELECT ALL 카드,2025-12,12000,1,0,400000.0,388000,0,0,0,80.0,80.0,구독료,어도비 Creative Cloud,42800.0,"D카드 SELECT 7% 할인까지 38만 8,000원 남았어요. 이번 주 구독료는 D카드로 결제하세요."
C0756,CARD_E,NH농협카드 올바른 FLEX 카드,2025-12,6140,1,0,300000.0,293860,0,0,0,0.0,0.0,구독료,어도비 Creative Cloud,42800.0,"E카드 스타벅스 50% 할인까지 29만 3,900원 남았어요. 이번 주 구독료는 E카드로 결제하세요."
C0757,CARD_A,신한카드 Mr.Life,2025-12,310990,2,1,500000.0,189010,0,0,3000,7000.0,4000.0,온라인쇼핑,쿠팡,238900.0,"A카드 할인한도 월 3.4만 원까지 18만 9,000원 남았어요. 이번 주 온라인쇼핑은 A카드로 결제하세요."
C0757,CARD_B,KB국민카드 굿데이카드,2025-12,0,0,0,300000.0,300000,0,0,0,0.0,0.0,커피,컴포즈커피,17300.0,B카드 통신비 10% 할인까지 30만 원 남았어요. 이번 주 커피는 B카드로 결제하세요.
C0757,CARD_C,하나카드 MOVING카드 ALLDAY모드,2025-12,102900,3,1,,0,1,510,510,,,,,,
C0757,CARD_D,삼성카드 삼성 iD SELECT ALL 카드,2025-12,0,0,0,400000.0,400000,0,0,0,0.0,0.0,온라인쇼핑,쿠팡,238900.0,D카드 SELECT 7% 할인까지 40만 원 남았어요. 이번 주 온라인쇼핑은 D카드로 결제하세요.
C0757,CARD_E,NH농협카드 올바른 FLEX 카드,2025-12,849050,17,1,,0,1,13320,13320,,,,,,
C0758,CARD_A,신한카드 Mr.Life,2025-12,40290,2,0,300000.0,259710,0,0,0,0.0,0.0,커피,메가MGC커피,23400.0,"A카드 공과금·편의점 10% 할인까지 25만 9,700원 남았어요. 이번 주 커피는 A카드로 결제하세요."
C0758,CARD_B,KB국민카드 굿데이카드,2025-12,0,0,0,300000.0,300000,0,0,0,0.0,0.0,교통비,티머니,106600.0,B카드 통신비 10% 할인까지 30만 원 남았어요. 이번 주 교통비는 B카드로 결제하세요.
C0758,CARD_C,하나카드 MOVING카드 ALLDAY모드,2025-12,0,0,1,,0,1,0,0,,,,,,
C0758,CARD_D,삼성카드 삼성 iD SELECT ALL 카드,2025-12,7080,1,0,400000.0,392920,0,0,0,50.0,50.0,편의점,CU,31200.0,"D카드 SELECT 7% 할인까지 39만 2,900원 남았어요. 이번 주 편의점은 D카드로 결제하세요."
C0758,CARD_E,NH농협카드 올바른 FLEX 카드,2025-12,327490,22,1,,0,1,7770,7770,,,,,,
C0759,CARD_A,신한카드 Mr.Life,2025-12,792210,21,2,1000000.0,207790,0,0,8350,8350.0,0.0,편의점,GS25,31600.0,"A카드 할인한도 월 5만 원까지 20만 7,800원 남았어요. 이번 주 편의점은 A카드로 결제하세요."
C0759,CARD_B,KB국민카드 굿데이카드,2025-12,1280,1,0,300000.0,298720,0,0,0,0.0,0.0,편의점,GS25,31600.0,"B카드 통신비 10% 할인까지 29만 8,700원 남았어요. 이번 주 편의점은 B카드로 결제하세요."
C0759,CARD_C,하나카드 MOVING카드 ALLDAY모드,2025-12,16900,1,1,,0,1,80,80,,,,,,
C0759,CARD_D,삼성카드 삼성 iD SELECT ALL 카드,2025-12,35900,1,0,400000.0,364100,0,0,0,2050.0,2050.0,배달 주문,쿠팡이츠,173000.0,"D카드 SELECT 7% 할인까지 36만 4,100원 남았어요. 이번 주 배달 주문은 D카드로 결제하세요."
C0759,CARD_E,NH농협카드 올바른 FLEX 카드,2025-12,0,0,0,300000.0,300000,0,0,0,0.0,0.0,배달 주문,쿠팡이츠,173000.0,E카드 스타벅스 50% 할인까지 30만 원 남았어요. 이번 주 배달 주문은 E카드로 결제하세요.
C0760,CARD_A,신한카드 Mr.Life,2025-12,10900,1,0,300000.0,289100,0,0,0,0.0,0.0,장보기,이마트,504600.0,"A카드 공과금·편의점 10% 할인까지 28만 9,100원 남았어요. 이번 주말 장보기는 A카드로 결제하세요."
C0760,CARD_B,KB국민카드 굿데이카드,2025-12,190700,1,0,300000.0,109300,0,0,0,0.0,0.0,외식,김밥천국,51700.0,"B카드 통신비 10% 할인까지 10만 9,300원 남았어요. 이번 주 외식은 B카드로 결제하세요."
C0760,CARD_C,하나카드 MOVING카드 ALLDAY모드,2025-12,0,0,1,,0,1,0,0,,,,,,
C0760,CARD_D,삼성카드 삼성 iD SELECT ALL 카드,2025-12,1850,1,0,400000.0,398150,0,0,0,10.0,10.0,장보기,이마트,504600.0,"D카드 SELECT 7% 할인까지 39만 8,200원 남았어요. 이번 주말 장보기는 D카드로 결제하세요."
C0760,CARD_E,NH농협카드 올바른 FLEX 카드,2025-12,937270,11,1,,0,1,3040,3040,,,,,,
C0761,CARD_A,신한카드 Mr.Life,2025-12,1475040,30,3,,0,3,28230,28230,,,,,,
C0761,CARD_B,KB국민카드 굿데이카드,2025-12,0,0,0,300000.0,300000,1,0,0,0.0,0.0,외식,동네식당,158700.0,B카드 통신비 10% 할인까지 30만 원 남았어요. 이번 주 외식은 B카드로 결제하세요.
C0761,CARD_C,하나카드 MOVING카드 ALLDAY모드,2025-12,37900,1,1,,0,1,190,190,,,,,,
C0761,CARD_D,삼성카드 삼성 iD SELECT ALL 카드,2025-12,0,0,0,400000.0,400000,0,0,0,0.0,0.0,배달 주문,배달의민족,175800.0,D카드 SELECT 7% 할인까지 40만 원 남았어요. 이번 주 배달 주문은 D카드로 결제하세요.
C0761,CARD_E,NH농협카드 올바른 FLEX 카드,2025-12,74900,3,0,300000.0,225100,0,0,0,3070.0,3070.0,배달 주문,배달의민족,175800.0,"E카드 스타벅스 50% 할인까지 22만 5,100원 남았어요. 이번 주 배달 주문은 E카드로 결제하세요."
C0762,CARD_A,신한카드 Mr.Life,2025-12,155200,2,0,300000.0,144800,0,0,0,0.0,0.0,온라인쇼핑,네이버쇼핑,657500.0,"A카드 공과금·편의점 10% 할인까지 14만 4,800원 남았어요. 이번 주 온라인쇼핑은 A카드로 결제하세요."
C0762,CARD_B,KB국민카드 굿데이카드,2025-12,736180,16,2,1200000.0,463820,3,5260,5260,5260.0,0.0,외식,동네식당,86400.0,"B카드 학원비 10% 할인까지 46만 3,800원 남았어요. 이번 주 외식은 B카드로 결제하세요."
C0762,CARD_C,하나카드 MOVING카드 ALLDAY모드,2025-12,10300,1,1,,0,1,50,50,,,,,,
C0762,CARD_D,삼성카드 삼성 iD SELECT ALL 카드,2025-12,514340,2,1,800000.0,285660,0,0,8600,8600.0,0.0,온라인쇼핑,네이버쇼핑,657500.0,"D카드 SELECT 한도 월 1만 원까지 28만 5,700원 남았어요. 이번 주 온라인쇼핑은 D카드로 결제하세요."
C0762,CARD_E,NH농협카드 올바른 FLEX 카드,2025-12,95900,2,0,300000.0,204100,0,0,0,6350.0,6350.0,온라인쇼핑,네이버쇼핑,657500.0,"E카드 스타벅스 50% 할인까지 20만 4,100원 남았어요. 이번 주 온라인쇼핑은 E카드로 결제하세요."
C0763,CARD_A,신한카드 Mr.Life,2025-12,0,0,0,300000.0,300000,0,0,0,0.0,0.0,외식,고깃집,190600.0,A카드 공과금·편의점 10% 할인까지 30만 원 남았어요. 이번 주 외식은 A카드로 결제하세요.
C0763,CARD_B,KB국민카드 굿데이카드,2025-12,5740,1,0,300000.0,294260,0,0,0,0.0,0.0,외식,고깃집,190600.0,"B카드 통신비 10% 할인까지 29만 4,300원 남았어요. 이번 주 외식은 B카드로 결제하세요."
C0763,CARD_C,하나카드 MOVING카드 ALLDAY모드,2025-12,0,0,1,,0,1,0,0,,,,,,
C0763,CARD_D,삼성카드 삼성 iD SELECT ALL 카드,2025-12,0,0,0,400000.0,400000,0,0,0,0.0,0.0,구독료,디즈니플러스,47000.0,D카드 SELECT 7% 할인까지 40만 원 남았어요. 이번 주 구독료는 D카드로 결제하세요.
C0763,CARD_E,NH농협카드 올바른 FLEX 카드,2025-12,2410640,14,1,,0,1,6100,6100,,,,,,
C0764,CARD_A,신한카드 Mr.Life,2025-12,58000,1,0,300000.0,242000,0,0,0,3000.0,3000.0,장보기,이마트,325500.0,"A카드 공과금·편의점 10% 할인까지 24만 2,000원 남았어요. 이번 주말 장보기는 A카드로 결제하세요."
C0764,CARD_B,KB국민카드 굿데이카드,2025-12,50800,2,0,300000.0,249200,0,0,0,0.0,0.0,주유,S-OIL,103500.0,"B카드 통신비 10% 할인까지 24만 9,200원 남았어요. 이번 주말 주유는 B카드로 결제하세요."
C0764,CARD_C,하나카드 MOVING카드 ALLDAY모드,2025-12,567970,12,1,,0,1,5680,5680,,,,,,
C0764,CARD_D,삼성카드 삼성 iD SELECT ALL 카드,2025-12,113600,1,0,400000.0,286400,0,0,0,800.0,800.0,장보기,이마트,325500.0,"D카드 SELECT 7% 할인까지 28만 6,400원 남았어요. 이번 주말 장보기는 D카드로 결제하세요."
C0764,CARD_E,NH농협카드 올바른 FLEX 카드,2025-12,269500,1,0,300000.0,30500,0,0,0,0.0,0.0,편의점,CU,5400.0,E카드 스타벅스 50% 할인까지 3만 500원 남았어요. 이번 주 편의점은 E카드로 결제하세요.
C0765,CARD_A,신한카드 Mr.Life,2025-12,0,0,0,300000.0,300000,0,0,0,0.0,0.0,외식,맘스터치,215200.0,A카드 공과금·편의점 10% 할인까지 30만 원 남았어요. 이번 주 외식은 A카드로 결제하세요.
C0765,CARD_B,KB국민카드 굿데이카드,2025-12,1349950,20,3,,0,1,1970,6970,,,,,,
C0765,CARD_C,하나카드 MOVING카드 ALLDAY모드,2025-12,218900,2,1,,0,1,1090,1090,,,,,,
C0765,CARD_D,삼성카드 삼성 iD SELECT ALL 카드,2025-12,329900,2,0,400000.0,70100,0,0,0,2310.0,2310.0,외식,맘스터치,215200.0,D카드 SELECT 7% 할인까지 7만 100원 남았어요. 이번 주 외식은 D카드로 결제하세요.
C0765,CARD_E,NH농협카드 올바른 FLEX 카드,2025-12,170160,2,0,300000.0,129840,0,0,0,930.0,930.0,편의점,GS25,16200.0,"E카드 스타벅스 50% 할인까지 12만 9,800원 남았어요. 이번 주 편의점은 E카드로 결제하세요."
C0766,CARD_A,신한카드 Mr.Life,2025-12,970400,10,2,1000000.0,29600,3,22580,22580,22580.0,0.0,외식,서브웨이,307400.0,"A카드 할인한도 월 5만 원까지 2만 9,600원 남았어요. 이번 주 외식은 A카드로 결제하세요."
C0766,CARD_B,KB국민카드 굿데이카드,2025-12,0,0,0,300000.0,300000,0,0,0,0.0,0.0,외식,서브웨이,307400.0,B카드 통신비 10% 할인까지 30만 원 남았어요. 이번 주 외식은 B카드로 결제하세요.
C0766,CARD_C,하나카드 MOVING카드 ALLDAY모드,2025-12,0,0,1,,0,1,0,0,,,,,,
C0766,CARD_D,삼성카드 삼성 iD SELECT ALL 카드,2025-12,106100,2,0,400000.0,293900,0,0,0,5680.0,5680.0,외식,서브웨이,307400.0,"D카드 SELECT 7% 할인까지 29만 3,900원 남았어요. 이번 주 외식은 D카드로 결제하세요."
C0766,CARD_E,NH농협카드 올바른 FLEX 카드,2025-12,0,0,0,300000.0,300000,0,0,0,0.0,0.0,구독료,밀리의서재,37700.0,E카드 스타벅스 50% 할인까지 30만 원 남았어요. 이번 주 구독료는 E카드로 결제하세요.
C0767,CARD_A,신한카드 Mr.Life,2025-12,226770,4,0,300000.0,73230,0,0,0,9300.0,9300.0,편의점,CU,3900.0,"A카드 공과금·편의점 10% 할인까지 7만 3,200원 남았어요. 이번 주 편의점은 A카드로 결제하세요."
C0767,CARD_B,KB국민카드 굿데이카드,2025-12,0,0,0,300000.0,300000,0,0,0,0.0,0.0,편의점,CU,3900.0,B카드 통신비 10% 할인까지 30만 원 남았어요. 이번 주 편의점은 B카드로 결제하세요.
C0767,CARD_C,하나카드 MOVING카드 ALLDAY모드,2025-12,125000,1,1,,0,1,620,620,,,,,,
C0767,CARD_D,삼성카드 삼성 iD SELECT ALL 카드,2025-12,20500,1,0,400000.0,379500,0,0,0,1580.0,1580.0,편의점,CU,3900.0,"D카드 SELECT 7% 할인까지 37만 9,500원 남았어요. 이번 주 편의점은 D카드로 결제하세요."
C0767,CARD_E,NH농협카드 올바른 FLEX 카드,2025-12,0,0,0,300000.0,300000,0,0,0,0.0,0.0,편의점,CU,3900.0,E카드 스타벅스 50% 할인까지 30만 원 남았어요. 이번 주 편의점은 E카드로 결제하세요.
C0768,CARD_A,신한카드 Mr.Life,2025-12,223000,4,0,300000.0,77000,3,0,0,0.0,0.0,커피,스타벅스,11200.0,"A카드 공과금·편의점 10% 할인까지 7만 7,000원 남았어요. 이번 주 커피는 A카드로 결제하세요."
C0768,CARD_B,KB국민카드 굿데이카드,2025-12,58340,3,0,300000.0,241660,0,0,0,1300.0,1300.0,커피,스타벅스,11200.0,"B카드 통신비 10% 할인까지 24만 1,700원 남았어요. 이번 주 커피는 B카드로 결제하세요."
C0768,CARD_C,하나카드 MOVING카드 ALLDAY모드,2025-12,172600,1,1,,0,1,860,860,,,,,,
C0768,CARD_D,삼성카드 삼성 iD SELECT ALL 카드,2025-12,0,0,0,400000.0,400000,0,0,0,0.0,0.0,병원·약국,정형외과,32100.0,D카드 SELECT 7% 할인까지 40만 원 남았어요. 이번 주 병원·약국은 D카드로 결제하세요.
C0768,CARD_E,NH농협카드 올바른 FLEX 카드,2025-12,74500,1,0,300000.0,225500,0,0,0,0.0,0.0,커피,스타벅스,11200.0,"E카드 스타벅스 50% 할인까지 22만 5,500원 남았어요. 이번 주 커피는 E카드로 결제하세요."
C0769,CARD_A,신한카드 Mr.Life,2025-12,0,0,0,300000.0,300000,0,0,0,0.0,0.0,병원·약국,약국,73300.0,A카드 공과금·편의점 10% 할인까지 30만 원 남았어요. 이번 주 병원·약국은 A카드로 결제하세요.
C0769,CARD_B,KB국민카드 굿데이카드,2025-12,0,0,0,300000.0,300000,0,0,0,0.0,0.0,편의점,GS25,5100.0,B카드 통신비 10% 할인까지 30만 원 남았어요. 이번 주 편의점은 B카드로 결제하세요.
C0769,CARD_C,하나카드 MOVING카드 ALLDAY모드,2025-12,268500,1,1,,0,1,1340,1340,,,,,,
C0769,CARD_D,삼성카드 삼성 iD SELECT ALL 카드,2025-12,0,0,0,400000.0,400000,0,0,0,0.0,0.0,병원·약국,약국,73300.0,D카드 SELECT 7% 할인까지 40만 원 남았어요. 이번 주 병원·약국은 D카드로 결제하세요.
C0769,CARD_E,NH농협카드 올바른 FLEX 카드,2025-12,628000,13,1,,0,1,12460,12460,,,,,,
C0770,CARD_A,신한카드 Mr.Life,2025-12,1234370,13,3,,0,2,11250,11250,,,,,,
C0770,CARD_B,KB국민카드 굿데이카드,2025-12,0,0,0,300000.0,300000,0,0,0,0.0,0.0,외식,동네식당,198200.0,B카드 통신비 10% 할인까지 30만 원 남았어요. 이번 주 외식은 B카드로 결제하세요.
C0770,CARD_C,하나카드 MOVING카드 ALLDAY모드,2025-12,0,0,1,,0,1,0,0,,,,,,
C0770,CARD_D,삼성카드 삼성 iD SELECT ALL 카드,2025-12,28100,1,0,400000.0,371900,0,0,0,2160.0,2160.0,온라인쇼핑,네이버쇼핑,134500.0,"D카드 SELECT 7% 할인까지 37만 1,900원 남았어요. 이번 주 온라인쇼핑은 D카드로 결제하세요."
C0770,CARD_E,NH농협카드 올바른 FLEX 카드,2025-12,57900,1,0,300000.0,242100,0,0,0,0.0,0.0,온라인쇼핑,네이버쇼핑,134500.0,"E카드 스타벅스 50% 할인까지 24만 2,100원 남았어요. 이번 주 온라인쇼핑은 E카드로 결제하세요."
C0771,CARD_A,신한카드 Mr.Life,2025-12,84400,1,0,300000.0,215600,1,8440,0,8440.0,8440.0,온라인쇼핑,네이버쇼핑,296600.0,"A카드 공과금·편의점 10% 할인까지 21만 5,600원 남았어요. 이번 주 온라인쇼핑은 A카드로 결제하세요."
C0771,CARD_B,KB국민카드 굿데이카드,2025-12,0,0,0,300000.0,300000,0,0,0,0.0,0.0,편의점,CU,19100.0,B카드 통신비 10% 할인까지 30만 원 남았어요. 이번 주 편의점은 B카드로 결제하세요.
C0771,CARD_C,하나카드 MOVING카드 ALLDAY모드,2025-12,0,0,1,,0,1,0,0,,,,,,
C0771,CARD_D,삼성카드 삼성 iD SELECT ALL 카드,2025-12,708360,15,1,800000.0,91640,3,25990,14000,20000.0,6000.0,온라인쇼핑,네이버쇼핑,296600.0,"D카드 SELECT 한도 월 1만 원까지 9만 1,600원 남았어요. 이번 주 온라인쇼핑은 D카드로 결제하세요."
C0771,CARD_E,NH농협카드 올바른 FLEX 카드,2025-12,0,0,0,300000.0,300000,0,0,0,0.0,0.0,온라인쇼핑,네이버쇼핑,296600.0,E카드 스타벅스 50% 할인까지 30만 원 남았어요. 이번 주 온라인쇼핑은 E카드로 결제하세요.
C0772,CARD_A,신한카드 Mr.Life,2025-12,855390,13,2,1000000.0,144610,3,12840,12840,12840.0,0.0,온라인쇼핑,쿠팡,212600.0,"A카드 할인한도 월 5만 원까지 14만 4,600원 남았어요. 이번 주 온라인쇼핑은 A카드로 결제하세요."
C0772,CARD_B,KB국민카드 굿데이카드,2025-12,44770,2,0,300000.0,255230,0,0,0,0.0,0.0,외식,고깃집,78600.0,"B카드 통신비 10% 할인까지 25만 5,200원 남았어요. 이번 주 외식은 B카드로 결제하세요."
C0772,CARD_C,하나카드 MOVING카드 ALLDAY모드,2025-12,18900,1,1,,0,1,90,90,,,,,,
C0772,CARD_D,삼성카드 삼성 iD SELECT ALL 카드,2025-12,45700,1,0,400000.0,354300,0,0,0,3520.0,3520.0,온라인쇼핑,쿠팡,212600.0,"D카드 SELECT 7% 할인까지 35만 4,300원 남았어요. 이번 주 온라인쇼핑은 D카드로 결제하세요."
C0772,CARD_E,NH농협카드 올바른 FLEX 카드,2025-12,0,0,0,300000.0,300000,1,0,0,0.0,0.0,온라인쇼핑,쿠팡,212600.0,E카드 스타벅스 50% 할인까지 30만 원 남았어요. 이번 주 온라인쇼핑은 E카드로 결제하세요.
C0773,CARD_A,신한카드 Mr.Life,2025-12,50860,3,0,300000.0,249140,0,0,0,3890.0,3890.0,장보기,동네마트,174600.0,"A카드 공과금·편의점 10% 할인까지 24만 9,100원 남았어요. 이번 주말 장보기는 A카드로 결제하세요."
C0773,CARD_B,KB국민카드 굿데이카드,2025-12,67340,2,0,300000.0,232660,0,0,0,0.0,0.0,외식,김밥천국,30500.0,"B카드 통신비 10% 할인까지 23만 2,700원 남았어요. 이번 주 외식은 B카드로 결제하세요."
C0773,CARD_C,하나카드 MOVING카드 ALLDAY모드,2025-12,819070,16,1,,0,1,8190,8190,,,,,,
C0773,CARD_D,삼성카드 삼성 iD SELECT ALL 카드,2025-12,0,0,0,400000.0,400000,0,0,0,0.0,0.0,장보기,동네마트,174600.0,D카드 SELECT 7% 할인까지 40만 원 남았어요. 이번 주말 장보기는 D카드로 결제하세요.
C0773,CARD_E,NH농협카드 올바른 FLEX 카드,2025-12,0,0,0,300000.0,300000,0,0,0,0.0,0.0,구독료,네이버플러스 멤버십,40100.0,E카드 스타벅스 50% 할인까지 30만 원 남았어요. 이번 주 구독료는 E카드로 결제하세요.
C0774,CARD_A,신한카드 Mr.Life,2025-12,440400,18,1,500000.0,59600,2,190,190,190.0,0.0,외식,동네식당,75800.0,"A카드 할인한도 월 3.4만 원까지 5만 9,600원 남았어요. 이번 주 외식은 A카드로 결제하세요."
C0774,CARD_B,KB국민카드 굿데이카드,2025-12,70500,1,0,300000.0,229500,0,0,0,0.0,0.0,외식,동네식당,75800.0,"B카드 통신비 10% 할인까지 22만 9,500원 남았어요. 이번 주 외식은 B카드로 결제하세요."
C0774,CARD_C,하나카드 MOVING카드 ALLDAY모드,2025-12,0,0,1,,0,1,0,0,,,,,,
C0774,CARD_D,삼성카드 삼성 iD SELECT ALL 카드,2025-12,0,0,0,400000.0,400000,0,0,0,0.0,0.0,배달 주문,배달의민족,86700.0,D카드 SELECT 7% 할인까지 40만 원 남았어요. 이번 주 배달 주문은 D카드로 결제하세요.
C0774,CARD_E,NH농협카드 올바른 FLEX 카드,2025-12,1340,1,0,300000.0,298660,0,0,0,0.0,0.0,배달 주문,배달의민족,86700.0,"E카드 스타벅스 50% 할인까지 29만 8,700원 남았어요. 이번 주 배달 주문은 E카드로 결제하세요."
C0775,CARD_A,신한카드 Mr.Life,2025-12,700000,11,2,1000000.0,300000,2,11100,11100,11100.0,0.0,편의점,CU,6800.0,A카드 할인한도 월 5만 원까지 30만 원 남았어요. 이번 주 편의점은 A카드로 결제하세요.
C0775,CARD_B,KB국민카드 굿데이카드,2025-12,124700,2,0,300000.0,175300,0,0,0,0.0,0.0,편의점,CU,6800.0,"B카드 통신비 10% 할인까지 17만 5,300원 남았어요. 이번 주 편의점은 B카드로 결제하세요."
C0775,CARD_C,하나카드 MOVING카드 ALLDAY모드,2025-12,0,0,1,,0,1,0,0,,,,,,
C0775,CARD_D,삼성카드 삼성 iD SELECT ALL 카드,2025-12,0,0,0,400000.0,400000,0,0,0,0.0,0.0,생활용품 구매,오늘의집,561000.0,D카드 SELECT 7% 할인까지 40만 원 남았어요. 이번 주말 생활용품 구매는 D카드로 결제하세요.
C0775,CARD_E,NH농협카드 올바른 FLEX 카드,2025-12,7890,1,0,300000.0,292110,0,0,0,0.0,0.0,편의점,CU,6800.0,"E카드 스타벅스 50% 할인까지 29만 2,100원 남았어요. 이번 주 편의점은 E카드로 결제하세요."
C0776,CARD_A,신한카드 Mr.Life,2025-12,1469840,11,3,,0,3,13760,13760,,,,,,
C0776,CARD_B,KB국민카드 굿데이카드,2025-12,80600,1,0,300000.0,219400,0,0,0,0.0,0.0,외식,스시오마카세,572100.0,"B카드 통신비 10% 할인까지 21만 9,400원 남았어요. 이번 주 외식은 B카드로 결제하세요."
C0776,CARD_C,하나카드 MOVING카드 ALLDAY모드,2025-12,12000,1,1,,0,1,60,60,,,,,,
C0776,CARD_D,삼성카드 삼성 iD SELECT ALL 카드,2025-12,93800,1,0,400000.0,306200,0,0,0,660.0,660.0,외식,스시오마카세,572100.0,"D카드 SELECT 7% 할인까지 30만 6,200원 남았어요. 이번 주 외식은 D카드로 결제하세요."
C0776,CARD_E,NH농협카드 올바른 FLEX 카드,2025-12,0,0,0,300000.0,300000,1,0,0,0.0,0.0,편의점,CU,30900.0,E카드 스타벅스 50% 할인까지 30만 원 남았어요. 이번 주 편의점은 E카드로 결제하세요.
C0777,CARD_A,신한카드 Mr.Life,2025-12,3918400,11,3,,0,3,190,190,,,,,,
C0777,CARD_B,KB국민카드 굿데이카드,2025-12,30800,1,0,300000.0,269200,0,0,0,0.0,0.0,편의점,CU,23400.0,"B카드 통신비 10% 할인까지 26만 9,200원 남았어요. 이번 주 편의점은 B카드로 결제하세요."
C0777,CARD_C,하나카드 MOVING카드 ALLDAY모드,2025-12,72700,2,1,,0,1,360,360,,,,,,
C0777,CARD_D,삼성카드 삼성 iD SELECT ALL 카드,2025-12,319400,2,0,400000.0,80600,0,0,0,2240.0,2240.0,구독료,마이크로소프트 365,41900.0,D카드 SELECT 7% 할인까지 8만 600원 남았어요. 이번 주 구독료는 D카드로 결제하세요.
C0777,CARD_E,NH농협카드 올바른 FLEX 카드,2025-12,0,0,0,300000.0,300000,0,0,0,0.0,0.0,구독료,마이크로소프트 365,41900.0,E카드 스타벅스 50% 할인까지 30만 원 남았어요. 이번 주 구독료는 E카드로 결제하세요.
C0778,CARD_A,신한카드 Mr.Life,2025-12,505510,11,2,1000000.0,494490,1,12300,14300,14300.0,0.0,온라인쇼핑,쿠팡,123600.0,"A카드 할인한도 월 5만 원까지 49만 4,500원 남았어요. 이번 주 온라인쇼핑은 A카드로 결제하세요."
C0778,CARD_B,KB국민카드 굿데이카드,2025-12,19800,1,0,300000.0,280200,0,0,0,0.0,0.0,교통비,코레일,49200.0,B카드 통신비 10% 할인까지 28만 200원 남았어요. 이번 주 교통비는 B카드로 결제하세요.
C0778,CARD_C,하나카드 MOVING카드 ALLDAY모드,2025-12,355320,3,1,,0,1,1780,1780,,,,,,
C0778,CARD_D,삼성카드 삼성 iD SELECT ALL 카드,2025-12,52900,1,0,400000.0,347100,0,0,0,4070.0,4070.0,온라인쇼핑,쿠팡,123600.0,"D카드 SELECT 7% 할인까지 34만 7,100원 남았어요. 이번 주 온라인쇼핑은 D카드로 결제하세요."
C0778,CARD_E,NH농협카드 올바른 FLEX 카드,2025-12,0,0,0,300000.0,300000,0,0,0,0.0,0.0,온라인쇼핑,쿠팡,123600.0,E카드 스타벅스 50% 할인까지 30만 원 남았어요. 이번 주 온라인쇼핑은 E카드로 결제하세요.
C0779,CARD_A,신한카드 Mr.Life,2025-12,0,0,0,300000.0,300000,0,0,0,0.0,0.0,외식,동네식당,64400.0,A카드 공과금·편의점 10% 할인까지 30만 원 남았어요. 이번 주 외식은 A카드로 결제하세요.
C0779,CARD_B,KB국민카드 굿데이카드,2025-12,38200,1,0,300000.0,261800,1,0,0,0.0,0.0,외식,동네식당,64400.0,"B카드 통신비 10% 할인까지 26만 1,800원 남았어요. 이번 주 외식은 B카드로 결제하세요."
C0779,CARD_C,하나카드 MOVING카드 ALLDAY모드,2025-12,4703660,16,1,,0,1,47040,47040,,,,,,
C0779,CARD_D,삼성카드 삼성 iD SELECT ALL 카드,2025-12,11600,1,0,400000.0,388400,0,0,0,890.0,890.0,외식,동네식당,64400.0,"D카드 SELECT 7% 할인까지 38만 8,400원 남았어요. 이번 주 외식은 D카드로 결제하세요."
C0779,CARD_E,NH농협카드 올바른 FLEX 카드,2025-12,0,0,0,300000.0,300000,1,0,0,0.0,0.0,구독료,밀리의서재,26400.0,E카드 스타벅스 50% 할인까지 30만 원 남았어요. 이번 주 구독료는 E카드로 결제하세요.
C0780,CARD_A,신한카드 Mr.Life,2025-12,2990,1,0,300000.0,297010,0,0,0,0.0,0.0,외식,동네식당,85900.0,"A카드 공과금·편의점 10% 할인까지 29만 7,000원 남았어요. 이번 주 외식은 A카드로 결제하세요."
C0780,CARD_B,KB국민카드 굿데이카드,2025-12,5610,1,0,300000.0,294390,0,0,0,0.0,0.0,교통비,티머니,65400.0,"B카드 통신비 10% 할인까지 29만 4,400원 남았어요. 이번 주 교통비는 B카드로 결제하세요."
C0780,CARD_C,하나카드 MOVING카드 ALLDAY모드,2025-12,233780,27,1,,0,1,3050,3050,,,,,,
C0780,CARD_D,삼성카드 삼성 iD SELECT ALL 카드,2025-12,13240,3,0,400000.0,386760,0,0,0,290.0,290.0,외식,동네식당,85900.0,"D카드 SELECT 7% 할인까지 38만 6,800원 남았어요. 이번 주 외식은 D카드로 결제하세요."
C0780,CARD_E,NH농협카드 올바른 FLEX 카드,2025-12,0,0,0,300000.0,300000,0,0,0,0.0,0.0,교통비,티머니,65400.0,E카드 스타벅스 50% 할인까지 30만 원 남았어요. 이번 주 교통비는 E카드로 결제하세요.
C0781,CARD_A,신한카드 Mr.Life,2025-12,0,0,0,300000.0,300000,0,0,0,0.0,0.0,외식,동네식당,83600.0,A카드 공과금·편의점 10% 할인까지 30만 원 남았어요. 이번 주 외식은 A카드로 결제하세요.
C0781,CARD_B,KB국민카드 굿데이카드,2025-12,0,0,0,300000.0,300000,0,0,0,0.0,0.0,외식,동네식당,83600.0,B카드 통신비 10% 할인까지 30만 원 남았어요. 이번 주 외식은 B카드로 결제하세요.
C0781,CARD_C,하나카드 MOVING카드 ALLDAY모드,2025-12,84300,1,1,,0,1,420,420,,,,,,
C0781,CARD_D,삼성카드 삼성 iD SELECT ALL 카드,2025-12,1343700,8,3,,0,3,15340,15340,,,,,,
C0781,CARD_E,NH농협카드 올바른 FLEX 카드,2025-12,0,0,0,300000.0,300000,0,0,0,0.0,0.0,교통비,카카오T,2800.0,E카드 스타벅스 50% 할인까지 30만 원 남았어요. 이번 주 교통비는 E카드로 결제하세요.
C0782,CARD_A,신한카드 Mr.Life,2025-12,283410,29,0,300000.0,16590,2,1460,0,1460.0,1460.0,커피,스타벅스,21300.0,"A카드 공과금·편의점 10% 할인까지 1만 6,600원 남았어요. 이번 주 커피는 A카드로 결제하세요."
C0782,CARD_B,KB국민카드 굿데이카드,2025-12,0,0,0,300000.0,300000,0,0,0,0.0,0.0,교통비,티머니,55800.0,B카드 통신비 10% 할인까지 30만 원 남았어요. 이번 주 교통비는 B카드로 결제하세요.
C0782,CARD_C,하나카드 MOVING카드 ALLDAY모드,2025-12,31020,2,1,,0,1,160,160,,,,,,
C0782,CARD_D,삼성카드 삼성 iD SELECT ALL 카드,2025-12,18130,2,0,400000.0,381870,0,0,0,720.0,720.0,편의점,GS25,23600.0,"D카드 SELECT 7% 할인까지 38만 1,900원 남았어요. 이번 주 편의점은 D카드로 결제하세요."
C0782,CARD_E,NH농협카드 올바른 FLEX 카드,2025-12,14500,1,0,300000.0,285500,0,0,0,0.0,0.0,교통비,티머니,55800.0,"E카드 스타벅스 50% 할인까지 28만 5,500원 남았어요. 이번 주 교통비는 E카드로 결제하세요."
C0783,CARD_A,신한카드 Mr.Life,2025-12,0,0,0,300000.0,300000,0,0,0,0.0,0.0,온라인쇼핑,쿠팡,701300.0,A카드 공과금·편의점 10% 할인까지 30만 원 남았어요. 이번 주 온라인쇼핑은 A카드로 결제하세요.
C0783,CARD_B,KB국민카드 굿데이카드,2025-12,2172200,7,3,,0,3,3750,3750,,,,,,
C0783,CARD_C,하나카드 MOVING카드 ALLDAY모드,2025-12,0,0,1,,0,1,0,0,,,,,,
C0783,CARD_D,삼성카드 삼성 iD SELECT ALL 카드,2025-12,10300,1,0,400000.0,389700,0,0,0,70.0,70.0,온라인쇼핑,쿠팡,701300.0,"D카드 SELECT 7% 할인까지 38만 9,700원 남았어요. 이번 주 온라인쇼핑은 D카드로 결제하세요."
C0783,CARD_E,NH농협카드 올바른 FLEX 카드,2025-12,842200,4,1,,0,0,0,0,,,,,,
C0784,CARD_A,신한카드 Mr.Life,2025-12,0,0,0,300000.0,300000,0,0,0,0.0,0.0,외식,스시오마카세,419400.0,A카드 공과금·편의점 10% 할인까지 30만 원 남았어요. 이번 주 외식은 A카드로 결제하세요.
C0784,CARD_B,KB국민카드 굿데이카드,2025-12,32600,1,0,300000.0,267400,0,0,0,0.0,0.0,외식,스시오마카세,419400.0,"B카드 통신비 10% 할인까지 26만 7,400원 남았어요. 이번 주 외식은 B카드로 결제하세요."
C0784,CARD_C,하나카드 MOVING카드 ALLDAY모드,2025-12,0,0,1,,0,1,0,0,,,,,,
C0784,CARD_D,삼성카드 삼성 iD SELECT ALL 카드,2025-12,54400,2,0,400000.0,345600,0,0,0,3960.0,3960.0,외식,스시오마카세,419400.0,"D카드 SELECT 7% 할인까지 34만 5,600원 남았어요. 이번 주 외식은 D카드로 결제하세요."
C0784,CARD_E,NH농협카드 올바른 FLEX 카드,2025-12,1299900,21,1,,0,1,5930,5930,,,,,,
C0785,CARD_A,신한카드 Mr.Life,2025-12,257080,24,0,300000.0,42920,2,3440,0,3440.0,3440.0,편의점,GS25,43600.0,"A카드 공과금·편의점 10% 할인까지 4만 2,900원 남았어요. 이번 주 편의점은 A카드로 결제하세요."
C0785,CARD_B,KB국민카드 굿데이카드,2025-12,0,0,0,300000.0,300000,0,0,0,0.0,0.0,교통비,티머니,96600.0,B카드 통신비 10% 할인까지 30만 원 남았어요. 이번 주 교통비는 B카드로 결제하세요.
C0785,CARD_C,하나카드 MOVING카드 ALLDAY모드,2025-12,6450,1,1,,0,1,190,190,,,,,,
C0785,CARD_D,삼성카드 삼성 iD SELECT ALL 카드,2025-12,0,0,0,400000.0,400000,0,0,0,0.0,0.0,편의점,GS25,43600.0,D카드 SELECT 7% 할인까지 40만 원 남았어요. 이번 주 편의점은 D카드로 결제하세요.
C0785,CARD_E,NH농협카드 올바른 FLEX 카드,2025-12,0,0,0,300000.0,300000,0,0,0,0.0,0.0,교통비,티머니,96600.0,E카드 스타벅스 50% 할인까지 30만 원 남았어요. 이번 주 교통비는 E카드로 결제하세요.
C0786,CARD_A,신한카드 Mr.Life,2025-12,965850,12,2,1000000.0,34150,2,4930,4930,4930.0,0.0,장보기,동네마트,313300.0,"A카드 할인한도 월 5만 원까지 3만 4,200원 남았어요. 이번 주말 장보기는 A카드로 결제하세요."
C0786,CARD_B,KB국민카드 굿데이카드,2025-12,0,0,0,300000.0,300000,0,0,0,0.0,0.0,교통비,카카오T,24100.0,B카드 통신비 10% 할인까지 30만 원 남았어요. 이번 주 교통비는 B카드로 결제하세요.
C0786,CARD_C,하나카드 MOVING카드 ALLDAY모드,2025-12,78500,1,1,,0,1,390,390,,,,,,
C0786,CARD_D,삼성카드 삼성 iD SELECT ALL 카드,2025-12,43800,1,0,400000.0,356200,1,4380,0,4380.0,4380.0,장보기,동네마트,313300.0,"D카드 SELECT 7% 할인까지 35만 6,200원 남았어요. 이번 주말 장보기는 D카드로 결제하세요."
C0786,CARD_E,NH농협카드 올바른 FLEX 카드,2025-12,127370,3,0,300000.0,172630,0,0,0,0.0,0.0,교통비,카카오T,24100.0,"E카드 스타벅스 50% 할인까지 17만 2,600원 남았어요. 이번 주 교통비는 E카드로 결제하세요."
C0787,CARD_A,신한카드 Mr.Life,2025-12,0,0,0,300000.0,300000,0,0,0,0.0,0.0,주유,현대오일뱅크,144800.0,A카드 공과금·편의점 10% 할인까지 30만 원 남았어요. 이번 주말 주유는 A카드로 결제하세요.
C0787,CARD_B,KB국민카드 굿데이카드,2025-12,0,0,0,300000.0,300000,0,0,0,0.0,0.0,주유,현대오일뱅크,144800.0,B카드 통신비 10% 할인까지 30만 원 남았어요. 이번 주말 주유는 B카드로 결제하세요.
C0787,CARD_C,하나카드 MOVING카드 ALLDAY모드,2025-12,397290,12,1,,0,1,4080,4080,,,,,,
C0787,CARD_D,삼성카드 삼성 iD SELECT ALL 카드,2025-12,0,0,0,400000.0,400000,0,0,0,0.0,0.0,주유,현대오일뱅크,144800.0,D카드 SELECT 7% 할인까지 40만 원 남았어요. 이번 주말 주유는 D카드로 결제하세요.
C0787,CARD_E,NH농협카드 올바른 FLEX 카드,2025-12,13700,1,0,300000.0,286300,0,0,0,960.0,960.0,교통비,티머니,12900.0,"E카드 스타벅스 50% 할인까지 28만 6,300원 남았어요. 이번 주 교통비는 E카드로 결제하세요."
C0788,CARD_A,신한카드 Mr.Life,2025-12,558430,26,2,1000000.0,441570,3,12570,9570,12570.0,3000.0,커피,메가MGC커피,30200.0,"A카드 할인한도 월 5만 원까지 44만 1,600원 남았어요. 이번 주 커피는 A카드로 결제하세요."
C0788,CARD_B,KB국민카드 굿데이카드,2025-12,9230,1,0,300000.0,290770,0,0,0,0.0,0.0,커피,메가MGC커피,30200.0,B카드 통신비 10% 할인까지 29만 800원 남았어요. 이번 주 커피는 B카드로 결제하세요.
C0788,CARD_C,하나카드 MOVING카드 ALLDAY모드,2025-12,21040,2,1,,0,1,310,310,,,,,,
C0788,CARD_D,삼성카드 삼성 iD SELECT ALL 카드,2025-12,102100,3,0,400000.0,297900,0,0,0,7710.0,7710.0,배달 주문,배달의민족,272600.0,"D카드 SELECT 7% 할인까지 29만 7,900원 남았어요. 이번 주 배달 주문은 D카드로 결제하세요."
C0788,CARD_E,NH농협카드 올바른 FLEX 카드,2025-12,0,0,0,300000.0,300000,0,0,0,0.0,0.0,배달 주문,배달의민족,272600.0,E카드 스타벅스 50% 할인까지 30만 원 남았어요. 이번 주 배달 주문은 E카드로 결제하세요.
C0789,CARD_A,신한카드 Mr.Life,2025-12,10900,1,0,300000.0,289100,1,0,0,0.0,0.0,커피,스타벅스,22700.0,"A카드 공과금·편의점 10% 할인까지 28만 9,100원 남았어요. 이번 주 커피는 A카드로 결제하세요."
C0789,CARD_B,KB국민카드 굿데이카드,2025-12,23800,2,0,300000.0,276200,0,0,0,0.0,0.0,커피,스타벅스,22700.0,"B카드 통신비 10% 할인까지 27만 6,200원 남았어요. 이번 주 커피는 B카드로 결제하세요."
C0789,CARD_C,하나카드 MOVING카드 ALLDAY모드,2025-12,62600,1,1,,0,1,310,310,,,,,,
C0789,CARD_D,삼성카드 삼성 iD SELECT ALL 카드,2025-12,1033660,7,2,1200000.0,166340,1,10010,10010,10010.0,0.0,구독료,네이버플러스 멤버십,15800.0,"D카드 SELECT 한도 월 1.5만 원까지 16만 6,300원 남았어요. 이번 주 구독료는 D카드로 결제하세요."
C0789,CARD_E,NH농협카드 올바른 FLEX 카드,2025-12,0,0,0,300000.0,300000,0,0,0,0.0,0.0,커피,스타벅스,22700.0,E카드 스타벅스 50% 할인까지 30만 원 남았어요. 이번 주 커피는 E카드로 결제하세요.
C0790,CARD_A,신한카드 Mr.Life,2025-12,64500,1,0,300000.0,235500,0,0,0,0.0,0.0,장보기,동네마트,382000.0,"A카드 공과금·편의점 10% 할인까지 23만 5,500원 남았어요. 이번 주말 장보기는 A카드로 결제하세요."
C0790,CARD_B,KB국민카드 굿데이카드,2025-12,12900,1,0,300000.0,287100,3,1290,0,0.0,0.0,편의점,CU,11500.0,"B카드 통신비 10% 할인까지 28만 7,100원 남았어요. 이번 주 편의점은 B카드로 결제하세요."
C0790,CARD_C,하나카드 MOVING카드 ALLDAY모드,2025-12,752300,12,1,,0,1,3760,3760,,,,,,
C0790,CARD_D,삼성카드 삼성 iD SELECT ALL 카드,2025-12,307500,2,0,400000.0,92500,0,0,0,9150.0,9150.0,장보기,동네마트,382000.0,"D카드 SELECT 7% 할인까지 9만 2,500원 남았어요. 이번 주말 장보기는 D카드로 결제하세요."
C0790,CARD_E,NH농협카드 올바른 FLEX 카드,2025-12,0,0,0,300000.0,300000,0,0,0,0.0,0.0,편의점,CU,11500.0,E카드 스타벅스 50% 할인까지 30만 원 남았어요. 이번 주 편의점은 E카드로 결제하세요.
C0791,CARD_A,신한카드 Mr.Life,2025-12,28700,2,0,300000.0,271300,1,330,0,330.0,330.0,외식,김밥천국,197800.0,"A카드 공과금·편의점 10% 할인까지 27만 1,300원 남았어요. 이번 주 외식은 A카드로 결제하세요."
C0791,CARD_B,KB국민카드 굿데이카드,2025-12,0,0,0,300000.0,300000,0,0,0,0.0,0.0,외식,김밥천국,197800.0,B카드 통신비 10% 할인까지 30만 원 남았어요. 이번 주 외식은 B카드로 결제하세요.
C0791,CARD_C,하나카드 MOVING카드 ALLDAY모드,2025-12,0,0,1,,0,1,0,0,,,,,,
C0791,CARD_D,삼성카드 삼성 iD SELECT ALL 카드,2025-12,166170,5,0,400000.0,233830,2,11040,0,8160.0,8160.0,외식,김밥천국,197800.0,"D카드 SELECT 7% 할인까지 23만 3,800원 남았어요. 이번 주 외식은 D카드로 결제하세요."
C0791,CARD_E,NH농협카드 올바른 FLEX 카드,2025-12,0,0,0,300000.0,300000,0,0,0,0.0,0.0,편의점,CU,19800.0,E카드 스타벅스 50% 할인까지 30만 원 남았어요. 이번 주 편의점은 E카드로 결제하세요.
C0792,CARD_A,신한카드 Mr.Life,2025-12,451100,2,1,500000.0,48900,0,0,0,0.0,0.0,장보기,동네마트,232000.0,"A카드 할인한도 월 3.4만 원까지 4만 8,900원 남았어요. 이번 주말 장보기는 A카드로 결제하세요."
C0792,CARD_B,KB국민카드 굿데이카드,2025-12,283950,15,0,300000.0,16050,3,8000,0,3000.0,3000.0,편의점,CU,17100.0,"B카드 통신비 10% 할인까지 1만 6,000원 남았어요. 이번 주 편의점은 B카드로 결제하세요."
C0792,CARD_C,하나카드 MOVING카드 ALLDAY모드,2025-12,136400,1,1,,0,1,680,680,,,,,,
C0792,CARD_D,삼성카드 삼성 iD SELECT ALL 카드,2025-12,106700,1,0,400000.0,293300,0,0,0,7750.0,7750.0,장보기,동네마트,232000.0,"D카드 SELECT 7% 할인까지 29만 3,300원 남았어요. 이번 주말 장보기는 D카드로 결제하세요."
C0792,CARD_E,NH농협카드 올바른 FLEX 카드,2025-12,0,0,0,300000.0,300000,0,0,0,0.0,0.0,편의점,CU,17100.0,E카드 스타벅스 50% 할인까지 30만 원 남았어요. 이번 주 편의점은 E카드로 결제하세요.
C0793,CARD_A,신한카드 Mr.Life,2025-12,0,0,0,300000.0,300000,0,0,0,0.0,0.0,온라인쇼핑,SSG닷컴,139500.0,A카드 공과금·편의점 10% 할인까지 30만 원 남았어요. 이번 주 온라인쇼핑은 A카드로 결제하세요.
C0793,CARD_B,KB국민카드 굿데이카드,2025-12,0,0,0,300000.0,300000,0,0,0,0.0,0.0,편의점,GS25,11200.0,B카드 통신비 10% 할인까지 30만 원 남았어요. 이번 주 편의점은 B카드로 결제하세요.
C0793,CARD_C,하나카드 MOVING카드 ALLDAY모드,2025-12,73400,2,1,,0,1,370,370,,,,,,
C0793,CARD_D,삼성카드 삼성 iD SELECT ALL 카드,2025-12,165980,5,0,400000.0,234020,1,10560,0,10560.0,10560.0,온라인쇼핑,SSG닷컴,139500.0,"D카드 SELECT 7% 할인까지 23만 4,000원 남았어요. 이번 주 온라인쇼핑은 D카드로 결제하세요."
C0793,CARD_E,NH농협카드 올바른 FLEX 카드,2025-12,0,0,0,300000.0,300000,0,0,0,0.0,0.0,온라인쇼핑,SSG닷컴,139500.0,E카드 스타벅스 50% 할인까지 30만 원 남았어요. 이번 주 온라인쇼핑은 E카드로 결제하세요.
C0794,CARD_A,신한카드 Mr.Life,2025-12,76900,1,0,300000.0,223100,0,0,0,0.0,0.0,온라인쇼핑,네이버쇼핑,407800.0,"A카드 공과금·편의점 10% 할인까지 22만 3,100원 남았어요. 이번 주 온라인쇼핑은 A카드로 결제하세요."
C0794,CARD_B,KB국민카드 굿데이카드,2025-12,737070,13,2,1200000.0,462930,3,4380,4380,4380.0,0.0,편의점,GS25,12500.0,"B카드 학원비 10% 할인까지 46만 2,900원 남았어요. 이번 주 편의점은 B카드로 결제하세요."
C0794,CARD_C,하나카드 MOVING카드 ALLDAY모드,2025-12,57800,1,1,,0,1,290,290,,,,,,
C0794,CARD_D,삼성카드 삼성 iD SELECT ALL 카드,2025-12,0,0,0,400000.0,400000,0,0,0,0.0,0.0,온라인쇼핑,네이버쇼핑,407800.0,D카드 SELECT 7% 할인까지 40만 원 남았어요. 이번 주 온라인쇼핑은 D카드로 결제하세요.
C0794,CARD_E,NH농협카드 올바른 FLEX 카드,2025-12,33400,1,0,300000.0,266600,0,0,0,1670.0,1670.0,온라인쇼핑,네이버쇼핑,407800.0,"E카드 스타벅스 50% 할인까지 26만 6,600원 남았어요. 이번 주 온라인쇼핑은 E카드로 결제하세요."
C0795,CARD_A,신한카드 Mr.Life,2025-12,0,0,0,300000.0,300000,0,0,0,0.0,0.0,병원·약국,내과의원,107700.0,A카드 공과금·편의점 10% 할인까지 30만 원 남았어요. 이번 주 병원·약국은 A카드로 결제하세요.
C0795,CARD_B,KB국민카드 굿데이카드,2025-12,0,0,0,300000.0,300000,0,0,0,0.0,0.0,편의점,세븐일레븐,5500.0,B카드 통신비 10% 할인까지 30만 원 남았어요. 이번 주 편의점은 B카드로 결제하세요.
C0795,CARD_C,하나카드 MOVING카드 ALLDAY모드,2025-12,799570,10,1,,0,1,8000,8000,,,,,,
C0795,CARD_D,삼성카드 삼성 iD SELECT ALL 카드,2025-12,34200,1,0,400000.0,365800,0,0,0,2630.0,2630.0,병원·약국,내과의원,107700.0,"D카드 SELECT 7% 할인까지 36만 5,800원 남았어요. 이번 주 병원·약국은 D카드로 결제하세요."
C0795,CARD_E,NH농협카드 올바른 FLEX 카드,2025-12,111900,1,0,300000.0,188100,0,0,0,0.0,0.0,배달 주문,쿠팡이츠,28500.0,"E카드 스타벅스 50% 할인까지 18만 8,100원 남았어요. 이번 주 배달 주문은 E카드로 결제하세요."
C0796,CARD_A,신한카드 Mr.Life,2025-12,1069570,17,3,,0,3,8400,8400,,,,,,
C0796,CARD_B,KB국민카드 굿데이카드,2025-12,7420,1,0,300000.0,292580,0,0,0,0.0,0.0,외식,한식뷔페,131600.0,"B카드 통신비 10% 할인까지 29만 2,600원 남았어요. 이번 주 외식은 B카드로 결제하세요."
C0796,CARD_C,하나카드 MOVING카드 ALLDAY모드,2025-12,403800,3,1,,0,1,2020,2020,,,,,,
C0796,CARD_D,삼성카드 삼성 iD SELECT ALL 카드,2025-12,0,0,0,400000.0,400000,0,0,0,0.0,0.0,외식,한식뷔페,131600.0,D카드 SELECT 7% 할인까지 40만 원 남았어요. 이번 주 외식은 D카드로 결제하세요.
C0796,CARD_E,NH농협카드 올바른 FLEX 카드,2025-12,412200,2,1,,0,0,0,0,,,,,,
C0797,CARD_A,신한카드 Mr.Life,2025-12,305670,15,1,500000.0,194330,1,8700,8700,8700.0,0.0,편의점,CU,29000.0,"A카드 할인한도 월 3.4만 원까지 19만 4,300원 남았어요. 이번 주 편의점은 A카드로 결제하세요."
C0797,CARD_B,KB국민카드 굿데이카드,2025-12,14300,1,0,300000.0,285700,0,0,0,0.0,0.0,교통비,티머니,110200.0,"B카드 통신비 10% 할인까지 28만 5,700원 남았어요. 이번 주 교통비는 B카드로 결제하세요."
C0797,CARD_C,하나카드 MOVING카드 ALLDAY모드,2025-12,0,0,1,,0,1,0,0,,,,,,
C0797,CARD_D,삼성카드 삼성 iD SELECT ALL 카드,2025-12,22200,1,0,400000.0,377800,0,0,0,1710.0,1710.0,편의점,CU,29000.0,"D카드 SELECT 7% 할인까지 37만 7,800원 남았어요. 이번 주 편의점은 D카드로 결제하세요."
C0797,CARD_E,NH농협카드 올바른 FLEX 카드,2025-12,1950,1,0,300000.0,298050,0,0,0,140.0,140.0,교통비,티머니,110200.0,"E카드 스타벅스 50% 할인까지 29만 8,000원 남았어요. 이번 주 교통비는 E카드로 결제하세요."
C0798,CARD_A,신한카드 Mr.Life,2025-12,86100,1,0,300000.0,213900,0,0,0,3000.0,3000.0,외식,동네식당,47500.0,"A카드 공과금·편의점 10% 할인까지 21만 3,900원 남았어요. 이번 주 외식은 A카드로 결제하세요."
C0798,CARD_B,KB국민카드 굿데이카드,2025-12,0,0,0,300000.0,300000,0,0,0,0.0,0.0,외식,동네식당,47500.0,B카드 통신비 10% 할인까지 30만 원 남았어요. 이번 주 외식은 B카드로 결제하세요.
C0798,CARD_C,하나카드 MOVING카드 ALLDAY모드,2025-12,0,0,1,,0,1,0,0,,,,,,
C0798,CARD_D,삼성카드 삼성 iD SELECT ALL 카드,2025-12,11900,1,0,400000.0,388100,0,0,0,80.0,80.0,배달 주문,배달의민족,82200.0,"D카드 SELECT 7% 할인까지 38만 8,100원 남았어요. 이번 주 배달 주문은 D카드로 결제하세요."
C0798,CARD_E,NH농협카드 올바른 FLEX 카드,2025-12,381010,14,1,,0,1,5780,5780,,,,,,
C0799,CARD_A,신한카드 Mr.Life,2025-12,234570,12,0,300000.0,65430,1,810,0,810.0,810.0,외식,서브웨이,111100.0,"A카드 공과금·편의점 10% 할인까지 6만 5,400원 남았어요. 이번 주 외식은 A카드로 결제하세요."
C0799,CARD_B,KB국민카드 굿데이카드,2025-12,0,0,0,300000.0,300000,0,0,0,0.0,0.0,외식,서브웨이,111100.0,B카드 통신비 10% 할인까지 30만 원 남았어요. 이번 주 외식은 B카드로 결제하세요.
C0799,CARD_C,하나카드 MOVING카드 ALLDAY모드,2025-12,0,0,1,,0,1,0,0,,,,,,
C0799,CARD_D,삼성카드 삼성 iD SELECT ALL 카드,2025-12,0,0,0,400000.0,400000,0,0,0,0.0,0.0,외식,서브웨이,111100.0,D카드 SELECT 7% 할인까지 40만 원 남았어요. 이번 주 외식은 D카드로 결제하세요.
C0799,CARD_E,NH농협카드 올바른 FLEX 카드,2025-12,8070,1,0,300000.0,291930,0,0,0,560.0,560.0,편의점,CU,23400.0,"E카드 스타벅스 50% 할인까지 29만 1,900원 남았어요. 이번 주 편의점은 E카드로 결제하세요."
C0800,CARD_A,신한카드 Mr.Life,2025-12,341410,18,1,500000.0,158590,3,840,840,840.0,0.0,커피,투썸플레이스,58800.0,"A카드 할인한도 월 3.4만 원까지 15만 8,600원 남았어요. 이번 주 커피는 A카드로 결제하세요."
C0800,CARD_B,KB국민카드 굿데이카드,2025-12,13900,1,0,300000.0,286100,0,0,0,0.0,0.0,커피,투썸플레이스,58800.0,"B카드 통신비 10% 할인까지 28만 6,100원 남았어요. 이번 주 커피는 B카드로 결제하세요."
C0800,CARD_C,하나카드 MOVING카드 ALLDAY모드,2025-12,1007810,3,1,,0,1,5040,5040,,,,,,
C0800,CARD_D,삼성카드 삼성 iD SELECT ALL 카드,2025-12,123100,3,0,400000.0,276900,0,0,0,6490.0,6490.0,배달 주문,배달의민족,132900.0,"D카드 SELECT 7% 할인까지 27만 6,900원 남았어요. 이번 주 배달 주문은 D카드로 결제하세요."
C0800,CARD_E,NH농협카드 올바른 FLEX 카드,2025-12,19570,2,0,300000.0,280430,0,0,0,1850.0,1850.0,커피,투썸플레이스,58800.0,E카드 스타벅스 50% 할인까지 28만 400원 남았어요. 이번 주 커피는 E카드로 결제하세요.
C0801,CARD_A,신한카드 Mr.Life,2025-12,536050,13,2,1000000.0,463950,1,5140,9140,12140.0,3000.0,커피,스타벅스,16000.0,"A카드 할인한도 월 5만 원까지 46만 4,000원 남았어요. 이번 주 커피는 A카드로 결제하세요."
C0801,CARD_B,KB국민카드 굿데이카드,2025-12,62840,3,0,300000.0,237160,0,0,0,0.0,0.0,커피,스타벅스,16000.0,"B카드 통신비 10% 할인까지 23만 7,200원 남았어요. 이번 주 커피는 B카드로 결제하세요."
C0801,CARD_C,하나카드 MOVING카드 ALLDAY모드,2025-12,0,0,1,,0,1,0,0,,,,,,
C0801,CARD_D,삼성카드 삼성 iD SELECT ALL 카드,2025-12,69000,2,0,400000.0,331000,0,0,0,1020.0,1020.0,편의점,GS25,17000.0,"D카드 SELECT 7% 할인까지 33만 1,000원 남았어요. 이번 주 편의점은 D카드로 결제하세요."
C0801,CARD_E,NH농협카드 올바른 FLEX 카드,2025-12,0,0,0,300000.0,300000,0,0,0,0.0,0.0,커피,스타벅스,16000.0,E카드 스타벅스 50% 할인까지 30만 원 남았어요. 이번 주 커피는 E카드로 결제하세요.
C0802,CARD_A,신한카드 Mr.Life,2025-12,45100,1,0,300000.0,254900,0,0,0,3000.0,3000.0,장보기,이마트,323100.0,"A카드 공과금·편의점 10% 할인까지 25만 4,900원 남았어요. 이번 주말 장보기는 A카드로 결제하세요."
C0802,CARD_B,KB국민카드 굿데이카드,2025-12,0,0,0,300000.0,300000,0,0,0,0.0,0.0,커피,컴포즈커피,7100.0,B카드 통신비 10% 할인까지 30만 원 남았어요. 이번 주 커피는 B카드로 결제하세요.
C0802,CARD_C,하나카드 MOVING카드 ALLDAY모드,2025-12,1526890,14,1,,0,1,15370,15370,,,,,,
C0802,CARD_D,삼성카드 삼성 iD SELECT ALL 카드,2025-12,2600,1,0,400000.0,397400,0,0,0,20.0,20.0,장보기,이마트,323100.0,"D카드 SELECT 7% 할인까지 39만 7,400원 남았어요. 이번 주말 장보기는 D카드로 결제하세요."
C0802,CARD_E,NH농협카드 올바른 FLEX 카드,2025-12,0,0,0,300000.0,300000,0,0,0,0.0,0.0,커피,컴포즈커피,7100.0,E카드 스타벅스 50% 할인까지 30만 원 남았어요. 이번 주 커피는 E카드로 결제하세요.
C0803,CARD_A,신한카드 Mr.Life,2025-12,1175760,8,3,,0,2,15760,18760,,,,,,
C0803,CARD_B,KB국민카드 굿데이카드,2025-12,0,0,0,300000.0,300000,0,0,0,0.0,0.0,외식,아웃백스테이크하우스,38700.0,B카드 통신비 10% 할인까지 30만 원 남았어요. 이번 주 외식은 B카드로 결제하세요.
C0803,CARD_C,하나카드 MOVING카드 ALLDAY모드,2025-12,0,0,1,,0,1,0,0,,,,,,
C0803,CARD_D,삼성카드 삼성 iD SELECT ALL 카드,2025-12,0,0,0,400000.0,400000,0,0,0,0.0,0.0,장보기,하나로마트,412000.0,D카드 SELECT 7% 할인까지 40만 원 남았어요. 이번 주말 장보기는 D카드로 결제하세요.
C0803,CARD_E,NH농협카드 올바른 FLEX 카드,2025-12,112500,2,0,300000.0,187500,0,0,0,0.0,0.0,구독료,iCloud+,3300.0,"E카드 스타벅스 50% 할인까지 18만 7,500원 남았어요. 이번 주 구독료는 E카드로 결제하세요."
C0804,CARD_A,신한카드 Mr.Life,2025-12,0,0,0,300000.0,300000,0,0,0,0.0,0.0,외식,동네식당,114100.0,A카드 공과금·편의점 10% 할인까지 30만 원 남았어요. 이번 주 외식은 A카드로 결제하세요.
C0804,CARD_B,KB국민카드 굿데이카드,2025-12,52000,1,0,300000.0,248000,0,0,0,3000.0,3000.0,외식,동네식당,114100.0,"B카드 통신비 10% 할인까지 24만 8,000원 남았어요. 이번 주 외식은 B카드로 결제하세요."
C0804,CARD_C,하나카드 MOVING카드 ALLDAY모드,2025-12,0,0,1,,0,1,0,0,,,,,,
C0804,CARD_D,삼성카드 삼성 iD SELECT ALL 카드,2025-12,506550,12,1,800000.0,293450,2,13550,10550,13550.0,3000.0,외식,동네식당,114100.0,"D카드 SELECT 한도 월 1만 원까지 29만 3,400원 남았어요. 이번 주 외식은 D카드로 결제하세요."
C0804,CARD_E,NH농협카드 올바른 FLEX 카드,2025-12,19800,1,0,300000.0,280200,0,0,0,0.0,0.0,온라인쇼핑,알리익스프레스,177500.0,E카드 스타벅스 50% 할인까지 28만 200원 남았어요. 이번 주 온라인쇼핑은 E카드로 결제하세요.
C0805,CARD_A,신한카드 Mr.Life,2025-12,277270,9,0,300000.0,22730,1,7820,0,7820.0,7820.0,주유,SK에너지,223700.0,"A카드 공과금·편의점 10% 할인까지 2만 2,700원 남았어요. 이번 주말 주유는 A카드로 결제하세요."
C0805,CARD_B,KB국민카드 굿데이카드,2025-12,0,0,0,300000.0,300000,0,0,0,0.0,0.0,주유,SK에너지,223700.0,B카드 통신비 10% 할인까지 30만 원 남았어요. 이번 주말 주유는 B카드로 결제하세요.
C0805,CARD_C,하나카드 MOVING카드 ALLDAY모드,2025-12,28200,1,1,,0,1,140,140,,,,,,
C0805,CARD_D,삼성카드 삼성 iD SELECT ALL 카드,2025-12,70100,1,0,400000.0,329900,0,0,0,5400.0,5400.0,주유,SK에너지,223700.0,"D카드 SELECT 7% 할인까지 32만 9,900원 남았어요. 이번 주말 주유는 D카드로 결제하세요."
C0805,CARD_E,NH농협카드 올바른 FLEX 카드,2025-12,0,0,0,300000.0,300000,0,0,0,0.0,0.0,편의점,CU,9900.0,E카드 스타벅스 50% 할인까지 30만 원 남았어요. 이번 주 편의점은 E카드로 결제하세요.
C0806,CARD_A,신한카드 Mr.Life,2025-12,0,0,0,300000.0,300000,0,0,0,0.0,0.0,장보기,쿠팡프레시,438600.0,A카드 공과금·편의점 10% 할인까지 30만 원 남았어요. 이번 주말 장보기는 A카드로 결제하세요.
C0806,CARD_B,KB국민카드 굿데이카드,2025-12,0,0,0,300000.0,300000,0,0,0,0.0,0.0,교통비,카카오T,41600.0,B카드 통신비 10% 할인까지 30만 원 남았어요. 이번 주 교통비는 B카드로 결제하세요.
C0806,CARD_C,하나카드 MOVING카드 ALLDAY모드,2025-12,2310100,17,1,,0,1,23100,23100,,,,,,
C0806,CARD_D,삼성카드 삼성 iD SELECT ALL 카드,2025-12,8390,2,0,400000.0,391610,0,0,0,240.0,240.0,장보기,쿠팡프레시,438600.0,"D카드 SELECT 7% 할인까지 39만 1,600원 남았어요. 이번 주말 장보기는 D카드로 결제하세요."
C0806,CARD_E,NH농협카드 올바른 FLEX 카드,2025-12,0,0,0,300000.0,300000,0,0,0,0.0,0.0,온라인쇼핑,쿠팡,177800.0,E카드 스타벅스 50% 할인까지 30만 원 남았어요. 이번 주 온라인쇼핑은 E카드로 결제하세요.
C0807,CARD_A,신한카드 Mr.Life,2025-12,0,0,0,300000.0,300000,0,0,0,0.0,0.0,장보기,마켓컬리,511000.0,A카드 공과금·편의점 10% 할인까지 30만 원 남았어요. 이번 주말 장보기는 A카드로 결제하세요.
C0807,CARD_B,KB국민카드 굿데이카드,2025-12,1476000,11,3,,0,3,33790,33790,,,,,,
C0807,CARD_C,하나카드 MOVING카드 ALLDAY모드,2025-12,0,0,1,,0,1,0,0,,,,,,
C0807,CARD_D,삼성카드 삼성 iD SELECT ALL 카드,2025-12,0,0,0,400000.0,400000,0,0,0,0.0,0.0,장보기,마켓컬리,511000.0,D카드 SELECT 7% 할인까지 40만 원 남았어요. 이번 주말 장보기는 D카드로 결제하세요.
C0807,CARD_E,NH농협카드 올바른 FLEX 카드,2025-12,0,0,0,300000.0,300000,0,0,0,0.0,0.0,교통비,하이패스,51100.0,E카드 스타벅스 50% 할인까지 30만 원 남았어요. 이번 주 교통비는 E카드로 결제하세요.
C0808,CARD_A,신한카드 Mr.Life,2025-12,2160,1,0,300000.0,297840,0,0,0,0.0,0.0,커피,스타벅스,78000.0,"A카드 공과금·편의점 10% 할인까지 29만 7,800원 남았어요. 이번 주 커피는 A카드로 결제하세요."
C0808,CARD_B,KB국민카드 굿데이카드,2025-12,860130,21,2,1200000.0,339870,2,5800,5800,5800.0,0.0,커피,스타벅스,78000.0,"B카드 학원비 10% 할인까지 33만 9,900원 남았어요. 이번 주 커피는 B카드로 결제하세요."
C0808,CARD_C,하나카드 MOVING카드 ALLDAY모드,2025-12,246920,7,1,,0,1,2470,2470,,,,,,
C0808,CARD_D,삼성카드 삼성 iD SELECT ALL 카드,2025-12,17300,1,0,400000.0,382700,0,0,0,1330.0,1330.0,배달 주문,배달의민족,234800.0,"D카드 SELECT 7% 할인까지 38만 2,700원 남았어요. 이번 주 배달 주문은 D카드로 결제하세요."
C0808,CARD_E,NH농협카드 올바른 FLEX 카드,2025-12,6870,1,0,300000.0,293130,0,0,0,0.0,0.0,커피,스타벅스,78000.0,"E카드 스타벅스 50% 할인까지 29만 3,100원 남았어요. 이번 주 커피는 E카드로 결제하세요."
C0809,CARD_A,신한카드 Mr.Life,2025-12,2320,1,0,300000.0,297680,0,0,0,230.0,230.0,편의점,GS25,20600.0,"A카드 공과금·편의점 10% 할인까지 29만 7,700원 남았어요. 이번 주 편의점은 A카드로 결제하세요."
C0809,CARD_B,KB국민카드 굿데이카드,2025-12,436010,19,1,600000.0,163990,1,70,70,1430.0,1350.0,편의점,GS25,20600.0,"B카드 외식·커피 10% 할인까지 16만 4,000원 남았어요. 이번 주 편의점은 B카드로 결제하세요."
C0809,CARD_C,하나카드 MOVING카드 ALLDAY모드,2025-12,4640,1,1,,0,1,20,20,,,,,,
C0809,CARD_D,삼성카드 삼성 iD SELECT ALL 카드,2025-12,0,0,0,400000.0,400000,0,0,0,0.0,0.0,편의점,GS25,20600.0,D카드 SELECT 7% 할인까지 40만 원 남았어요. 이번 주 편의점은 D카드로 결제하세요.
C0809,CARD_E,NH농협카드 올바른 FLEX 카드,2025-12,25100,1,0,300000.0,274900,0,0,0,2510.0,2510.0,편의점,GS25,20600.0,"E카드 스타벅스 50% 할인까지 27만 4,900원 남았어요. 이번 주 편의점은 E카드로 결제하세요."
C0810,CARD_A,신한카드 Mr.Life,2025-12,0,0,0,300000.0,300000,0,0,0,0.0,0.0,장보기,이마트,536800.0,A카드 공과금·편의점 10% 할인까지 30만 원 남았어요. 이번 주말 장보기는 A카드로 결제하세요.
C0810,CARD_B,KB국민카드 굿데이카드,2025-12,14400,1,0,300000.0,285600,0,0,0,0.0,0.0,외식,한식뷔페,109600.0,"B카드 통신비 10% 할인까지 28만 5,600원 남았어요. 이번 주 외식은 B카드로 결제하세요."
C0810,CARD_C,하나카드 MOVING카드 ALLDAY모드,2025-12,1185170,23,1,,0,1,11850,11850,,,,,,
C0810,CARD_D,삼성카드 삼성 iD SELECT ALL 카드,2025-12,2590,1,0,400000.0,397410,1,200,0,200.0,200.0,장보기,이마트,536800.0,"D카드 SELECT 7% 할인까지 39만 7,400원 남았어요. 이번 주말 장보기는 D카드로 결제하세요."
C0810,CARD_E,NH농협카드 올바른 FLEX 카드,2025-12,0,0,0,300000.0,300000,1,0,0,0.0,0.0,온라인쇼핑,네이버쇼핑,64800.0,E카드 스타벅스 50% 할인까지 30만 원 남았어요. 이번 주 온라인쇼핑은 E카드로 결제하세요.
C0811,CARD_A,신한카드 Mr.Life,2025-12,366870,24,1,500000.0,133130,1,9810,9810,11810.0,2000.0,커피,이디야커피,26700.0,"A카드 할인한도 월 3.4만 원까지 13만 3,100원 남았어요. 이번 주 커피는 A카드로 결제하세요."
C0811,CARD_B,KB국민카드 굿데이카드,2025-12,0,0,0,300000.0,300000,0,0,0,0.0,0.0,커피,이디야커피,26700.0,B카드 통신비 10% 할인까지 30만 원 남았어요. 이번 주 커피는 B카드로 결제하세요.
C0811,CARD_C,하나카드 MOVING카드 ALLDAY모드,2025-12,16760,2,1,,0,1,80,80,,,,,,
C0811,CARD_D,삼성카드 삼성 iD SELECT ALL 카드,2025-12,57200,1,0,400000.0,342800,0,0,0,400.0,400.0,배달 주문,배달의민족,108000.0,"D카드 SELECT 7% 할인까지 34만 2,800원 남았어요. 이번 주 배달 주문은 D카드로 결제하세요."
C0811,CARD_E,NH농협카드 올바른 FLEX 카드,2025-12,29000,2,0,300000.0,271000,0,0,0,0.0,0.0,커피,이디야커피,26700.0,"E카드 스타벅스 50% 할인까지 27만 1,000원 남았어요. 이번 주 커피는 E카드로 결제하세요."
C0812,CARD_A,신한카드 Mr.Life,2025-12,0,0,0,300000.0,300000,0,0,0,0.0,0.0,외식,한식뷔페,52600.0,A카드 공과금·편의점 10% 할인까지 30만 원 남았어요. 이번 주 외식은 A카드로 결제하세요.
C0812,CARD_B,KB국민카드 굿데이카드,2025-12,0,0,0,300000.0,300000,0,0,0,0.0,0.0,외식,한식뷔페,52600.0,B카드 통신비 10% 할인까지 30만 원 남았어요. 이번 주 외식은 B카드로 결제하세요.
C0812,CARD_C,하나카드 MOVING카드 ALLDAY모드,2025-12,227050,7,1,,0,1,1140,1140,,,,,,
C0812,CARD_D,삼성카드 삼성 iD SELECT ALL 카드,2025-12,19800,1,0,400000.0,380200,0,0,0,1520.0,1520.0,외식,한식뷔페,52600.0,D카드 SELECT 7% 할인까지 38만 200원 남았어요. 이번 주 외식은 D카드로 결제하세요.
C0812,CARD_E,NH농협카드 올바른 FLEX 카드,2025-12,61200,1,0,300000.0,238800,0,0,0,3060.0,3060.0,온라인쇼핑,G마켓,89700.0,"E카드 스타벅스 50% 할인까지 23만 8,800원 남았어요. 이번 주 온라인쇼핑은 E카드로 결제하세요."
C0813,CARD_A,신한카드 Mr.Life,2025-12,431990,9,1,500000.0,68010,2,16870,10870,16870.0,6000.0,커피,폴바셋,12600.0,"A카드 할인한도 월 3.4만 원까지 6만 8,000원 남았어요. 이번 주 커피는 A카드로 결제하세요."
C0813,CARD_B,KB국민카드 굿데이카드,2025-12,64110,2,0,300000.0,235890,0,0,0,0.0,0.0,커피,폴바셋,12600.0,"B카드 통신비 10% 할인까지 23만 5,900원 남았어요. 이번 주 커피는 B카드로 결제하세요."
C0813,CARD_C,하나카드 MOVING카드 ALLDAY모드,2025-12,37300,1,1,,0,1,190,190,,,,,,
C0813,CARD_D,삼성카드 삼성 iD SELECT ALL 카드,2025-12,0,0,0,400000.0,400000,0,0,0,0.0,0.0,장보기,홈플러스,392300.0,D카드 SELECT 7% 할인까지 40만 원 남았어요. 이번 주말 장보기는 D카드로 결제하세요.
C0813,CARD_E,NH농협카드 올바른 FLEX 카드,2025-12,5200,2,0,300000.0,294800,0,0,0,0.0,0.0,커피,폴바셋,12600.0,"E카드 스타벅스 50% 할인까지 29만 4,800원 남았어요. 이번 주 커피는 E카드로 결제하세요."
C0814,CARD_A,신한카드 Mr.Life,2025-12,21800,1,0,300000.0,278200,0,0,0,2180.0,2180.0,외식,아웃백스테이크하우스,229200.0,"A카드 공과금·편의점 10% 할인까지 27만 8,200원 남았어요. 이번 주 외식은 A카드로 결제하세요."
C0814,CARD_B,KB국민카드 굿데이카드,2025-12,3573050,9,3,,0,3,5000,5000,,,,,,
C0814,CARD_C,하나카드 MOVING카드 ALLDAY모드,2025-12,0,0,1,,0,1,0,0,,,,,,
C0814,CARD_D,삼성카드 삼성 iD SELECT ALL 카드,2025-12,0,0,0,400000.0,400000,0,0,0,0.0,0.0,외식,아웃백스테이크하우스,229200.0,D카드 SELECT 7% 할인까지 40만 원 남았어요. 이번 주 외식은 D카드로 결제하세요.
C0814,CARD_E,NH농협카드 올바른 FLEX 카드,2025-12,3300,1,0,300000.0,296700,0,0,0,0.0,0.0,구독료,마이크로소프트 365,12200.0,"E카드 스타벅스 50% 할인까지 29만 6,700원 남았어요. 이번 주 구독료는 E카드로 결제하세요."
C0815,CARD_A,신한카드 Mr.Life,2025-12,0,0,0,300000.0,300000,0,0,0,0.0,0.0,온라인쇼핑,네이버쇼핑,217400.0,A카드 공과금·편의점 10% 할인까지 30만 원 남았어요. 이번 주 온라인쇼핑은 A카드로 결제하세요.
C0815,CARD_B,KB국민카드 굿데이카드,2025-12,0,0,0,300000.0,300000,0,0,0,0.0,0.0,외식,서브웨이,26700.0,B카드 통신비 10% 할인까지 30만 원 남았어요. 이번 주 외식은 B카드로 결제하세요.
C0815,CARD_C,하나카드 MOVING카드 ALLDAY모드,2025-12,2580,1,1,,0,1,10,10,,,,,,
C0815,CARD_D,삼성카드 삼성 iD SELECT ALL 카드,2025-12,0,0,0,400000.0,400000,0,0,0,0.0,0.0,온라인쇼핑,네이버쇼핑,217400.0,D카드 SELECT 7% 할인까지 40만 원 남았어요. 이번 주 온라인쇼핑은 D카드로 결제하세요.
C0815,CARD_E,NH농협카드 올바른 FLEX 카드,2025-12,416530,8,1,,0,1,2810,2810,,,,,,
C0816,CARD_A,신한카드 Mr.Life,2025-12,0,0,0,300000.0,300000,0,0,0,0.0,0.0,편의점,CU,12500.0,A카드 공과금·편의점 10% 할인까지 30만 원 남았어요. 이번 주 편의점은 A카드로 결제하세요.
C0816,CARD_B,KB국민카드 굿데이카드,2025-12,0,0,0,300000.0,300000,0,0,0,0.0,0.0,편의점,CU,12500.0,B카드 통신비 10% 할인까지 30만 원 남았어요. 이번 주 편의점은 B카드로 결제하세요.
C0816,CARD_C,하나카드 MOVING카드 ALLDAY모드,2025-12,14200,1,1,,0,1,70,70,,,,,,
C0816,CARD_D,삼성카드 삼성 iD SELECT ALL 카드,2025-12,38000,1,0,400000.0,362000,0,0,0,2930.0,2930.0,편의점,CU,12500.0,"D카드 SELECT 7% 할인까지 36만 2,000원 남았어요. 이번 주 편의점은 D카드로 결제하세요."
C0816,CARD_E,NH농협카드 올바른 FLEX 카드,2025-12,542480,13,1,,0,1,2930,2930,,,,,,
C0817,CARD_A,신한카드 Mr.Life,2025-12,0,0,0,300000.0,300000,0,0,0,0.0,0.0,외식,고깃집,148800.0,A카드 공과금·편의점 10% 할인까지 30만 원 남았어요. 이번 주 외식은 A카드로 결제하세요.
C0817,CARD_B,KB국민카드 굿데이카드,2025-12,190200,1,0,300000.0,109800,0,0,0,0.0,0.0,외식,고깃집,148800.0,"B카드 통신비 10% 할인까지 10만 9,800원 남았어요. 이번 주 외식은 B카드로 결제하세요."
C0817,CARD_C,하나카드 MOVING카드 ALLDAY모드,2025-12,0,0,1,,0,1,0,0,,,,,,
C0817,CARD_D,삼성카드 삼성 iD SELECT ALL 카드,2025-12,621400,9,1,800000.0,178600,0,0,16350,18740.0,2390.0,외식,고깃집,148800.0,"D카드 SELECT 한도 월 1만 원까지 17만 8,600원 남았어요. 이번 주 외식은 D카드로 결제하세요."
C0817,CARD_E,NH농협카드 올바른 FLEX 카드,2025-12,0,0,0,300000.0,300000,0,0,0,0.0,0.0,구독료,디즈니플러스,36800.0,E카드 스타벅스 50% 할인까지 30만 원 남았어요. 이번 주 구독료는 E카드로 결제하세요.
C0818,CARD_A,신한카드 Mr.Life,2025-12,1365020,19,3,,0,3,30020,30020,,,,,,
C0818,CARD_B,KB국민카드 굿데이카드,2025-12,7150,1,0,300000.0,292850,0,0,0,0.0,0.0,편의점,CU,33900.0,"B카드 통신비 10% 할인까지 29만 2,800원 남았어요. 이번 주 편의점은 B카드로 결제하세요."
C0818,CARD_C,하나카드 MOVING카드 ALLDAY모드,2025-12,67280,2,1,,0,1,340,340,,,,,,
C0818,CARD_D,삼성카드 삼성 iD SELECT ALL 카드,2025-12,0,0,0,400000.0,400000,0,0,0,0.0,0.0,온라인쇼핑,네이버쇼핑,1612300.0,D카드 SELECT 7% 할인까지 40만 원 남았어요. 이번 주 온라인쇼핑은 D카드로 결제하세요.
C0818,CARD_E,NH농협카드 올바른 FLEX 카드,2025-12,56000,1,0,300000.0,244000,0,0,0,0.0,0.0,온라인쇼핑,네이버쇼핑,1612300.0,"E카드 스타벅스 50% 할인까지 24만 4,000원 남았어요. 이번 주 온라인쇼핑은 E카드로 결제하세요."
C0819,CARD_A,신한카드 Mr.Life,2025-12,318190,14,1,500000.0,181810,3,8800,8800,8800.0,0.0,커피,컴포즈커피,27900.0,"A카드 할인한도 월 3.4만 원까지 18만 1,800원 남았어요. 이번 주 커피는 A카드로 결제하세요."
C0819,CARD_B,KB국민카드 굿데이카드,2025-12,42900,1,0,300000.0,257100,0,0,0,0.0,0.0,커피,컴포즈커피,27900.0,"B카드 통신비 10% 할인까지 25만 7,100원 남았어요. 이번 주 커피는 B카드로 결제하세요."
C0819,CARD_C,하나카드 MOVING카드 ALLDAY모드,2025-12,4050,2,1,,0,1,20,20,,,,,,
C0819,CARD_D,삼성카드 삼성 iD SELECT ALL 카드,2025-12,23000,1,0,400000.0,377000,0,0,0,1770.0,1770.0,배달 주문,배달의민족,145200.0,"D카드 SELECT 7% 할인까지 37만 7,000원 남았어요. 이번 주 배달 주문은 D카드로 결제하세요."
C0819,CARD_E,NH농협카드 올바른 FLEX 카드,2025-12,2350,1,0,300000.0,297650,0,0,0,0.0,0.0,커피,컴포즈커피,27900.0,"E카드 스타벅스 50% 할인까지 29만 7,600원 남았어요. 이번 주 커피는 E카드로 결제하세요."
C0820,CARD_A,신한카드 Mr.Life,2025-12,54300,2,0,300000.0,245700,0,0,0,3000.0,3000.0,장보기,롯데마트,376300.0,"A카드 공과금·편의점 10% 할인까지 24만 5,700원 남았어요. 이번 주말 장보기는 A카드로 결제하세요."
C0820,CARD_B,KB국민카드 굿데이카드,2025-12,0,0,0,300000.0,300000,0,0,0,0.0,0.0,외식,맘스터치,51900.0,B카드 통신비 10% 할인까지 30만 원 남았어요. 이번 주 외식은 B카드로 결제하세요.
C0820,CARD_C,하나카드 MOVING카드 ALLDAY모드,2025-12,362700,8,1,,0,1,1810,1810,,,,,,
C0820,CARD_D,삼성카드 삼성 iD SELECT ALL 카드,2025-12,127800,1,0,400000.0,272200,0,0,0,7890.0,7890.0,장보기,롯데마트,376300.0,"D카드 SELECT 7% 할인까지 27만 2,200원 남았어요. 이번 주말 장보기는 D카드로 결제하세요."
C0820,CARD_E,NH농협카드 올바른 FLEX 카드,2025-12,0,0,0,300000.0,300000,0,0,0,0.0,0.0,구독료,유튜브 프리미엄,35500.0,E카드 스타벅스 50% 할인까지 30만 원 남았어요. 이번 주 구독료는 E카드로 결제하세요.
C0821,CARD_A,신한카드 Mr.Life,2025-12,1708410,34,3,,0,3,27990,27990,,,,,,
C0821,CARD_B,KB국민카드 굿데이카드,2025-12,0,0,0,300000.0,300000,0,0,0,0.0,0.0,외식,한식뷔페,277600.0,B카드 통신비 10% 할인까지 30만 원 남았어요. 이번 주 외식은 B카드로 결제하세요.
C0821,CARD_C,하나카드 MOVING카드 ALLDAY모드,2025-12,0,0,1,,0,1,0,0,,,,,,
C0821,CARD_D,삼성카드 삼성 iD SELECT ALL 카드,2025-12,35200,1,0,400000.0,364800,0,0,0,2710.0,2710.0,외식,한식뷔페,277600.0,"D카드 SELECT 7% 할인까지 36만 4,800원 남았어요. 이번 주 외식은 D카드로 결제하세요."
C0821,CARD_E,NH농협카드 올바른 FLEX 카드,2025-12,140900,2,0,300000.0,159100,0,0,0,5000.0,5000.0,편의점,CU,51200.0,"E카드 스타벅스 50% 할인까지 15만 9,100원 남았어요. 이번 주 편의점은 E카드로 결제하세요."
C0822,CARD_A,신한카드 Mr.Life,2025-12,259550,21,0,300000.0,40450,2,2230,0,2230.0,2230.0,커피,스타벅스,37900.0,A카드 공과금·편의점 10% 할인까지 4만 400원 남았어요. 이번 주 커피는 A카드로 결제하세요.
C0822,CARD_B,KB국민카드 굿데이카드,2025-12,10300,1,0,300000.0,289700,0,0,0,0.0,0.0,커피,스타벅스,37900.0,"B카드 통신비 10% 할인까지 28만 9,700원 남았어요. 이번 주 커피는 B카드로 결제하세요."
C0822,CARD_C,하나카드 MOVING카드 ALLDAY모드,2025-12,3630,1,1,,0,1,20,20,,,,,,
C0822,CARD_D,삼성카드 삼성 iD SELECT ALL 카드,2025-12,0,0,0,400000.0,400000,0,0,0,0.0,0.0,배달 주문,배달의민족,127100.0,D카드 SELECT 7% 할인까지 40만 원 남았어요. 이번 주 배달 주문은 D카드로 결제하세요.
C0822,CARD_E,NH농협카드 올바른 FLEX 카드,2025-12,42970,3,0,300000.0,257030,0,0,0,4100.0,4100.0,커피,스타벅스,37900.0,"E카드 스타벅스 50% 할인까지 25만 7,000원 남았어요. 이번 주 커피는 E카드로 결제하세요."
C0823,CARD_A,신한카드 Mr.Life,2025-12,136400,2,0,300000.0,163600,0,0,0,0.0,0.0,온라인쇼핑,쿠팡,1378300.0,"A카드 공과금·편의점 10% 할인까지 16만 3,600원 남았어요. 이번 주 온라인쇼핑은 A카드로 결제하세요."
C0823,CARD_B,KB국민카드 굿데이카드,2025-12,95900,1,0,300000.0,204100,0,0,0,0.0,0.0,커피,스타벅스,17600.0,"B카드 통신비 10% 할인까지 20만 4,100원 남았어요. 이번 주 커피는 B카드로 결제하세요."
C0823,CARD_C,하나카드 MOVING카드 ALLDAY모드,2025-12,1181600,23,1,,0,1,12610,12610,,,,,,
C0823,CARD_D,삼성카드 삼성 iD SELECT ALL 카드,2025-12,30800,1,0,400000.0,369200,0,0,0,220.0,220.0,온라인쇼핑,쿠팡,1378300.0,"D카드 SELECT 7% 할인까지 36만 9,200원 남았어요. 이번 주 온라인쇼핑은 D카드로 결제하세요."
C0823,CARD_E,NH농협카드 올바른 FLEX 카드,2025-12,132570,2,0,300000.0,167430,0,0,0,5190.0,5190.0,온라인쇼핑,쿠팡,1378300.0,"E카드 스타벅스 50% 할인까지 16만 7,400원 남았어요. 이번 주 온라인쇼핑은 E카드로 결제하세요."
C0824,CARD_A,신한카드 Mr.Life,2025-12,742810,22,2,1000000.0,257190,3,5720,5720,5720.0,0.0,장보기,동네마트,910200.0,"A카드 할인한도 월 5만 원까지 25만 7,200원 남았어요. 이번 주말 장보기는 A카드로 결제하세요."
C0824,CARD_B,KB국민카드 굿데이카드,2025-12,144100,2,0,300000.0,155900,0,0,0,0.0,0.0,커피,메가MGC커피,40500.0,"B카드 통신비 10% 할인까지 15만 5,900원 남았어요. 이번 주 커피는 B카드로 결제하세요."
C0824,CARD_C,하나카드 MOVING카드 ALLDAY모드,2025-12,64500,1,1,,0,1,320,320,,,,,,
C0824,CARD_D,삼성카드 삼성 iD SELECT ALL 카드,2025-12,82900,2,0,400000.0,317100,0,0,0,3840.0,3840.0,장보기,동네마트,910200.0,"D카드 SELECT 7% 할인까지 31만 7,100원 남았어요. 이번 주말 장보기는 D카드로 결제하세요."
C0824,CARD_E,NH농협카드 올바른 FLEX 카드,2025-12,97120,4,0,300000.0,202880,1,0,0,0.0,0.0,커피,메가MGC커피,40500.0,"E카드 스타벅스 50% 할인까지 20만 2,900원 남았어요. 이번 주 커피는 E카드로 결제하세요."
C0825,CARD_A,신한카드 Mr.Life,2025-12,0,0,0,300000.0,300000,0,0,0,0.0,0.0,장보기,쿠팡프레시,302400.0,A카드 공과금·편의점 10% 할인까지 30만 원 남았어요. 이번 주말 장보기는 A카드로 결제하세요.
C0825,CARD_B,KB국민카드 굿데이카드,2025-12,0,0,0,300000.0,300000,0,0,0,0.0,0.0,외식,이자카야,79700.0,B카드 통신비 10% 할인까지 30만 원 남았어요. 이번 주 외식은 B카드로 결제하세요.
C0825,CARD_C,하나카드 MOVING카드 ALLDAY모드,2025-12,0,0,1,,0,1,0,0,,,,,,
C0825,CARD_D,삼성카드 삼성 iD SELECT ALL 카드,2025-12,511870,9,1,800000.0,288130,1,10580,10580,13580.0,3000.0,장보기,쿠팡프레시,302400.0,"D카드 SELECT 한도 월 1만 원까지 28만 8,100원 남았어요. 이번 주말 장보기는 D카드로 결제하세요."
C0825,CARD_E,NH농협카드 올바른 FLEX 카드,2025-12,0,0,0,300000.0,300000,0,0,0,0.0,0.0,구독료,밀리의서재,9900.0,E카드 스타벅스 50% 할인까지 30만 원 남았어요. 이번 주 구독료는 E카드로 결제하세요.
C0826,CARD_A,신한카드 Mr.Life,2025-12,43100,1,0,300000.0,256900,0,0,0,3000.0,3000.0,커피,스타벅스,14000.0,"A카드 공과금·편의점 10% 할인까지 25만 6,900원 남았어요. 이번 주 커피는 A카드로 결제하세요."
C0826,CARD_B,KB국민카드 굿데이카드,2025-12,27500,2,0,300000.0,272500,0,0,0,0.0,0.0,커피,스타벅스,14000.0,"B카드 통신비 10% 할인까지 27만 2,500원 남았어요. 이번 주 커피는 B카드로 결제하세요."
C0826,CARD_C,하나카드 MOVING카드 ALLDAY모드,2025-12,1593490,11,1,,0,1,15930,15930,,,,,,
C0826,CARD_D,삼성카드 삼성 iD SELECT ALL 카드,2025-12,23600,1,0,400000.0,376400,0,0,0,1820.0,1820.0,외식,맘스터치,24100.0,"D카드 SELECT 7% 할인까지 37만 6,400원 남았어요. 이번 주 외식은 D카드로 결제하세요."
C0826,CARD_E,NH농협카드 올바른 FLEX 카드,2025-12,0,0,0,300000.0,300000,0,0,0,0.0,0.0,커피,스타벅스,14000.0,E카드 스타벅스 50% 할인까지 30만 원 남았어요. 이번 주 커피는 E카드로 결제하세요.
C0827,CARD_A,신한카드 Mr.Life,2025-12,0,0,0,300000.0,300000,0,0,0,0.0,0.0,편의점,CU,54600.0,A카드 공과금·편의점 10% 할인까지 30만 원 남았어요. 이번 주 편의점은 A카드로 결제하세요.
C0827,CARD_B,KB국민카드 굿데이카드,2025-12,86400,1,0,300000.0,213600,0,0,0,0.0,0.0,편의점,CU,54600.0,"B카드 통신비 10% 할인까지 21만 3,600원 남았어요. 이번 주 편의점은 B카드로 결제하세요."
C0827,CARD_C,하나카드 MOVING카드 ALLDAY모드,2025-12,1941050,7,1,,0,1,19410,19410,,,,,,
C0827,CARD_D,삼성카드 삼성 iD SELECT ALL 카드,2025-12,0,0,0,400000.0,400000,0,0,0,0.0,0.0,편의점,CU,54600.0,D카드 SELECT 7% 할인까지 40만 원 남았어요. 이번 주 편의점은 D카드로 결제하세요.
C0827,CARD_E,NH농협카드 올바른 FLEX 카드,2025-12,0,0,0,300000.0,300000,0,0,0,0.0,0.0,편의점,CU,54600.0,E카드 스타벅스 50% 할인까지 30만 원 남았어요. 이번 주 편의점은 E카드로 결제하세요.
C0828,CARD_A,신한카드 Mr.Life,2025-12,4160,1,0,300000.0,295840,0,0,0,0.0,0.0,편의점,GS25,19200.0,"A카드 공과금·편의점 10% 할인까지 29만 5,800원 남았어요. 이번 주 편의점은 A카드로 결제하세요."
C0828,CARD_B,KB국민카드 굿데이카드,2025-12,169790,13,0,300000.0,130210,1,0,0,0.0,0.0,편의점,GS25,19200.0,B카드 통신비 10% 할인까지 13만 200원 남았어요. 이번 주 편의점은 B카드로 결제하세요.
C0828,CARD_C,하나카드 MOVING카드 ALLDAY모드,2025-12,0,0,1,,0,1,0,0,,,,,,
C0828,CARD_D,삼성카드 삼성 iD SELECT ALL 카드,2025-12,0,0,0,400000.0,400000,0,0,0,0.0,0.0,편의점,GS25,19200.0,D카드 SELECT 7% 할인까지 40만 원 남았어요. 이번 주 편의점은 D카드로 결제하세요.
C0828,CARD_E,NH농협카드 올바른 FLEX 카드,2025-12,27100,1,0,300000.0,272900,0,0,0,0.0,0.0,편의점,GS25,19200.0,"E카드 스타벅스 50% 할인까지 27만 2,900원 남았어요. 이번 주 편의점은 E카드로 결제하세요."
C0829,CARD_A,신한카드 Mr.Life,2025-12,23300,1,0,300000.0,276700,0,0,0,0.0,0.0,커피,동네로스터리,15100.0,"A카드 공과금·편의점 10% 할인까지 27만 6,700원 남았어요. 이번 주 커피는 A카드로 결제하세요."
C0829,CARD_B,KB국민카드 굿데이카드,2025-12,0,0,0,300000.0,300000,0,0,0,0.0,0.0,커피,동네로스터리,15100.0,B카드 통신비 10% 할인까지 30만 원 남았어요. 이번 주 커피는 B카드로 결제하세요.
C0829,CARD_C,하나카드 MOVING카드 ALLDAY모드,2025-12,0,0,1,,0,1,0,0,,,,,,
C0829,CARD_D,삼성카드 삼성 iD SELECT ALL 카드,2025-12,372560,14,0,400000.0,27440,2,10200,0,10200.0,10200.0,온라인쇼핑,쿠팡,164100.0,"D카드 SELECT 7% 할인까지 2만 7,400원 남았어요. 이번 주 온라인쇼핑은 D카드로 결제하세요."
C0829,CARD_E,NH농협카드 올바른 FLEX 카드,2025-12,0,0,0,300000.0,300000,0,0,0,0.0,0.0,커피,동네로스터리,15100.0,E카드 스타벅스 50% 할인까지 30만 원 남았어요. 이번 주 커피는 E카드로 결제하세요.
C0830,CARD_A,신한카드 Mr.Life,2025-12,41500,1,0,300000.0,258500,0,0,0,0.0,0.0,온라인쇼핑,쿠팡,1390600.0,"A카드 공과금·편의점 10% 할인까지 25만 8,500원 남았어요. 이번 주 온라인쇼핑은 A카드로 결제하세요."
C0830,CARD_B,KB국민카드 굿데이카드,2025-12,28100,1,0,300000.0,271900,2,0,0,0.0,0.0,편의점,CU,24700.0,"B카드 통신비 10% 할인까지 27만 1,900원 남았어요. 이번 주 편의점은 B카드로 결제하세요."
C0830,CARD_C,하나카드 MOVING카드 ALLDAY모드,2025-12,1207200,23,1,,0,1,12200,12200,,,,,,
C0830,CARD_D,삼성카드 삼성 iD SELECT ALL 카드,2025-12,0,0,0,400000.0,400000,0,0,0,0.0,0.0,온라인쇼핑,쿠팡,1390600.0,D카드 SELECT 7% 할인까지 40만 원 남았어요. 이번 주 온라인쇼핑은 D카드로 결제하세요.
C0830,CARD_E,NH농협카드 올바른 FLEX 카드,2025-12,0,0,0,300000.0,300000,1,0,0,0.0,0.0,온라인쇼핑,쿠팡,1390600.0,E카드 스타벅스 50% 할인까지 30만 원 남았어요. 이번 주 온라인쇼핑은 E카드로 결제하세요.
C0831,CARD_A,신한카드 Mr.Life,2025-12,5970,1,0,300000.0,294030,0,0,0,0.0,0.0,온라인쇼핑,네이버쇼핑,136600.0,"A카드 공과금·편의점 10% 할인까지 29만 4,000원 남았어요. 이번 주 온라인쇼핑은 A카드로 결제하세요."
C0831,CARD_B,KB국민카드 굿데이카드,2025-12,0,0,0,300000.0,300000,0,0,0,0.0,0.0,커피,스타벅스,19500.0,B카드 통신비 10% 할인까지 30만 원 남았어요. 이번 주 커피는 B카드로 결제하세요.
C0831,CARD_C,하나카드 MOVING카드 ALLDAY모드,2025-12,17800,1,1,,0,1,90,90,,,,,,
C0831,CARD_D,삼성카드 삼성 iD SELECT ALL 카드,2025-12,1562220,13,3,,0,1,18640,18640,,,,,,
C0831,CARD_E,NH농협카드 올바른 FLEX 카드,2025-12,0,0,0,300000.0,300000,0,0,0,0.0,0.0,온라인쇼핑,네이버쇼핑,136600.0,E카드 스타벅스 50% 할인까지 30만 원 남았어요. 이번 주 온라인쇼핑은 E카드로 결제하세요.
C0832,CARD_A,신한카드 Mr.Life,2025-12,564480,15,2,1000000.0,435520,1,13000,20440,20440.0,0.0,커피,컴포즈커피,12300.0,"A카드 할인한도 월 5만 원까지 43만 5,500원 남았어요. 이번 주 커피는 A카드로 결제하세요."
C0832,CARD_B,KB국민카드 굿데이카드,2025-12,113500,2,0,300000.0,186500,0,0,0,0.0,0.0,커피,컴포즈커피,12300.0,"B카드 통신비 10% 할인까지 18만 6,500원 남았어요. 이번 주 커피는 B카드로 결제하세요."
C0832,CARD_C,하나카드 MOVING카드 ALLDAY모드,2025-12,48470,2,1,,0,1,240,240,,,,,,
C0832,CARD_D,삼성카드 삼성 iD SELECT ALL 카드,2025-12,7850,1,0,400000.0,392150,0,0,0,600.0,600.0,배달 주문,배달의민족,89700.0,"D카드 SELECT 7% 할인까지 39만 2,200원 남았어요. 이번 주 배달 주문은 D카드로 결제하세요."
C0832,CARD_E,NH농협카드 올바른 FLEX 카드,2025-12,6520,1,0,300000.0,293480,0,0,0,650.0,650.0,배달 주문,배달의민족,89700.0,"E카드 스타벅스 50% 할인까지 29만 3,500원 남았어요. 이번 주 배달 주문은 E카드로 결제하세요."
C0833,CARD_A,신한카드 Mr.Life,2025-12,0,0,0,300000.0,300000,0,0,0,0.0,0.0,외식,이자카야,215700.0,A카드 공과금·편의점 10% 할인까지 30만 원 남았어요. 이번 주 외식은 A카드로 결제하세요.
C0833,CARD_B,KB국민카드 굿데이카드,2025-12,10600,1,0,300000.0,289400,0,0,0,0.0,0.0,외식,이자카야,215700.0,"B카드 통신비 10% 할인까지 28만 9,400원 남았어요. 이번 주 외식은 B카드로 결제하세요."
C0833,CARD_C,하나카드 MOVING카드 ALLDAY모드,2025-12,0,0,1,,0,1,0,0,,,,,,
C0833,CARD_D,삼성카드 삼성 iD SELECT ALL 카드,2025-12,329900,4,0,400000.0,70100,1,12470,0,12470.0,12470.0,외식,이자카야,215700.0,D카드 SELECT 7% 할인까지 7만 100원 남았어요. 이번 주 외식은 D카드로 결제하세요.
C0833,CARD_E,NH농협카드 올바른 FLEX 카드,2025-12,4170,1,0,300000.0,295830,0,0,0,1250.0,1250.0,온라인쇼핑,컴퓨터장비몰,52100.0,"E카드 스타벅스 50% 할인까지 29만 5,800원 남았어요. 이번 주 온라인쇼핑은 E카드로 결제하세요."
C0834,CARD_A,신한카드 Mr.Life,2025-12,0,0,0,300000.0,300000,0,0,0,0.0,0.0,커피,메가MGC커피,13000.0,A카드 공과금·편의점 10% 할인까지 30만 원 남았어요. 이번 주 커피는 A카드로 결제하세요.
C0834,CARD_B,KB국민카드 굿데이카드,2025-12,8550,1,0,300000.0,291450,0,0,0,0.0,0.0,커피,메가MGC커피,13000.0,"B카드 통신비 10% 할인까지 29만 1,400원 남았어요. 이번 주 커피는 B카드로 결제하세요."
C0834,CARD_C,하나카드 MOVING카드 ALLDAY모드,2025-12,112900,2,1,,0,1,560,560,,,,,,
C0834,CARD_D,삼성카드 삼성 iD SELECT ALL 카드,2025-12,20800,1,0,400000.0,379200,0,0,0,1600.0,1600.0,구독료,티빙,37800.0,"D카드 SELECT 7% 할인까지 37만 9,200원 남았어요. 이번 주 구독료는 D카드로 결제하세요."
C0834,CARD_E,NH농협카드 올바른 FLEX 카드,2025-12,737160,6,1,,0,1,6160,6160,,,,,,
C0835,CARD_A,신한카드 Mr.Life,2025-12,196140,14,0,300000.0,103860,2,4820,0,4000.0,4000.0,장보기,쿠팡프레시,120600.0,"A카드 공과금·편의점 10% 할인까지 10만 3,900원 남았어요. 이번 주말 장보기는 A카드로 결제하세요."
C0835,CARD_B,KB국민카드 굿데이카드,2025-12,0,0,0,300000.0,300000,0,0,0,0.0,0.0,편의점,GS25,10100.0,B카드 통신비 10% 할인까지 30만 원 남았어요. 이번 주 편의점은 B카드로 결제하세요.
C0835,CARD_C,하나카드 MOVING카드 ALLDAY모드,2025-12,0,0,1,,0,1,0,0,,,,,,
C0835,CARD_D,삼성카드 삼성 iD SELECT ALL 카드,2025-12,960,1,0,400000.0,399040,0,0,0,70.0,70.0,구독료,네이버플러스 멤버십,86700.0,"D카드 SELECT 7% 할인까지 39만 9,000원 남았어요. 이번 주 구독료는 D카드로 결제하세요."
C0835,CARD_E,NH농협카드 올바른 FLEX 카드,2025-12,0,0,0,300000.0,300000,0,0,0,0.0,0.0,구독료,네이버플러스 멤버십,86700.0,E카드 스타벅스 50% 할인까지 30만 원 남았어요. 이번 주 구독료는 E카드로 결제하세요.
C0836,CARD_A,신한카드 Mr.Life,2025-12,414770,10,1,500000.0,85230,1,3590,3590,3590.0,0.0,장보기,마켓컬리,306900.0,"A카드 할인한도 월 3.4만 원까지 8만 5,200원 남았어요. 이번 주말 장보기는 A카드로 결제하세요."
C0836,CARD_B,KB국민카드 굿데이카드,2025-12,28300,1,0,300000.0,271700,0,0,0,0.0,0.0,커피,메가MGC커피,10600.0,"B카드 통신비 10% 할인까지 27만 1,700원 남았어요. 이번 주 커피는 B카드로 결제하세요."
C0836,CARD_C,하나카드 MOVING카드 ALLDAY모드,2025-12,23400,1,1,,0,1,120,120,,,,,,
C0836,CARD_D,삼성카드 삼성 iD SELECT ALL 카드,2025-12,0,0,0,400000.0,400000,0,0,0,0.0,0.0,구독료,iCloud+,46600.0,D카드 SELECT 7% 할인까지 40만 원 남았어요. 이번 주 구독료는 D카드로 결제하세요.
C0836,CARD_E,NH농협카드 올바른 FLEX 카드,2025-12,15800,2,0,300000.0,284200,0,0,0,2180.0,2180.0,구독료,iCloud+,46600.0,"E카드 스타벅스 50% 할인까지 28만 4,200원 남았어요. 이번 주 구독료는 E카드로 결제하세요."
C0837,CARD_A,신한카드 Mr.Life,2025-12,254960,12,0,300000.0,45040,2,4050,0,4050.0,4050.0,온라인쇼핑,쿠팡,46200.0,"A카드 공과금·편의점 10% 할인까지 4만 5,000원 남았어요. 이번 주 온라인쇼핑은 A카드로 결제하세요."
C0837,CARD_B,KB국민카드 굿데이카드,2025-12,124900,1,0,300000.0,175100,0,0,0,0.0,0.0,커피,스타벅스,6800.0,"B카드 통신비 10% 할인까지 17만 5,100원 남았어요. 이번 주 커피는 B카드로 결제하세요."
C0837,CARD_C,하나카드 MOVING카드 ALLDAY모드,2025-12,0,0,1,,0,1,0,0,,,,,,
C0837,CARD_D,삼성카드 삼성 iD SELECT ALL 카드,2025-12,26940,2,0,400000.0,373060,0,0,0,190.0,190.0,배달 주문,배달의민족,42400.0,"D카드 SELECT 7% 할인까지 37만 3,100원 남았어요. 이번 주 배달 주문은 D카드로 결제하세요."
C0837,CARD_E,NH농협카드 올바른 FLEX 카드,2025-12,0,0,0,300000.0,300000,0,0,0,0.0,0.0,배달 주문,배달의민족,42400.0,E카드 스타벅스 50% 할인까지 30만 원 남았어요. 이번 주 배달 주문은 E카드로 결제하세요.
C0838,CARD_A,신한카드 Mr.Life,2025-12,618250,19,2,1000000.0,381750,3,28850,25850,28850.0,3000.0,장보기,롯데마트,267700.0,"A카드 할인한도 월 5만 원까지 38만 1,800원 남았어요. 이번 주말 장보기는 A카드로 결제하세요."
C0838,CARD_B,KB국민카드 굿데이카드,2025-12,122100,1,0,300000.0,177900,0,0,0,0.0,0.0,교통비,티머니,19600.0,"B카드 통신비 10% 할인까지 17만 7,900원 남았어요. 이번 주 교통비는 B카드로 결제하세요."
C0838,CARD_C,하나카드 MOVING카드 ALLDAY모드,2025-12,5850,1,1,,0,1,30,30,,,,,,
C0838,CARD_D,삼성카드 삼성 iD SELECT ALL 카드,2025-12,0,0,0,400000.0,400000,0,0,0,0.0,0.0,장보기,롯데마트,267700.0,D카드 SELECT 7% 할인까지 40만 원 남았어요. 이번 주말 장보기는 D카드로 결제하세요.
C0838,CARD_E,NH농협카드 올바른 FLEX 카드,2025-12,7580,2,0,300000.0,292420,0,0,0,190.0,190.0,배달 주문,배달의민족,55900.0,"E카드 스타벅스 50% 할인까지 29만 2,400원 남았어요. 이번 주 배달 주문은 E카드로 결제하세요."
C0839,CARD_A,신한카드 Mr.Life,2025-12,4470,1,0,300000.0,295530,0,0,0,0.0,0.0,병원·약국,약국,152100.0,"A카드 공과금·편의점 10% 할인까지 29만 5,500원 남았어요. 이번 주 병원·약국은 A카드로 결제하세요."
C0839,CARD_B,KB국민카드 굿데이카드,2025-12,58900,1,0,300000.0,241100,0,0,0,0.0,0.0,외식,동네식당,121300.0,"B카드 통신비 10% 할인까지 24만 1,100원 남았어요. 이번 주 외식은 B카드로 결제하세요."
C0839,CARD_C,하나카드 MOVING카드 ALLDAY모드,2025-12,349800,1,1,,0,1,1750,1750,,,,,,
C0839,CARD_D,삼성카드 삼성 iD SELECT ALL 카드,2025-12,506270,10,1,800000.0,293730,3,19760,11760,14760.0,3000.0,병원·약국,약국,152100.0,"D카드 SELECT 한도 월 1만 원까지 29만 3,700원 남았어요. 이번 주 병원·약국은 D카드로 결제하세요."
C0839,CARD_E,NH농협카드 올바른 FLEX 카드,2025-12,0,0,0,300000.0,300000,0,0,0,0.0,0.0,배달 주문,배달의민족,39600.0,E카드 스타벅스 50% 할인까지 30만 원 남았어요. 이번 주 배달 주문은 E카드로 결제하세요.
C0840,CARD_A,신한카드 Mr.Life,2025-12,17600,2,0,300000.0,282400,0,0,0,0.0,0.0,온라인쇼핑,네이버쇼핑,1283100.0,"A카드 공과금·편의점 10% 할인까지 28만 2,400원 남았어요. 이번 주 온라인쇼핑은 A카드로 결제하세요."
C0840,CARD_B,KB국민카드 굿데이카드,2025-12,1464160,18,3,,0,3,5000,5000,,,,,,
C0840,CARD_C,하나카드 MOVING카드 ALLDAY모드,2025-12,137700,1,1,,0,1,690,690,,,,,,
C0840,CARD_D,삼성카드 삼성 iD SELECT ALL 카드,2025-12,46600,2,0,400000.0,353400,0,0,0,7620.0,7620.0,온라인쇼핑,네이버쇼핑,1283100.0,"D카드 SELECT 7% 할인까지 35만 3,400원 남았어요. 이번 주 온라인쇼핑은 D카드로 결제하세요."
C0840,CARD_E,NH농협카드 올바른 FLEX 카드,2025-12,0,0,0,300000.0,300000,0,0,0,0.0,0.0,온라인쇼핑,네이버쇼핑,1283100.0,E카드 스타벅스 50% 할인까지 30만 원 남았어요. 이번 주 온라인쇼핑은 E카드로 결제하세요.
C0841,CARD_A,신한카드 Mr.Life,2025-12,1320,1,0,300000.0,298680,0,0,0,130.0,130.0,편의점,세븐일레븐,30000.0,"A카드 공과금·편의점 10% 할인까지 29만 8,700원 남았어요. 이번 주 편의점은 A카드로 결제하세요."
C0841,CARD_B,KB국민카드 굿데이카드,2025-12,65700,1,0,300000.0,234300,0,0,0,3000.0,3000.0,편의점,세븐일레븐,30000.0,"B카드 통신비 10% 할인까지 23만 4,300원 남았어요. 이번 주 편의점은 B카드로 결제하세요."
C0841,CARD_C,하나카드 MOVING카드 ALLDAY모드,2025-12,29310,3,1,,0,1,150,150,,,,,,
C0841,CARD_D,삼성카드 삼성 iD SELECT ALL 카드,2025-12,227480,11,0,400000.0,172520,1,13590,0,13590.0,13590.0,편의점,세븐일레븐,30000.0,"D카드 SELECT 7% 할인까지 17만 2,500원 남았어요. 이번 주 편의점은 D카드로 결제하세요."
C0841,CARD_E,NH농협카드 올바른 FLEX 카드,2025-12,0,0,0,300000.0,300000,0,0,0,0.0,0.0,편의점,세븐일레븐,30000.0,E카드 스타벅스 50% 할인까지 30만 원 남았어요. 이번 주 편의점은 E카드로 결제하세요.
C0842,CARD_A,신한카드 Mr.Life,2025-12,32500,2,0,300000.0,267500,0,0,0,0.0,0.0,장보기,코스트코,772200.0,"A카드 공과금·편의점 10% 할인까지 26만 7,500원 남았어요. 이번 주말 장보기는 A카드로 결제하세요."
C0842,CARD_B,KB국민카드 굿데이카드,2025-12,1117770,15,2,1200000.0,82230,3,4980,4980,4980.0,0.0,편의점,CU,19800.0,"B카드 학원비 10% 할인까지 8만 2,200원 남았어요. 이번 주 편의점은 B카드로 결제하세요."
C0842,CARD_C,하나카드 MOVING카드 ALLDAY모드,2025-12,0,0,1,,0,1,0,0,,,,,,
C0842,CARD_D,삼성카드 삼성 iD SELECT ALL 카드,2025-12,17700,1,0,400000.0,382300,0,0,0,120.0,120.0,장보기,코스트코,772200.0,"D카드 SELECT 7% 할인까지 38만 2,300원 남았어요. 이번 주말 장보기는 D카드로 결제하세요."
C0842,CARD_E,NH농협카드 올바른 FLEX 카드,2025-12,118200,2,0,300000.0,181800,0,0,0,0.0,0.0,편의점,CU,19800.0,"E카드 스타벅스 50% 할인까지 18만 1,800원 남았어요. 이번 주 편의점은 E카드로 결제하세요."
C0843,CARD_A,신한카드 Mr.Life,2025-12,8200,1,0,300000.0,291800,0,0,0,0.0,0.0,장보기,이마트,306800.0,"A카드 공과금·편의점 10% 할인까지 29만 1,800원 남았어요. 이번 주말 장보기는 A카드로 결제하세요."
C0843,CARD_B,KB국민카드 굿데이카드,2025-12,0,0,0,300000.0,300000,0,0,0,0.0,0.0,편의점,GS25,12300.0,B카드 통신비 10% 할인까지 30만 원 남았어요. 이번 주 편의점은 B카드로 결제하세요.
C0843,CARD_C,하나카드 MOVING카드 ALLDAY모드,2025-12,1093370,17,1,,0,1,11660,11660,,,,,,
C0843,CARD_D,삼성카드 삼성 iD SELECT ALL 카드,2025-12,8510,1,0,400000.0,391490,0,0,0,490.0,490.0,생활용품 구매,다이소,440900.0,"D카드 SELECT 7% 할인까지 39만 1,500원 남았어요. 이번 주말 생활용품 구매는 D카드로 결제하세요."
C0843,CARD_E,NH농협카드 올바른 FLEX 카드,2025-12,0,0,0,300000.0,300000,0,0,0,0.0,0.0,편의점,GS25,12300.0,E카드 스타벅스 50% 할인까지 30만 원 남았어요. 이번 주 편의점은 E카드로 결제하세요.
C0844,CARD_A,신한카드 Mr.Life,2025-12,0,0,0,300000.0,300000,0,0,0,0.0,0.0,장보기,쿠팡프레시,687800.0,A카드 공과금·편의점 10% 할인까지 30만 원 남았어요. 이번 주말 장보기는 A카드로 결제하세요.
C0844,CARD_B,KB국민카드 굿데이카드,2025-12,0,0,0,300000.0,300000,0,0,0,0.0,0.0,커피,스타벅스,11300.0,B카드 통신비 10% 할인까지 30만 원 남았어요. 이번 주 커피는 B카드로 결제하세요.
C0844,CARD_C,하나카드 MOVING카드 ALLDAY모드,2025-12,435790,6,1,,0,1,2180,2180,,,,,,
C0844,CARD_D,삼성카드 삼성 iD SELECT ALL 카드,2025-12,0,0,0,400000.0,400000,0,0,0,0.0,0.0,장보기,쿠팡프레시,687800.0,D카드 SELECT 7% 할인까지 40만 원 남았어요. 이번 주말 장보기는 D카드로 결제하세요.
C0844,CARD_E,NH농협카드 올바른 FLEX 카드,2025-12,0,0,0,300000.0,300000,0,0,0,0.0,0.0,온라인쇼핑,쿠팡,90000.0,E카드 스타벅스 50% 할인까지 30만 원 남았어요. 이번 주 온라인쇼핑은 E카드로 결제하세요.
C0845,CARD_A,신한카드 Mr.Life,2025-12,53380,2,0,300000.0,246620,0,0,0,3580.0,3580.0,커피,이디야커피,19300.0,"A카드 공과금·편의점 10% 할인까지 24만 6,600원 남았어요. 이번 주 커피는 A카드로 결제하세요."
C0845,CARD_B,KB국민카드 굿데이카드,2025-12,328540,9,1,600000.0,271460,2,3160,3160,3160.0,0.0,커피,이디야커피,19300.0,"B카드 외식·커피 10% 할인까지 27만 1,500원 남았어요. 이번 주 커피는 B카드로 결제하세요."
C0845,CARD_C,하나카드 MOVING카드 ALLDAY모드,2025-12,0,0,1,,0,1,0,0,,,,,,
C0845,CARD_D,삼성카드 삼성 iD SELECT ALL 카드,2025-12,39500,1,0,400000.0,360500,0,0,0,3040.0,3040.0,장보기,쿠팡프레시,167700.0,D카드 SELECT 7% 할인까지 36만 500원 남았어요. 이번 주말 장보기는 D카드로 결제하세요.
C0845,CARD_E,NH농협카드 올바른 FLEX 카드,2025-12,0,0,0,300000.0,300000,0,0,0,0.0,0.0,커피,이디야커피,19300.0,E카드 스타벅스 50% 할인까지 30만 원 남았어요. 이번 주 커피는 E카드로 결제하세요.
C0846,CARD_A,신한카드 Mr.Life,2025-12,1061730,8,3,,0,2,0,0,,,,,,
C0846,CARD_B,KB국민카드 굿데이카드,2025-12,0,0,0,300000.0,300000,0,0,0,0.0,0.0,커피,빽다방,10300.0,B카드 통신비 10% 할인까지 30만 원 남았어요. 이번 주 커피는 B카드로 결제하세요.
C0846,CARD_C,하나카드 MOVING카드 ALLDAY모드,2025-12,80200,2,1,,0,1,400,400,,,,,,
C0846,CARD_D,삼성카드 삼성 iD SELECT ALL 카드,2025-12,8330,1,0,400000.0,391670,0,0,0,60.0,60.0,외식,동네식당,47600.0,"D카드 SELECT 7% 할인까지 39만 1,700원 남았어요. 이번 주 외식은 D카드로 결제하세요."
C0846,CARD_E,NH농협카드 올바른 FLEX 카드,2025-12,80100,1,0,300000.0,219900,0,0,0,0.0,0.0,커피,빽다방,10300.0,"E카드 스타벅스 50% 할인까지 21만 9,900원 남았어요. 이번 주 커피는 E카드로 결제하세요."
C0847,CARD_A,신한카드 Mr.Life,2025-12,547780,14,2,1000000.0,452220,2,25000,25000,25870.0,870.0,주유,GS칼텍스,274800.0,"A카드 할인한도 월 5만 원까지 45만 2,200원 남았어요. 이번 주말 주유는 A카드로 결제하세요."
C0847,CARD_B,KB국민카드 굿데이카드,2025-12,0,0,0,300000.0,300000,0,0,0,0.0,0.0,교통비,티머니,108100.0,B카드 통신비 10% 할인까지 30만 원 남았어요. 이번 주 교통비는 B카드로 결제하세요.
C0847,CARD_C,하나카드 MOVING카드 ALLDAY모드,2025-12,0,0,1,,0,1,0,0,,,,,,
C0847,CARD_D,삼성카드 삼성 iD SELECT ALL 카드,2025-12,0,0,0,400000.0,400000,0,0,0,0.0,0.0,주유,GS칼텍스,274800.0,D카드 SELECT 7% 할인까지 40만 원 남았어요. 이번 주말 주유는 D카드로 결제하세요.
C0847,CARD_E,NH농협카드 올바른 FLEX 카드,2025-12,137100,2,0,300000.0,162900,0,0,0,1880.0,1880.0,교통비,티머니,108100.0,"E카드 스타벅스 50% 할인까지 16만 2,900원 남았어요. 이번 주 교통비는 E카드로 결제하세요."
C0848,CARD_A,신한카드 Mr.Life,2025-12,115720,5,0,300000.0,184280,1,4510,0,4510.0,4510.0,주유,SK에너지,152900.0,"A카드 공과금·편의점 10% 할인까지 18만 4,300원 남았어요. 이번 주말 주유는 A카드로 결제하세요."
C0848,CARD_B,KB국민카드 굿데이카드,2025-12,55500,1,0,300000.0,244500,0,0,0,0.0,0.0,교통비,주차장,66800.0,"B카드 통신비 10% 할인까지 24만 4,500원 남았어요. 이번 주 교통비는 B카드로 결제하세요."
C0848,CARD_C,하나카드 MOVING카드 ALLDAY모드,2025-12,0,0,1,,0,1,0,0,,,,,,
C0848,CARD_D,삼성카드 삼성 iD SELECT ALL 카드,2025-12,37100,1,0,400000.0,362900,0,0,0,2860.0,2860.0,주유,SK에너지,152900.0,"D카드 SELECT 7% 할인까지 36만 2,900원 남았어요. 이번 주말 주유는 D카드로 결제하세요."
C0848,CARD_E,NH농협카드 올바른 FLEX 카드,2025-12,0,0,0,300000.0,300000,0,0,0,0.0,0.0,교통비,주차장,66800.0,E카드 스타벅스 50% 할인까지 30만 원 남았어요. 이번 주 교통비는 E카드로 결제하세요.
C0849,CARD_A,신한카드 Mr.Life,2025-12,0,0,0,300000.0,300000,0,0,0,0.0,0.0,외식,동네식당,51000.0,A카드 공과금·편의점 10% 할인까지 30만 원 남았어요. 이번 주 외식은 A카드로 결제하세요.
C0849,CARD_B,KB국민카드 굿데이카드,2025-12,0,0,0,300000.0,300000,0,0,0,0.0,0.0,외식,동네식당,51000.0,B카드 통신비 10% 할인까지 30만 원 남았어요. 이번 주 외식은 B카드로 결제하세요.
C0849,CARD_C,하나카드 MOVING카드 ALLDAY모드,2025-12,1073170,13,1,,0,1,5740,5740,,,,,,
C0849,CARD_D,삼성카드 삼성 iD SELECT ALL 카드,2025-12,0,0,0,400000.0,400000,2,0,0,0.0,0.0,외식,동네식당,51000.0,D카드 SELECT 7% 할인까지 40만 원 남았어요. 이번 주 외식은 D카드로 결제하세요.
C0849,CARD_E,NH농협카드 올바른 FLEX 카드,2025-12,4710,1,0,300000.0,295290,0,0,0,0.0,0.0,온라인쇼핑,쿠팡,28800.0,"E카드 스타벅스 50% 할인까지 29만 5,300원 남았어요. 이번 주 온라인쇼핑은 E카드로 결제하세요."
C0850,CARD_A,신한카드 Mr.Life,2025-12,0,0,0,300000.0,300000,0,0,0,0.0,0.0,장보기,마켓컬리,432100.0,A카드 공과금·편의점 10% 할인까지 30만 원 남았어요. 이번 주말 장보기는 A카드로 결제하세요.
C0850,CARD_B,KB국민카드 굿데이카드,2025-12,15700,1,0,300000.0,284300,0,0,0,0.0,0.0,교통비,티머니,41400.0,"B카드 통신비 10% 할인까지 28만 4,300원 남았어요. 이번 주 교통비는 B카드로 결제하세요."
C0850,CARD_C,하나카드 MOVING카드 ALLDAY모드,2025-12,2570,1,1,,0,1,80,80,,,,,,
C0850,CARD_D,삼성카드 삼성 iD SELECT ALL 카드,2025-12,444570,14,1,800000.0,355430,3,19840,11840,14840.0,3000.0,장보기,마켓컬리,432100.0,"D카드 SELECT 한도 월 1만 원까지 35만 5,400원 남았어요. 이번 주말 장보기는 D카드로 결제하세요."
C0850,CARD_E,NH농협카드 올바른 FLEX 카드,2025-12,0,0,0,300000.0,300000,0,0,0,0.0,0.0,교통비,티머니,41400.0,E카드 스타벅스 50% 할인까지 30만 원 남았어요. 이번 주 교통비는 E카드로 결제하세요.
C0851,CARD_A,신한카드 Mr.Life,2025-12,1891750,19,3,,0,3,40000,40000,,,,,,
C0851,CARD_B,KB국민카드 굿데이카드,2025-12,0,0,0,300000.0,300000,0,0,0,0.0,0.0,외식,서브웨이,69800.0,B카드 통신비 10% 할인까지 30만 원 남았어요. 이번 주 외식은 B카드로 결제하세요.
C0851,CARD_C,하나카드 MOVING카드 ALLDAY모드,2025-12,44400,1,1,,0,1,220,220,,,,,,
C0851,CARD_D,삼성카드 삼성 iD SELECT ALL 카드,2025-12,131900,2,0,400000.0,268100,0,0,0,2200.0,2200.0,외식,서브웨이,69800.0,"D카드 SELECT 7% 할인까지 26만 8,100원 남았어요. 이번 주 외식은 D카드로 결제하세요."
C0851,CARD_E,NH농협카드 올바른 FLEX 카드,2025-12,0,0,0,300000.0,300000,0,0,0,0.0,0.0,온라인쇼핑,쿠팡,160300.0,E카드 스타벅스 50% 할인까지 30만 원 남았어요. 이번 주 온라인쇼핑은 E카드로 결제하세요.
C0852,CARD_A,신한카드 Mr.Life,2025-12,4970,1,0,300000.0,295030,0,0,0,0.0,0.0,장보기,동네마트,227800.0,"A카드 공과금·편의점 10% 할인까지 29만 5,000원 남았어요. 이번 주말 장보기는 A카드로 결제하세요."
C0852,CARD_B,KB국민카드 굿데이카드,2025-12,0,0,0,300000.0,300000,0,0,0,0.0,0.0,외식,맘스터치,49000.0,B카드 통신비 10% 할인까지 30만 원 남았어요. 이번 주 외식은 B카드로 결제하세요.
C0852,CARD_C,하나카드 MOVING카드 ALLDAY모드,2025-12,450300,8,1,,0,1,2480,2480,,,,,,
C0852,CARD_D,삼성카드 삼성 iD SELECT ALL 카드,2025-12,0,0,0,400000.0,400000,0,0,0,0.0,0.0,장보기,동네마트,227800.0,D카드 SELECT 7% 할인까지 40만 원 남았어요. 이번 주말 장보기는 D카드로 결제하세요.
C0852,CARD_E,NH농협카드 올바른 FLEX 카드,2025-12,85000,1,0,300000.0,215000,0,0,0,0.0,0.0,교통비,주차장,14000.0,"E카드 스타벅스 50% 할인까지 21만 5,000원 남았어요. 이번 주 교통비는 E카드로 결제하세요."
C0853,CARD_A,신한카드 Mr.Life,2025-12,1097630,15,3,,0,2,9160,9160,,,,,,
C0853,CARD_B,KB국민카드 굿데이카드,2025-12,0,0,0,300000.0,300000,0,0,0,0.0,0.0,커피,스타벅스,14300.0,B카드 통신비 10% 할인까지 30만 원 남았어요. 이번 주 커피는 B카드로 결제하세요.
C0853,CARD_C,하나카드 MOVING카드 ALLDAY모드,2025-12,144100,1,1,,0,1,720,720,,,,,,
C0853,CARD_D,삼성카드 삼성 iD SELECT ALL 카드,2025-12,21200,1,0,400000.0,378800,0,0,0,150.0,150.0,구독료,네이버플러스 멤버십,33900.0,"D카드 SELECT 7% 할인까지 37만 8,800원 남았어요. 이번 주 구독료는 D카드로 결제하세요."
C0853,CARD_E,NH농협카드 올바른 FLEX 카드,2025-12,0,0,0,300000.0,300000,0,0,0,0.0,0.0,구독료,네이버플러스 멤버십,33900.0,E카드 스타벅스 50% 할인까지 30만 원 남았어요. 이번 주 구독료는 E카드로 결제하세요.
C0854,CARD_A,신한카드 Mr.Life,2025-12,0,0,0,300000.0,300000,0,0,0,0.0,0.0,커피,스타벅스,60100.0,A카드 공과금·편의점 10% 할인까지 30만 원 남았어요. 이번 주 커피는 A카드로 결제하세요.
C0854,CARD_B,KB국민카드 굿데이카드,2025-12,0,0,0,300000.0,300000,0,0,0,0.0,0.0,커피,스타벅스,60100.0,B카드 통신비 10% 할인까지 30만 원 남았어요. 이번 주 커피는 B카드로 결제하세요.
C0854,CARD_C,하나카드 MOVING카드 ALLDAY모드,2025-12,0,0,1,,0,1,0,0,,,,,,
C0854,CARD_D,삼성카드 삼성 iD SELECT ALL 카드,2025-12,547080,17,1,800000.0,252920,3,13260,10830,13260.0,2430.0,외식,동네식당,44600.0,"D카드 SELECT 한도 월 1만 원까지 25만 2,900원 남았어요. 이번 주 외식은 D카드로 결제하세요."
C0854,CARD_E,NH농협카드 올바른 FLEX 카드,2025-12,0,0,0,300000.0,300000,0,0,0,0.0,0.0,커피,스타벅스,60100.0,E카드 스타벅스 50% 할인까지 30만 원 남았어요. 이번 주 커피는 E카드로 결제하세요.
C0855,CARD_A,신한카드 Mr.Life,2025-12,43400,1,0,300000.0,256600,0,0,0,0.0,0.0,장보기,이마트,86900.0,"A카드 공과금·편의점 10% 할인까지 25만 6,600원 남았어요. 이번 주말 장보기는 A카드로 결제하세요."
C0855,CARD_B,KB국민카드 굿데이카드,2025-12,342040,9,1,600000.0,257960,2,1080,0,1080.0,1080.0,교통비,티머니,66200.0,"B카드 외식·커피 10% 할인까지 25만 8,000원 남았어요. 이번 주 교통비는 B카드로 결제하세요."
C0855,CARD_C,하나카드 MOVING카드 ALLDAY모드,2025-12,4900,1,1,,0,1,20,20,,,,,,
C0855,CARD_D,삼성카드 삼성 iD SELECT ALL 카드,2025-12,0,0,0,400000.0,400000,0,0,0,0.0,0.0,구독료,네이버플러스 멤버십,44000.0,D카드 SELECT 7% 할인까지 40만 원 남았어요. 이번 주 구독료는 D카드로 결제하세요.
C0855,CARD_E,NH농협카드 올바른 FLEX 카드,2025-12,0,0,0,300000.0,300000,0,0,0,0.0,0.0,구독료,네이버플러스 멤버십,44000.0,E카드 스타벅스 50% 할인까지 30만 원 남았어요. 이번 주 구독료는 E카드로 결제하세요.
C0856,CARD_A,신한카드 Mr.Life,2025-12,0,0,0,300000.0,300000,0,0,0,0.0,0.0,편의점,GS25,48800.0,A카드 공과금·편의점 10% 할인까지 30만 원 남았어요. 이번 주 편의점은 A카드로 결제하세요.
C0856,CARD_B,KB국민카드 굿데이카드,2025-12,665800,3,2,1200000.0,534200,0,0,5000,5000.0,0.0,편의점,GS25,48800.0,"B카드 학원비 10% 할인까지 53만 4,200원 남았어요. 이번 주 편의점은 B카드로 결제하세요."
C0856,CARD_C,하나카드 MOVING카드 ALLDAY모드,2025-12,75000,2,1,,0,1,380,380,,,,,,
C0856,CARD_D,삼성카드 삼성 iD SELECT ALL 카드,2025-12,0,0,0,400000.0,400000,2,0,0,0.0,0.0,편의점,GS25,48800.0,D카드 SELECT 7% 할인까지 40만 원 남았어요. 이번 주 편의점은 D카드로 결제하세요.
C0856,CARD_E,NH농협카드 올바른 FLEX 카드,2025-12,1715600,12,1,,0,1,18030,18030,,,,,,
C0857,CARD_A,신한카드 Mr.Life,2025-12,31030,4,0,300000.0,268970,0,0,0,850.0,850.0,장보기,동네마트,302800.0,"A카드 공과금·편의점 10% 할인까지 26만 9,000원 남았어요. 이번 주말 장보기는 A카드로 결제하세요."
C0857,CARD_B,KB국민카드 굿데이카드,2025-12,0,0,0,300000.0,300000,0,0,0,0.0,0.0,편의점,GS25,13600.0,B카드 통신비 10% 할인까지 30만 원 남았어요. 이번 주 편의점은 B카드로 결제하세요.
C0857,CARD_C,하나카드 MOVING카드 ALLDAY모드,2025-12,475110,13,1,,0,1,4750,4750,,,,,,
C0857,CARD_D,삼성카드 삼성 iD SELECT ALL 카드,2025-12,0,0,0,400000.0,400000,0,0,0,0.0,0.0,구독료,쿠팡와우,66900.0,D카드 SELECT 7% 할인까지 40만 원 남았어요. 이번 주 구독료는 D카드로 결제하세요.
C0857,CARD_E,NH농협카드 올바른 FLEX 카드,2025-12,0,0,0,300000.0,300000,0,0,0,0.0,0.0,구독료,쿠팡와우,66900.0,E카드 스타벅스 50% 할인까지 30만 원 남았어요. 이번 주 구독료는 E카드로 결제하세요.
C0858,CARD_A,신한카드 Mr.Life,2025-12,0,0,0,300000.0,300000,0,0,0,0.0,0.0,장보기,쿠팡프레시,869000.0,A카드 공과금·편의점 10% 할인까지 30만 원 남았어요. 이번 주말 장보기는 A카드로 결제하세요.
C0858,CARD_B,KB국민카드 굿데이카드,2025-12,6120,1,0,300000.0,293880,0,0,0,0.0,0.0,외식,한식뷔페,49300.0,"B카드 통신비 10% 할인까지 29만 3,900원 남았어요. 이번 주 외식은 B카드로 결제하세요."
C0858,CARD_C,하나카드 MOVING카드 ALLDAY모드,2025-12,958800,15,1,,0,1,10300,10300,,,,,,
C0858,CARD_D,삼성카드 삼성 iD SELECT ALL 카드,2025-12,0,0,0,400000.0,400000,1,0,0,0.0,0.0,장보기,쿠팡프레시,869000.0,D카드 SELECT 7% 할인까지 40만 원 남았어요. 이번 주말 장보기는 D카드로 결제하세요.
C0858,CARD_E,NH농협카드 올바른 FLEX 카드,2025-12,0,0,0,300000.0,300000,0,0,0,0.0,0.0,교통비,카카오T,20000.0,E카드 스타벅스 50% 할인까지 30만 원 남았어요. 이번 주 교통비는 E카드로 결제하세요.
C0859,CARD_A,신한카드 Mr.Life,2025-12,2680780,20,3,,0,3,27200,27200,,,,,,
C0859,CARD_B,KB국민카드 굿데이카드,2025-12,57300,1,0,300000.0,242700,0,0,0,0.0,0.0,외식,동네식당,300200.0,"B카드 통신비 10% 할인까지 24만 2,700원 남았어요. 이번 주 외식은 B카드로 결제하세요."
C0859,CARD_C,하나카드 MOVING카드 ALLDAY모드,2025-12,0,0,1,,0,1,0,0,,,,,,
C0859,CARD_D,삼성카드 삼성 iD SELECT ALL 카드,2025-12,0,0,0,400000.0,400000,0,0,0,0.0,0.0,외식,동네식당,300200.0,D카드 SELECT 7% 할인까지 40만 원 남았어요. 이번 주 외식은 D카드로 결제하세요.
C0859,CARD_E,NH농협카드 올바른 FLEX 카드,2025-12,0,0,0,300000.0,300000,0,0,0,0.0,0.0,배달 주문,쿠팡이츠,79200.0,E카드 스타벅스 50% 할인까지 30만 원 남았어요. 이번 주 배달 주문은 E카드로 결제하세요.
C0860,CARD_A,신한카드 Mr.Life,2025-12,142300,1,0,300000.0,157700,0,0,0,0.0,0.0,온라인쇼핑,쿠팡,245800.0,"A카드 공과금·편의점 10% 할인까지 15만 7,700원 남았어요. 이번 주 온라인쇼핑은 A카드로 결제하세요."
C0860,CARD_B,KB국민카드 굿데이카드,2025-12,495380,13,1,600000.0,104620,3,1360,620,1360.0,740.0,커피,이디야커피,12800.0,"B카드 외식·커피 10% 할인까지 10만 4,600원 남았어요. 이번 주 커피는 B카드로 결제하세요."
C0860,CARD_C,하나카드 MOVING카드 ALLDAY모드,2025-12,121900,1,1,,0,1,610,610,,,,,,
C0860,CARD_D,삼성카드 삼성 iD SELECT ALL 카드,2025-12,0,0,0,400000.0,400000,0,0,0,0.0,0.0,온라인쇼핑,쿠팡,245800.0,D카드 SELECT 7% 할인까지 40만 원 남았어요. 이번 주 온라인쇼핑은 D카드로 결제하세요.
C0860,CARD_E,NH농협카드 올바른 FLEX 카드,2025-12,34200,1,0,300000.0,265800,0,0,0,0.0,0.0,온라인쇼핑,쿠팡,245800.0,"E카드 스타벅스 50% 할인까지 26만 5,800원 남았어요. 이번 주 온라인쇼핑은 E카드로 결제하세요."
C0861,CARD_A,신한카드 Mr.Life,2025-12,1764660,18,3,,0,3,5200,5200,,,,,,
C0861,CARD_B,KB국민카드 굿데이카드,2025-12,0,0,0,300000.0,300000,0,0,0,0.0,0.0,커피,스타벅스,28000.0,B카드 통신비 10% 할인까지 30만 원 남았어요. 이번 주 커피는 B카드로 결제하세요.
C0861,CARD_C,하나카드 MOVING카드 ALLDAY모드,2025-12,0,0,1,,0,1,0,0,,,,,,
C0861,CARD_D,삼성카드 삼성 iD SELECT ALL 카드,2025-12,0,0,0,400000.0,400000,0,0,0,0.0,0.0,온라인쇼핑,네이버쇼핑,93000.0,D카드 SELECT 7% 할인까지 40만 원 남았어요. 이번 주 온라인쇼핑은 D카드로 결제하세요.
C0861,CARD_E,NH농협카드 올바른 FLEX 카드,2025-12,39300,2,0,300000.0,260700,0,0,0,0.0,0.0,커피,스타벅스,28000.0,E카드 스타벅스 50% 할인까지 26만 700원 남았어요. 이번 주 커피는 E카드로 결제하세요.
C0862,CARD_A,신한카드 Mr.Life,2025-12,962800,21,2,1000000.0,37200,3,22270,22270,22270.0,0.0,편의점,GS25,20200.0,"A카드 할인한도 월 5만 원까지 3만 7,200원 남았어요. 이번 주 편의점은 A카드로 결제하세요."
C0862,CARD_B,KB국민카드 굿데이카드,2025-12,0,0,0,300000.0,300000,0,0,0,0.0,0.0,편의점,GS25,20200.0,B카드 통신비 10% 할인까지 30만 원 남았어요. 이번 주 편의점은 B카드로 결제하세요.
C0862,CARD_C,하나카드 MOVING카드 ALLDAY모드,2025-12,3080,1,1,,0,1,20,20,,,,,,
C0862,CARD_D,삼성카드 삼성 iD SELECT ALL 카드,2025-12,0,0,0,400000.0,400000,0,0,0,0.0,0.0,편의점,GS25,20200.0,D카드 SELECT 7% 할인까지 40만 원 남았어요. 이번 주 편의점은 D카드로 결제하세요.
C0862,CARD_E,NH농협카드 올바른 FLEX 카드,2025-12,3800,1,0,300000.0,296200,0,0,0,270.0,270.0,편의점,GS25,20200.0,"E카드 스타벅스 50% 할인까지 29만 6,200원 남았어요. 이번 주 편의점은 E카드로 결제하세요."
C0863,CARD_A,신한카드 Mr.Life,2025-12,0,0,0,300000.0,300000,0,0,0,0.0,0.0,외식,한식뷔페,79900.0,A카드 공과금·편의점 10% 할인까지 30만 원 남았어요. 이번 주 외식은 A카드로 결제하세요.
C0863,CARD_B,KB국민카드 굿데이카드,2025-12,0,0,0,300000.0,300000,0,0,0,0.0,0.0,외식,한식뷔페,79900.0,B카드 통신비 10% 할인까지 30만 원 남았어요. 이번 주 외식은 B카드로 결제하세요.
C0863,CARD_C,하나카드 MOVING카드 ALLDAY모드,2025-12,3809660,15,1,,0,1,38100,38100,,,,,,
C0863,CARD_D,삼성카드 삼성 iD SELECT ALL 카드,2025-12,1021800,1,2,1200000.0,178200,0,0,7150,7150.0,0.0,외식,한식뷔페,79900.0,"D카드 SELECT 한도 월 1.5만 원까지 17만 8,200원 남았어요. 이번 주 외식은 D카드로 결제하세요."
C0863,CARD_E,NH농협카드 올바른 FLEX 카드,2025-12,0,0,0,300000.0,300000,1,0,0,0.0,0.0,교통비,카카오T,34700.0,E카드 스타벅스 50% 할인까지 30만 원 남았어요. 이번 주 교통비는 E카드로 결제하세요.
C0864,CARD_A,신한카드 Mr.Life,2025-12,5130,1,0,300000.0,294870,0,0,0,0.0,0.0,온라인쇼핑,쿠팡,619900.0,"A카드 공과금·편의점 10% 할인까지 29만 4,900원 남았어요. 이번 주 온라인쇼핑은 A카드로 결제하세요."
C0864,CARD_B,KB국민카드 굿데이카드,2025-12,889000,17,2,1200000.0,311000,3,5000,5000,5000.0,0.0,외식,김밥천국,32200.0,"B카드 학원비 10% 할인까지 31만 1,000원 남았어요. 이번 주 외식은 B카드로 결제하세요."
C0864,CARD_C,하나카드 MOVING카드 ALLDAY모드,2025-12,0,0,1,,0,1,0,0,,,,,,
C0864,CARD_D,삼성카드 삼성 iD SELECT ALL 카드,2025-12,552800,2,1,800000.0,247200,0,0,15870,18870.0,3000.0,온라인쇼핑,쿠팡,619900.0,"D카드 SELECT 한도 월 1만 원까지 24만 7,200원 남았어요. 이번 주 온라인쇼핑은 D카드로 결제하세요."
C0864,CARD_E,NH농협카드 올바른 FLEX 카드,2025-12,17200,1,0,300000.0,282800,0,0,0,0.0,0.0,온라인쇼핑,쿠팡,619900.0,"E카드 스타벅스 50% 할인까지 28만 2,800원 남았어요. 이번 주 온라인쇼핑은 E카드로 결제하세요."
C0865,CARD_A,신한카드 Mr.Life,2025-12,533930,25,2,1000000.0,466070,2,12540,12540,13020.0,480.0,외식,동네식당,118100.0,"A카드 할인한도 월 5만 원까지 46만 6,100원 남았어요. 이번 주 외식은 A카드로 결제하세요."
C0865,CARD_B,KB국민카드 굿데이카드,2025-12,0,0,0,300000.0,300000,0,0,0,0.0,0.0,교통비,티머니,35000.0,B카드 통신비 10% 할인까지 30만 원 남았어요. 이번 주 교통비는 B카드로 결제하세요.
C0865,CARD_C,하나카드 MOVING카드 ALLDAY모드,2025-12,3030,1,1,,0,1,20,20,,,,,,
C0865,CARD_D,삼성카드 삼성 iD SELECT ALL 카드,2025-12,0,0,0,400000.0,400000,0,0,0,0.0,0.0,외식,동네식당,118100.0,D카드 SELECT 7% 할인까지 40만 원 남았어요. 이번 주 외식은 D카드로 결제하세요.
C0865,CARD_E,NH농협카드 올바른 FLEX 카드,2025-12,27700,1,0,300000.0,272300,0,0,0,0.0,0.0,교통비,티머니,35000.0,"E카드 스타벅스 50% 할인까지 27만 2,300원 남았어요. 이번 주 교통비는 E카드로 결제하세요."
C0866,CARD_A,신한카드 Mr.Life,2025-12,174480,9,0,300000.0,125520,0,0,0,10640.0,10640.0,온라인쇼핑,11번가,60500.0,"A카드 공과금·편의점 10% 할인까지 12만 5,500원 남았어요. 이번 주 온라인쇼핑은 A카드로 결제하세요."
C0866,CARD_B,KB국민카드 굿데이카드,2025-12,0,0,0,300000.0,300000,0,0,0,0.0,0.0,편의점,CU,9400.0,B카드 통신비 10% 할인까지 30만 원 남았어요. 이번 주 편의점은 B카드로 결제하세요.
C0866,CARD_C,하나카드 MOVING카드 ALLDAY모드,2025-12,0,0,1,,0,1,0,0,,,,,,
C0866,CARD_D,삼성카드 삼성 iD SELECT ALL 카드,2025-12,0,0,0,400000.0,400000,0,0,0,0.0,0.0,온라인쇼핑,11번가,60500.0,D카드 SELECT 7% 할인까지 40만 원 남았어요. 이번 주 온라인쇼핑은 D카드로 결제하세요.
C0866,CARD_E,NH농협카드 올바른 FLEX 카드,2025-12,0,0,0,300000.0,300000,0,0,0,0.0,0.0,온라인쇼핑,11번가,60500.0,E카드 스타벅스 50% 할인까지 30만 원 남았어요. 이번 주 온라인쇼핑은 E카드로 결제하세요.
C0867,CARD_A,신한카드 Mr.Life,2025-12,1068510,12,3,,0,3,30000,30000,,,,,,
C0867,CARD_B,KB국민카드 굿데이카드,2025-12,0,0,0,300000.0,300000,0,0,0,0.0,0.0,편의점,CU,10400.0,B카드 통신비 10% 할인까지 30만 원 남았어요. 이번 주 편의점은 B카드로 결제하세요.
C0867,CARD_C,하나카드 MOVING카드 ALLDAY모드,2025-12,38600,1,1,,0,1,190,190,,,,,,
C0867,CARD_D,삼성카드 삼성 iD SELECT ALL 카드,2025-12,0,0,0,400000.0,400000,0,0,0,0.0,0.0,장보기,홈플러스,190700.0,D카드 SELECT 7% 할인까지 40만 원 남았어요. 이번 주말 장보기는 D카드로 결제하세요.
C0867,CARD_E,NH농협카드 올바른 FLEX 카드,2025-12,0,0,0,300000.0,300000,0,0,0,0.0,0.0,편의점,CU,10400.0,E카드 스타벅스 50% 할인까지 30만 원 남았어요. 이번 주 편의점은 E카드로 결제하세요.
C0868,CARD_A,신한카드 Mr.Life,2025-12,106800,1,0,300000.0,193200,0,0,0,3000.0,3000.0,장보기,동네마트,760700.0,"A카드 공과금·편의점 10% 할인까지 19만 3,200원 남았어요. 이번 주말 장보기는 A카드로 결제하세요."
C0868,CARD_B,KB국민카드 굿데이카드,2025-12,20400,1,0,300000.0,279600,0,0,0,0.0,0.0,편의점,GS25,18900.0,"B카드 통신비 10% 할인까지 27만 9,600원 남았어요. 이번 주 편의점은 B카드로 결제하세요."
C0868,CARD_C,하나카드 MOVING카드 ALLDAY모드,2025-12,802500,10,1,,0,1,8020,8020,,,,,,
C0868,CARD_D,삼성카드 삼성 iD SELECT ALL 카드,2025-12,81100,1,0,400000.0,318900,0,0,0,6240.0,6240.0,장보기,동네마트,760700.0,"D카드 SELECT 7% 할인까지 31만 8,900원 남았어요. 이번 주말 장보기는 D카드로 결제하세요."
C0868,CARD_E,NH농협카드 올바른 FLEX 카드,2025-12,73200,2,0,300000.0,226800,0,0,0,0.0,0.0,구독료,쿠팡와우,38700.0,"E카드 스타벅스 50% 할인까지 22만 6,800원 남았어요. 이번 주 구독료는 E카드로 결제하세요."
C0869,CARD_A,신한카드 Mr.Life,2025-12,19150,2,0,300000.0,280850,0,0,0,0.0,0.0,장보기,동네마트,496800.0,A카드 공과금·편의점 10% 할인까지 28만 800원 남았어요. 이번 주말 장보기는 A카드로 결제하세요.
C0869,CARD_B,KB국민카드 굿데이카드,2025-12,0,0,0,300000.0,300000,0,0,0,0.0,0.0,외식,고깃집,76900.0,B카드 통신비 10% 할인까지 30만 원 남았어요. 이번 주 외식은 B카드로 결제하세요.
C0869,CARD_C,하나카드 MOVING카드 ALLDAY모드,2025-12,1164470,18,1,,0,1,11800,11800,,,,,,
C0869,CARD_D,삼성카드 삼성 iD SELECT ALL 카드,2025-12,508100,2,1,800000.0,291900,0,0,7000,10000.0,3000.0,장보기,동네마트,496800.0,"D카드 SELECT 한도 월 1만 원까지 29만 1,900원 남았어요. 이번 주말 장보기는 D카드로 결제하세요."
C0869,CARD_E,NH농협카드 올바른 FLEX 카드,2025-12,46700,1,0,300000.0,253300,0,0,0,0.0,0.0,구독료,티빙,67600.0,"E카드 스타벅스 50% 할인까지 25만 3,300원 남았어요. 이번 주 구독료는 E카드로 결제하세요."
C0870,CARD_A,신한카드 Mr.Life,2025-12,24100,1,0,300000.0,275900,0,0,0,0.0,0.0,커피,스타벅스,32900.0,"A카드 공과금·편의점 10% 할인까지 27만 5,900원 남았어요. 이번 주 커피는 A카드로 결제하세요."
C0870,CARD_B,KB국민카드 굿데이카드,2025-12,273600,5,0,300000.0,26400,0,0,0,0.0,0.0,커피,스타벅스,32900.0,"B카드 통신비 10% 할인까지 2만 6,400원 남았어요. 이번 주 커피는 B카드로 결제하세요."
C0870,CARD_C,하나카드 MOVING카드 ALLDAY모드,2025-12,9900,1,1,,0,1,50,50,,,,,,
C0870,CARD_D,삼성카드 삼성 iD SELECT ALL 카드,2025-12,34700,1,0,400000.0,365300,0,0,0,2670.0,2670.0,배달 주문,배달의민족,302000.0,"D카드 SELECT 7% 할인까지 36만 5,300원 남았어요. 이번 주 배달 주문은 D카드로 결제하세요."
C0870,CARD_E,NH농협카드 올바른 FLEX 카드,2025-12,624800,14,1,,0,1,8440,8440,,,,,,
C0871,CARD_A,신한카드 Mr.Life,2025-12,785280,26,2,1000000.0,214720,3,30190,27000,30190.0,3190.0,온라인쇼핑,네이버쇼핑,603000.0,"A카드 할인한도 월 5만 원까지 21만 4,700원 남았어요. 이번 주 온라인쇼핑은 A카드로 결제하세요."
C0871,CARD_B,KB국민카드 굿데이카드,2025-12,0,0,0,300000.0,300000,0,0,0,0.0,0.0,편의점,CU,12000.0,B카드 통신비 10% 할인까지 30만 원 남았어요. 이번 주 편의점은 B카드로 결제하세요.
C0871,CARD_C,하나카드 MOVING카드 ALLDAY모드,2025-12,20400,1,1,,0,1,100,100,,,,,,
C0871,CARD_D,삼성카드 삼성 iD SELECT ALL 카드,2025-12,0,0,0,400000.0,400000,0,0,0,0.0,0.0,온라인쇼핑,네이버쇼핑,603000.0,D카드 SELECT 7% 할인까지 40만 원 남았어요. 이번 주 온라인쇼핑은 D카드로 결제하세요.
C0871,CARD_E,NH농협카드 올바른 FLEX 카드,2025-12,0,0,0,300000.0,300000,0,0,0,0.0,0.0,온라인쇼핑,네이버쇼핑,603000.0,E카드 스타벅스 50% 할인까지 30만 원 남았어요. 이번 주 온라인쇼핑은 E카드로 결제하세요.
C0872,CARD_A,신한카드 Mr.Life,2025-12,0,0,0,300000.0,300000,0,0,0,0.0,0.0,장보기,홈플러스,34500.0,A카드 공과금·편의점 10% 할인까지 30만 원 남았어요. 이번 주말 장보기는 A카드로 결제하세요.
C0872,CARD_B,KB국민카드 굿데이카드,2025-12,0,0,0,300000.0,300000,0,0,0,0.0,0.0,교통비,티머니,8500.0,B카드 통신비 10% 할인까지 30만 원 남았어요. 이번 주 교통비는 B카드로 결제하세요.
C0872,CARD_C,하나카드 MOVING카드 ALLDAY모드,2025-12,226780,5,1,,0,1,1130,1130,,,,,,
C0872,CARD_D,삼성카드 삼성 iD SELECT ALL 카드,2025-12,0,0,0,400000.0,400000,0,0,0,0.0,0.0,장보기,홈플러스,34500.0,D카드 SELECT 7% 할인까지 40만 원 남았어요. 이번 주말 장보기는 D카드로 결제하세요.
C0872,CARD_E,NH농협카드 올바른 FLEX 카드,2025-12,134800,2,0,300000.0,165200,0,0,0,2400.0,2400.0,교통비,티머니,8500.0,"E카드 스타벅스 50% 할인까지 16만 5,200원 남았어요. 이번 주 교통비는 E카드로 결제하세요."
C0873,CARD_A,신한카드 Mr.Life,2025-12,2200,1,0,300000.0,297800,0,0,0,0.0,0.0,장보기,이마트,442600.0,"A카드 공과금·편의점 10% 할인까지 29만 7,800원 남았어요. 이번 주말 장보기는 A카드로 결제하세요."
C0873,CARD_B,KB국민카드 굿데이카드,2025-12,0,0,0,300000.0,300000,0,0,0,0.0,0.0,외식,김밥천국,111800.0,B카드 통신비 10% 할인까지 30만 원 남았어요. 이번 주 외식은 B카드로 결제하세요.
C0873,CARD_C,하나카드 MOVING카드 ALLDAY모드,2025-12,859870,13,1,,0,1,8630,8630,,,,,,
C0873,CARD_D,삼성카드 삼성 iD SELECT ALL 카드,2025-12,111500,1,0,400000.0,288500,0,0,0,7780.0,7780.0,장보기,이마트,442600.0,"D카드 SELECT 7% 할인까지 28만 8,500원 남았어요. 이번 주말 장보기는 D카드로 결제하세요."
C0873,CARD_E,NH농협카드 올바른 FLEX 카드,2025-12,0,0,0,300000.0,300000,0,0,0,0.0,0.0,구독료,어도비 Creative Cloud,50000.0,E카드 스타벅스 50% 할인까지 30만 원 남았어요. 이번 주 구독료는 E카드로 결제하세요.
C0874,CARD_A,신한카드 Mr.Life,2025-12,0,0,0,300000.0,300000,0,0,0,0.0,0.0,장보기,동네마트,385300.0,A카드 공과금·편의점 10% 할인까지 30만 원 남았어요. 이번 주말 장보기는 A카드로 결제하세요.
C0874,CARD_B,KB국민카드 굿데이카드,2025-12,83800,1,0,300000.0,216200,0,0,0,0.0,0.0,편의점,CU,12600.0,"B카드 통신비 10% 할인까지 21만 6,200원 남았어요. 이번 주 편의점은 B카드로 결제하세요."
C0874,CARD_C,하나카드 MOVING카드 ALLDAY모드,2025-12,0,0,1,,0,1,0,0,,,,,,
C0874,CARD_D,삼성카드 삼성 iD SELECT ALL 카드,2025-12,1813010,12,3,,0,1,20150,28150,,,,,,
C0874,CARD_E,NH농협카드 올바른 FLEX 카드,2025-12,0,0,0,300000.0,300000,0,0,0,0.0,0.0,편의점,CU,12600.0,E카드 스타벅스 50% 할인까지 30만 원 남았어요. 이번 주 편의점은 E카드로 결제하세요.
C0875,CARD_A,신한카드 Mr.Life,2025-12,0,0,0,300000.0,300000,0,0,0,0.0,0.0,커피,이디야커피,21700.0,A카드 공과금·편의점 10% 할인까지 30만 원 남았어요. 이번 주 커피는 A카드로 결제하세요.
C0875,CARD_B,KB국민카드 굿데이카드,2025-12,1450,1,0,300000.0,298550,0,0,0,140.0,140.0,커피,이디야커피,21700.0,"B카드 통신비 10% 할인까지 29만 8,600원 남았어요. 이번 주 커피는 B카드로 결제하세요."
C0875,CARD_C,하나카드 MOVING카드 ALLDAY모드,2025-12,247860,16,1,,0,1,2840,2840,,,,,,
C0875,CARD_D,삼성카드 삼성 iD SELECT ALL 카드,2025-12,0,0,0,400000.0,400000,0,0,0,0.0,0.0,외식,서브웨이,48500.0,D카드 SELECT 7% 할인까지 40만 원 남았어요. 이번 주 외식은 D카드로 결제하세요.
C0875,CARD_E,NH농협카드 올바른 FLEX 카드,2025-12,9020,2,0,300000.0,290980,0,0,0,380.0,380.0,커피,이디야커피,21700.0,"E카드 스타벅스 50% 할인까지 29만 1,000원 남았어요. 이번 주 커피는 E카드로 결제하세요."
C0876,CARD_A,신한카드 Mr.Life,2025-12,0,0,0,300000.0,300000,0,0,0,0.0,0.0,장보기,동네마트,311200.0,A카드 공과금·편의점 10% 할인까지 30만 원 남았어요. 이번 주말 장보기는 A카드로 결제하세요.
C0876,CARD_B,KB국민카드 굿데이카드,2025-12,93200,2,0,300000.0,206800,0,0,0,3000.0,3000.0,외식,한식뷔페,30400.0,"B카드 통신비 10% 할인까지 20만 6,800원 남았어요. 이번 주 외식은 B카드로 결제하세요."
C0876,CARD_C,하나카드 MOVING카드 ALLDAY모드,2025-12,2791950,18,1,,0,1,28370,28370,,,,,,
C0876,CARD_D,삼성카드 삼성 iD SELECT ALL 카드,2025-12,119100,1,0,400000.0,280900,0,0,0,7830.0,7830.0,생활용품 구매,한샘,959200.0,D카드 SELECT 7% 할인까지 28만 900원 남았어요. 이번 주말 생활용품 구매는 D카드로 결제하세요.
C0876,CARD_E,NH농협카드 올바른 FLEX 카드,2025-12,0,0,0,300000.0,300000,0,0,0,0.0,0.0,배달 주문,쿠팡이츠,55700.0,E카드 스타벅스 50% 할인까지 30만 원 남았어요. 이번 주 배달 주문은 E카드로 결제하세요.
C0877,CARD_A,신한카드 Mr.Life,2025-12,136000,1,0,300000.0,164000,0,0,0,0.0,0.0,커피,빽다방,41400.0,"A카드 공과금·편의점 10% 할인까지 16만 4,000원 남았어요. 이번 주 커피는 A카드로 결제하세요."
C0877,CARD_B,KB국민카드 굿데이카드,2025-12,0,0,0,300000.0,300000,0,0,0,0.0,0.0,커피,빽다방,41400.0,B카드 통신비 10% 할인까지 30만 원 남았어요. 이번 주 커피는 B카드로 결제하세요.
C0877,CARD_C,하나카드 MOVING카드 ALLDAY모드,2025-12,604990,20,1,,0,1,6050,6050,,,,,,
C0877,CARD_D,삼성카드 삼성 iD SELECT ALL 카드,2025-12,242100,1,0,400000.0,157900,1,8690,0,8690.0,8690.0,온라인쇼핑,쿠팡,281200.0,"D카드 SELECT 7% 할인까지 15만 7,900원 남았어요. 이번 주 온라인쇼핑은 D카드로 결제하세요."
C0877,CARD_E,NH농협카드 올바른 FLEX 카드,2025-12,0,0,0,300000.0,300000,0,0,0,0.0,0.0,커피,빽다방,41400.0,E카드 스타벅스 50% 할인까지 30만 원 남았어요. 이번 주 커피는 E카드로 결제하세요.
C0878,CARD_A,신한카드 Mr.Life,2025-12,20900,2,0,300000.0,279100,0,0,0,0.0,0.0,편의점,CU,20100.0,"A카드 공과금·편의점 10% 할인까지 27만 9,100원 남았어요. 이번 주 편의점은 A카드로 결제하세요."
C0878,CARD_B,KB국민카드 굿데이카드,2025-12,273400,2,0,300000.0,26600,0,0,0,0.0,0.0,편의점,CU,20100.0,"B카드 통신비 10% 할인까지 2만 6,600원 남았어요. 이번 주 편의점은 B카드로 결제하세요."
C0878,CARD_C,하나카드 MOVING카드 ALLDAY모드,2025-12,0,0,1,,0,1,0,0,,,,,,
C0878,CARD_D,삼성카드 삼성 iD SELECT ALL 카드,2025-12,159670,2,0,400000.0,240330,0,0,0,8120.0,8120.0,구독료,스포티파이,92500.0,D카드 SELECT 7% 할인까지 24만 300원 남았어요. 이번 주 구독료는 D카드로 결제하세요.
C0878,CARD_E,NH농협카드 올바른 FLEX 카드,2025-12,918890,15,1,,0,1,13880,13880,,,,,,
C0879,CARD_A,신한카드 Mr.Life,2025-12,12000,1,0,300000.0,288000,0,0,0,0.0,0.0,편의점,GS25,5300.0,"A카드 공과금·편의점 10% 할인까지 28만 8,000원 남았어요. 이번 주 편의점은 A카드로 결제하세요."
C0879,CARD_B,KB국민카드 굿데이카드,2025-12,125100,7,0,300000.0,174900,0,0,0,0.0,0.0,편의점,GS25,5300.0,"B카드 통신비 10% 할인까지 17만 4,900원 남았어요. 이번 주 편의점은 B카드로 결제하세요."
C0879,CARD_C,하나카드 MOVING카드 ALLDAY모드,2025-12,0,0,1,,0,1,0,0,,,,,,
C0879,CARD_D,삼성카드 삼성 iD SELECT ALL 카드,2025-12,0,0,0,400000.0,400000,0,0,0,0.0,0.0,구독료,웨이브,51900.0,D카드 SELECT 7% 할인까지 40만 원 남았어요. 이번 주 구독료는 D카드로 결제하세요.
C0879,CARD_E,NH농협카드 올바른 FLEX 카드,2025-12,0,0,0,300000.0,300000,0,0,0,0.0,0.0,구독료,웨이브,51900.0,E카드 스타벅스 50% 할인까지 30만 원 남았어요. 이번 주 구독료는 E카드로 결제하세요.
C0880,CARD_A,신한카드 Mr.Life,2025-12,370070,10,1,500000.0,129930,2,13140,9960,13140.0,3170.0,장보기,롯데마트,135500.0,"A카드 할인한도 월 3.4만 원까지 12만 9,900원 남았어요. 이번 주말 장보기는 A카드로 결제하세요."
C0880,CARD_B,KB국민카드 굿데이카드,2025-12,0,0,0,300000.0,300000,0,0,0,0.0,0.0,커피,폴바셋,8800.0,B카드 통신비 10% 할인까지 30만 원 남았어요. 이번 주 커피는 B카드로 결제하세요.
C0880,CARD_C,하나카드 MOVING카드 ALLDAY모드,2025-12,0,0,1,,0,1,0,0,,,,,,
C0880,CARD_D,삼성카드 삼성 iD SELECT ALL 카드,2025-12,0,0,0,400000.0,400000,0,0,0,0.0,0.0,배달 주문,배달의민족,89700.0,D카드 SELECT 7% 할인까지 40만 원 남았어요. 이번 주 배달 주문은 D카드로 결제하세요.
C0880,CARD_E,NH농협카드 올바른 FLEX 카드,2025-12,0,0,0,300000.0,300000,0,0,0,0.0,0.0,배달 주문,배달의민족,89700.0,E카드 스타벅스 50% 할인까지 30만 원 남았어요. 이번 주 배달 주문은 E카드로 결제하세요.
C0881,CARD_A,신한카드 Mr.Life,2025-12,843290,13,2,1000000.0,156710,3,27940,24940,27940.0,3000.0,외식,동네식당,237200.0,"A카드 할인한도 월 5만 원까지 15만 6,700원 남았어요. 이번 주 외식은 A카드로 결제하세요."
C0881,CARD_B,KB국민카드 굿데이카드,2025-12,0,0,0,300000.0,300000,0,0,0,0.0,0.0,외식,동네식당,237200.0,B카드 통신비 10% 할인까지 30만 원 남았어요. 이번 주 외식은 B카드로 결제하세요.
C0881,CARD_C,하나카드 MOVING카드 ALLDAY모드,2025-12,0,0,1,,0,1,0,0,,,,,,
C0881,CARD_D,삼성카드 삼성 iD SELECT ALL 카드,2025-12,0,0,0,400000.0,400000,0,0,0,0.0,0.0,외식,동네식당,237200.0,D카드 SELECT 7% 할인까지 40만 원 남았어요. 이번 주 외식은 D카드로 결제하세요.
C0881,CARD_E,NH농협카드 올바른 FLEX 카드,2025-12,0,0,0,300000.0,300000,1,0,0,0.0,0.0,편의점,세븐일레븐,17500.0,E카드 스타벅스 50% 할인까지 30만 원 남았어요. 이번 주 편의점은 E카드로 결제하세요.
C0882,CARD_A,신한카드 Mr.Life,2025-12,0,0,0,300000.0,300000,0,0,0,0.0,0.0,온라인쇼핑,G마켓,146100.0,A카드 공과금·편의점 10% 할인까지 30만 원 남았어요. 이번 주 온라인쇼핑은 A카드로 결제하세요.
C0882,CARD_B,KB국민카드 굿데이카드,2025-12,0,0,0,300000.0,300000,0,0,0,0.0,0.0,커피,동네로스터리,9700.0,B카드 통신비 10% 할인까지 30만 원 남았어요. 이번 주 커피는 B카드로 결제하세요.
C0882,CARD_C,하나카드 MOVING카드 ALLDAY모드,2025-12,424000,11,1,,0,1,4240,4240,,,,,,
C0882,CARD_D,삼성카드 삼성 iD SELECT ALL 카드,2025-12,31700,1,0,400000.0,368300,0,0,0,2440.0,2440.0,구독료,멜론,30100.0,"D카드 SELECT 7% 할인까지 36만 8,300원 남았어요. 이번 주 구독료는 D카드로 결제하세요."
C0882,CARD_E,NH농협카드 올바른 FLEX 카드,2025-12,0,0,0,300000.0,300000,0,0,0,0.0,0.0,구독료,멜론,30100.0,E카드 스타벅스 50% 할인까지 30만 원 남았어요. 이번 주 구독료는 E카드로 결제하세요.
C0883,CARD_A,신한카드 Mr.Life,2025-12,12800,1,0,300000.0,287200,0,0,0,1280.0,1280.0,병원·약국,약국,230800.0,"A카드 공과금·편의점 10% 할인까지 28만 7,200원 남았어요. 이번 주 병원·약국은 A카드로 결제하세요."
C0883,CARD_B,KB국민카드 굿데이카드,2025-12,526300,1,1,600000.0,73700,0,0,0,0.0,0.0,교통비,티머니,13100.0,"B카드 외식·커피 10% 할인까지 7만 3,700원 남았어요. 이번 주 교통비는 B카드로 결제하세요."
C0883,CARD_C,하나카드 MOVING카드 ALLDAY모드,2025-12,295380,12,1,,0,1,3020,3020,,,,,,
C0883,CARD_D,삼성카드 삼성 iD SELECT ALL 카드,2025-12,0,0,0,400000.0,400000,0,0,0,0.0,0.0,병원·약국,약국,230800.0,D카드 SELECT 7% 할인까지 40만 원 남았어요. 이번 주 병원·약국은 D카드로 결제하세요.
C0883,CARD_E,NH농협카드 올바른 FLEX 카드,2025-12,0,0,0,300000.0,300000,0,0,0,0.0,0.0,구독료,웨이브,20800.0,E카드 스타벅스 50% 할인까지 30만 원 남았어요. 이번 주 구독료는 E카드로 결제하세요.
C0884,CARD_A,신한카드 Mr.Life,2025-12,704490,17,2,1000000.0,295510,3,21990,21990,21990.0,0.0,커피,스타벅스,31500.0,"A카드 할인한도 월 5만 원까지 29만 5,500원 남았어요. 이번 주 커피는 A카드로 결제하세요."
C0884,CARD_B,KB국민카드 굿데이카드,2025-12,15620,2,0,300000.0,284380,0,0,0,0.0,0.0,커피,스타벅스,31500.0,"B카드 통신비 10% 할인까지 28만 4,400원 남았어요. 이번 주 커피는 B카드로 결제하세요."
C0884,CARD_C,하나카드 MOVING카드 ALLDAY모드,2025-12,33700,1,1,,0,1,170,170,,,,,,
C0884,CARD_D,삼성카드 삼성 iD SELECT ALL 카드,2025-12,47500,3,0,400000.0,352500,0,0,0,2440.0,2440.0,배달 주문,배달의민족,240100.0,"D카드 SELECT 7% 할인까지 35만 2,500원 남았어요. 이번 주 배달 주문은 D카드로 결제하세요."
C0884,CARD_E,NH농협카드 올바른 FLEX 카드,2025-12,0,0,0,300000.0,300000,0,0,0,0.0,0.0,배달 주문,배달의민족,240100.0,E카드 스타벅스 50% 할인까지 30만 원 남았어요. 이번 주 배달 주문은 E카드로 결제하세요.
C0885,CARD_A,신한카드 Mr.Life,2025-12,853420,12,2,1000000.0,146580,1,10480,11280,11280.0,0.0,커피,스타벅스,20000.0,"A카드 할인한도 월 5만 원까지 14만 6,600원 남았어요. 이번 주 커피는 A카드로 결제하세요."
C0885,CARD_B,KB국민카드 굿데이카드,2025-12,14900,1,0,300000.0,285100,0,0,0,0.0,0.0,커피,스타벅스,20000.0,"B카드 통신비 10% 할인까지 28만 5,100원 남았어요. 이번 주 커피는 B카드로 결제하세요."
C0885,CARD_C,하나카드 MOVING카드 ALLDAY모드,2025-12,61840,2,1,,0,1,310,310,,,,,,
C0885,CARD_D,삼성카드 삼성 iD SELECT ALL 카드,2025-12,0,0,0,400000.0,400000,0,0,0,0.0,0.0,생활용품 구매,오늘의집,134900.0,D카드 SELECT 7% 할인까지 40만 원 남았어요. 이번 주말 생활용품 구매는 D카드로 결제하세요.
C0885,CARD_E,NH농협카드 올바른 FLEX 카드,2025-12,0,0,0,300000.0,300000,0,0,0,0.0,0.0,커피,스타벅스,20000.0,E카드 스타벅스 50% 할인까지 30만 원 남았어요. 이번 주 커피는 E카드로 결제하세요.
C0886,CARD_A,신한카드 Mr.Life,2025-12,0,0,0,300000.0,300000,0,0,0,0.0,0.0,장보기,동네마트,387100.0,A카드 공과금·편의점 10% 할인까지 30만 원 남았어요. 이번 주말 장보기는 A카드로 결제하세요.
C0886,CARD_B,KB국민카드 굿데이카드,2025-12,0,0,0,300000.0,300000,0,0,0,0.0,0.0,교통비,카카오T,48600.0,B카드 통신비 10% 할인까지 30만 원 남았어요. 이번 주 교통비는 B카드로 결제하세요.
C0886,CARD_C,하나카드 MOVING카드 ALLDAY모드,2025-12,875000,1,1,,0,1,4380,4380,,,,,,
C0886,CARD_D,삼성카드 삼성 iD SELECT ALL 카드,2025-12,1568700,7,3,,0,1,10980,10980,,,,,,
C0886,CARD_E,NH농협카드 올바른 FLEX 카드,2025-12,0,0,0,300000.0,300000,0,0,0,0.0,0.0,교통비,카카오T,48600.0,E카드 스타벅스 50% 할인까지 30만 원 남았어요. 이번 주 교통비는 E카드로 결제하세요.
C0887,CARD_A,신한카드 Mr.Life,2025-12,2196250,22,3,,0,2,14870,14870,,,,,,
C0887,CARD_B,KB국민카드 굿데이카드,2025-12,40410,2,0,300000.0,259590,0,0,0,0.0,0.0,커피,스타벅스,18000.0,"B카드 통신비 10% 할인까지 25만 9,600원 남았어요. 이번 주 커피는 B카드로 결제하세요."
C0887,CARD_C,하나카드 MOVING카드 ALLDAY모드,2025-12,0,0,1,,0,1,0,0,,,,,,
C0887,CARD_D,삼성카드 삼성 iD SELECT ALL 카드,2025-12,12000,1,0,400000.0,388000,0,0,0,80.0,80.0,구독료,스포티파이,36100.0,"D카드 SELECT 7% 할인까지 38만 8,000원 남았어요. 이번 주 구독료는 D카드로 결제하세요."
C0887,CARD_E,NH농협카드 올바른 FLEX 카드,2025-12,0,0,0,300000.0,300000,0,0,0,0.0,0.0,커피,스타벅스,18000.0,E카드 스타벅스 50% 할인까지 30만 원 남았어요. 이번 주 커피는 E카드로 결제하세요.
C0888,CARD_A,신한카드 Mr.Life,2025-12,0,0,0,300000.0,300000,0,0,0,0.0,0.0,장보기,코스트코,150100.0,A카드 공과금·편의점 10% 할인까지 30만 원 남았어요. 이번 주말 장보기는 A카드로 결제하세요.
C0888,CARD_B,KB국민카드 굿데이카드,2025-12,0,0,0,300000.0,300000,0,0,0,0.0,0.0,편의점,CU,5900.0,B카드 통신비 10% 할인까지 30만 원 남았어요. 이번 주 편의점은 B카드로 결제하세요.
C0888,CARD_C,하나카드 MOVING카드 ALLDAY모드,2025-12,53320,4,1,,0,1,270,270,,,,,,
C0888,CARD_D,삼성카드 삼성 iD SELECT ALL 카드,2025-12,0,0,0,400000.0,400000,0,0,0,0.0,0.0,장보기,코스트코,150100.0,D카드 SELECT 7% 할인까지 40만 원 남았어요. 이번 주말 장보기는 D카드로 결제하세요.
C0888,CARD_E,NH농협카드 올바른 FLEX 카드,2025-12,0,0,0,300000.0,300000,0,0,0,0.0,0.0,배달 주문,쿠팡이츠,28300.0,E카드 스타벅스 50% 할인까지 30만 원 남았어요. 이번 주 배달 주문은 E카드로 결제하세요.
C0889,CARD_A,신한카드 Mr.Life,2025-12,2075420,38,3,,0,3,13790,13790,,,,,,
C0889,CARD_B,KB국민카드 굿데이카드,2025-12,16940,2,0,300000.0,283060,0,0,0,0.0,0.0,커피,스타벅스,66600.0,"B카드 통신비 10% 할인까지 28만 3,100원 남았어요. 이번 주 커피는 B카드로 결제하세요."
C0889,CARD_C,하나카드 MOVING카드 ALLDAY모드,2025-12,19190,2,1,,0,1,100,100,,,,,,
C0889,CARD_D,삼성카드 삼성 iD SELECT ALL 카드,2025-12,0,0,0,400000.0,400000,0,0,0,0.0,0.0,배달 주문,배달의민족,364500.0,D카드 SELECT 7% 할인까지 40만 원 남았어요. 이번 주 배달 주문은 D카드로 결제하세요.
C0889,CARD_E,NH농협카드 올바른 FLEX 카드,2025-12,9760,1,0,300000.0,290240,0,0,0,0.0,0.0,배달 주문,배달의민족,364500.0,E카드 스타벅스 50% 할인까지 29만 200원 남았어요. 이번 주 배달 주문은 E카드로 결제하세요.
C0890,CARD_A,신한카드 Mr.Life,2025-12,0,0,0,300000.0,300000,0,0,0,0.0,0.0,편의점,CU,35400.0,A카드 공과금·편의점 10% 할인까지 30만 원 남았어요. 이번 주 편의점은 A카드로 결제하세요.
C0890,CARD_B,KB국민카드 굿데이카드,2025-12,17240,2,0,300000.0,282760,0,0,0,0.0,0.0,편의점,CU,35400.0,"B카드 통신비 10% 할인까지 28만 2,800원 남았어요. 이번 주 편의점은 B카드로 결제하세요."
C0890,CARD_C,하나카드 MOVING카드 ALLDAY모드,2025-12,7590,1,1,,0,1,40,40,,,,,,
C0890,CARD_D,삼성카드 삼성 iD SELECT ALL 카드,2025-12,30160,2,0,400000.0,369840,0,0,0,2090.0,2090.0,편의점,CU,35400.0,"D카드 SELECT 7% 할인까지 36만 9,800원 남았어요. 이번 주 편의점은 D카드로 결제하세요."
C0890,CARD_E,NH농협카드 올바른 FLEX 카드,2025-12,378420,13,1,,0,1,16510,16510,,,,,,
C0891,CARD_A,신한카드 Mr.Life,2025-12,0,0,0,300000.0,300000,0,0,0,0.0,0.0,주유,알뜰주유소,203400.0,A카드 공과금·편의점 10% 할인까지 30만 원 남았어요. 이번 주말 주유는 A카드로 결제하세요.
C0891,CARD_B,KB국민카드 굿데이카드,2025-12,55400,1,0,300000.0,244600,0,0,0,3000.0,3000.0,주유,알뜰주유소,203400.0,"B카드 통신비 10% 할인까지 24만 4,600원 남았어요. 이번 주말 주유는 B카드로 결제하세요."
C0891,CARD_C,하나카드 MOVING카드 ALLDAY모드,2025-12,0,0,1,,0,1,0,0,,,,,,
C0891,CARD_D,삼성카드 삼성 iD SELECT ALL 카드,2025-12,515220,15,1,800000.0,284780,1,14000,14000,19260.0,5260.0,주유,알뜰주유소,203400.0,"D카드 SELECT 한도 월 1만 원까지 28만 4,800원 남았어요. 이번 주말 주유는 D카드로 결제하세요."
C0891,CARD_E,NH농협카드 올바른 FLEX 카드,2025-12,0,0,0,300000.0,300000,0,0,0,0.0,0.0,편의점,GS25,11200.0,E카드 스타벅스 50% 할인까지 30만 원 남았어요. 이번 주 편의점은 E카드로 결제하세요.
C0892,CARD_A,신한카드 Mr.Life,2025-12,459550,12,1,500000.0,40450,0,0,3860,6540.0,2680.0,편의점,세븐일레븐,10000.0,A카드 할인한도 월 3.4만 원까지 4만 400원 남았어요. 이번 주 편의점은 A카드로 결제하세요.
C0892,CARD_B,KB국민카드 굿데이카드,2025-12,3040,1,0,300000.0,296960,0,0,0,0.0,0.0,편의점,세븐일레븐,10000.0,"B카드 통신비 10% 할인까지 29만 7,000원 남았어요. 이번 주 편의점은 B카드로 결제하세요."
C0892,CARD_C,하나카드 MOVING카드 ALLDAY모드,2025-12,0,0,1,,0,1,0,0,,,,,,
C0892,CARD_D,삼성카드 삼성 iD SELECT ALL 카드,2025-12,0,0,0,400000.0,400000,0,0,0,0.0,0.0,편의점,세븐일레븐,10000.0,D카드 SELECT 7% 할인까지 40만 원 남았어요. 이번 주 편의점은 D카드로 결제하세요.
C0892,CARD_E,NH농협카드 올바른 FLEX 카드,2025-12,0,0,0,300000.0,300000,0,0,0,0.0,0.0,편의점,세븐일레븐,10000.0,E카드 스타벅스 50% 할인까지 30만 원 남았어요. 이번 주 편의점은 E카드로 결제하세요.
C0893,CARD_A,신한카드 Mr.Life,2025-12,0,0,0,300000.0,300000,0,0,0,0.0,0.0,온라인쇼핑,쿠팡,92400.0,A카드 공과금·편의점 10% 할인까지 30만 원 남았어요. 이번 주 온라인쇼핑은 A카드로 결제하세요.
C0893,CARD_B,KB국민카드 굿데이카드,2025-12,259900,1,0,300000.0,40100,0,0,0,0.0,0.0,편의점,CU,12700.0,B카드 통신비 10% 할인까지 4만 100원 남았어요. 이번 주 편의점은 B카드로 결제하세요.
C0893,CARD_C,하나카드 MOVING카드 ALLDAY모드,2025-12,0,0,1,,0,1,0,0,,,,,,
C0893,CARD_D,삼성카드 삼성 iD SELECT ALL 카드,2025-12,2850,1,0,400000.0,397150,0,0,0,20.0,20.0,온라인쇼핑,쿠팡,92400.0,"D카드 SELECT 7% 할인까지 39만 7,200원 남았어요. 이번 주 온라인쇼핑은 D카드로 결제하세요."
C0893,CARD_E,NH농협카드 올바른 FLEX 카드,2025-12,1032430,20,1,,0,1,7950,7950,,,,,,
C0894,CARD_A,신한카드 Mr.Life,2025-12,0,0,0,300000.0,300000,0,0,0,0.0,0.0,커피,스타벅스,18000.0,A카드 공과금·편의점 10% 할인까지 30만 원 남았어요. 이번 주 커피는 A카드로 결제하세요.
C0894,CARD_B,KB국민카드 굿데이카드,2025-12,0,0,0,300000.0,300000,0,0,0,0.0,0.0,커피,스타벅스,18000.0,B카드 통신비 10% 할인까지 30만 원 남았어요. 이번 주 커피는 B카드로 결제하세요.
C0894,CARD_C,하나카드 MOVING카드 ALLDAY모드,2025-12,267550,12,1,,0,1,1340,1340,,,,,,
C0894,CARD_D,삼성카드 삼성 iD SELECT ALL 카드,2025-12,0,0,0,400000.0,400000,0,0,0,0.0,0.0,외식,동네식당,46200.0,D카드 SELECT 7% 할인까지 40만 원 남았어요. 이번 주 외식은 D카드로 결제하세요.
C0894,CARD_E,NH농협카드 올바른 FLEX 카드,2025-12,32760,2,0,300000.0,267240,0,0,0,3510.0,3510.0,커피,스타벅스,18000.0,"E카드 스타벅스 50% 할인까지 26만 7,200원 남았어요. 이번 주 커피는 E카드로 결제하세요."
C0895,CARD_A,신한카드 Mr.Life,2025-12,433560,17,1,500000.0,66440,3,3680,3680,3680.0,0.0,편의점,CU,46800.0,"A카드 할인한도 월 3.4만 원까지 6만 6,400원 남았어요. 이번 주 편의점은 A카드로 결제하세요."
C0895,CARD_B,KB국민카드 굿데이카드,2025-12,47500,2,0,300000.0,252500,0,0,0,0.0,0.0,편의점,CU,46800.0,"B카드 통신비 10% 할인까지 25만 2,500원 남았어요. 이번 주 편의점은 B카드로 결제하세요."
C0895,CARD_C,하나카드 MOVING카드 ALLDAY모드,2025-12,67960,3,1,,0,1,340,340,,,,,,
C0895,CARD_D,삼성카드 삼성 iD SELECT ALL 카드,2025-12,11900,1,0,400000.0,388100,0,0,0,80.0,80.0,편의점,CU,46800.0,"D카드 SELECT 7% 할인까지 38만 8,100원 남았어요. 이번 주 편의점은 D카드로 결제하세요."
C0895,CARD_E,NH농협카드 올바른 FLEX 카드,2025-12,0,0,0,300000.0,300000,0,0,0,0.0,0.0,편의점,CU,46800.0,E카드 스타벅스 50% 할인까지 30만 원 남았어요. 이번 주 편의점은 E카드로 결제하세요.
C0896,CARD_A,신한카드 Mr.Life,2025-12,632300,11,2,1000000.0,367700,2,6560,6560,6560.0,0.0,외식,김밥천국,128500.0,"A카드 할인한도 월 5만 원까지 36만 7,700원 남았어요. 이번 주 외식은 A카드로 결제하세요."
C0896,CARD_B,KB국민카드 굿데이카드,2025-12,35800,1,0,300000.0,264200,0,0,0,0.0,0.0,외식,김밥천국,128500.0,"B카드 통신비 10% 할인까지 26만 4,200원 남았어요. 이번 주 외식은 B카드로 결제하세요."
C0896,CARD_C,하나카드 MOVING카드 ALLDAY모드,2025-12,58000,2,1,,0,1,290,290,,,,,,
C0896,CARD_D,삼성카드 삼성 iD SELECT ALL 카드,2025-12,22180,2,0,400000.0,377820,0,0,0,5160.0,5160.0,구독료,유튜브 프리미엄,97400.0,"D카드 SELECT 7% 할인까지 37만 7,800원 남았어요. 이번 주 구독료는 D카드로 결제하세요."
C0896,CARD_E,NH농협카드 올바른 FLEX 카드,2025-12,350100,4,1,,0,0,0,0,,,,,,
C0897,CARD_A,신한카드 Mr.Life,2025-12,1535070,17,3,,0,3,15150,15150,,,,,,
C0897,CARD_B,KB국민카드 굿데이카드,2025-12,167400,2,0,300000.0,132600,0,0,0,0.0,0.0,커피,빽다방,9400.0,"B카드 통신비 10% 할인까지 13만 2,600원 남았어요. 이번 주 커피는 B카드로 결제하세요."
C0897,CARD_C,하나카드 MOVING카드 ALLDAY모드,2025-12,0,0,1,,0,1,0,0,,,,,,
C0897,CARD_D,삼성카드 삼성 iD SELECT ALL 카드,2025-12,0,0,0,400000.0,400000,0,0,0,0.0,0.0,장보기,코스트코,496900.0,D카드 SELECT 7% 할인까지 40만 원 남았어요. 이번 주말 장보기는 D카드로 결제하세요.
C0897,CARD_E,NH농협카드 올바른 FLEX 카드,2025-12,0,0,0,300000.0,300000,0,0,0,0.0,0.0,배달 주문,요기요,56800.0,E카드 스타벅스 50% 할인까지 30만 원 남았어요. 이번 주 배달 주문은 E카드로 결제하세요.
C0898,CARD_A,신한카드 Mr.Life,2025-12,0,0,0,300000.0,300000,0,0,0,0.0,0.0,외식,동네식당,85400.0,A카드 공과금·편의점 10% 할인까지 30만 원 남았어요. 이번 주 외식은 A카드로 결제하세요.
C0898,CARD_B,KB국민카드 굿데이카드,2025-12,267300,1,0,300000.0,32700,0,0,0,0.0,0.0,외식,동네식당,85400.0,"B카드 통신비 10% 할인까지 3만 2,700원 남았어요. 이번 주 외식은 B카드로 결제하세요."
C0898,CARD_C,하나카드 MOVING카드 ALLDAY모드,2025-12,0,0,1,,0,1,0,0,,,,,,
C0898,CARD_D,삼성카드 삼성 iD SELECT ALL 카드,2025-12,1752010,9,3,,0,2,22260,24600,,,,,,
C0898,CARD_E,NH농협카드 올바른 FLEX 카드,2025-12,0,0,0,300000.0,300000,0,0,0,0.0,0.0,편의점,GS25,24000.0,E카드 스타벅스 50% 할인까지 30만 원 남았어요. 이번 주 편의점은 E카드로 결제하세요.
C0899,CARD_A,신한카드 Mr.Life,2025-12,136250,7,0,300000.0,163750,1,3440,0,3440.0,3440.0,외식,서브웨이,129000.0,"A카드 공과금·편의점 10% 할인까지 16만 3,800원 남았어요. 이번 주 외식은 A카드로 결제하세요."
C0899,CARD_B,KB국민카드 굿데이카드,2025-12,0,0,0,300000.0,300000,0,0,0,0.0,0.0,외식,서브웨이,129000.0,B카드 통신비 10% 할인까지 30만 원 남았어요. 이번 주 외식은 B카드로 결제하세요.
C0899,CARD_C,하나카드 MOVING카드 ALLDAY모드,2025-12,0,0,1,,0,1,0,0,,,,,,
C0899,CARD_D,삼성카드 삼성 iD SELECT ALL 카드,2025-12,0,0,0,400000.0,400000,0,0,0,0.0,0.0,외식,서브웨이,129000.0,D카드 SELECT 7% 할인까지 40만 원 남았어요. 이번 주 외식은 D카드로 결제하세요.
C0899,CARD_E,NH농협카드 올바른 FLEX 카드,2025-12,0,0,0,300000.0,300000,0,0,0,0.0,0.0,구독료,네이버플러스 멤버십,25400.0,E카드 스타벅스 50% 할인까지 30만 원 남았어요. 이번 주 구독료는 E카드로 결제하세요.
C0900,CARD_A,신한카드 Mr.Life,2025-12,10900,1,0,300000.0,289100,0,0,0,0.0,0.0,장보기,쿠팡프레시,687700.0,"A카드 공과금·편의점 10% 할인까지 28만 9,100원 남았어요. 이번 주말 장보기는 A카드로 결제하세요."
C0900,CARD_B,KB국민카드 굿데이카드,2025-12,0,0,0,300000.0,300000,0,0,0,0.0,0.0,교통비,카카오T,38200.0,B카드 통신비 10% 할인까지 30만 원 남았어요. 이번 주 교통비는 B카드로 결제하세요.
C0900,CARD_C,하나카드 MOVING카드 ALLDAY모드,2025-12,743300,11,1,,0,1,7430,7430,,,,,,
C0900,CARD_D,삼성카드 삼성 iD SELECT ALL 카드,2025-12,0,0,0,400000.0,400000,0,0,0,0.0,0.0,장보기,쿠팡프레시,687700.0,D카드 SELECT 7% 할인까지 40만 원 남았어요. 이번 주말 장보기는 D카드로 결제하세요.
C0900,CARD_E,NH농협카드 올바른 FLEX 카드,2025-12,29900,1,0,300000.0,270100,1,0,0,0.0,0.0,구독료,멜론,59000.0,E카드 스타벅스 50% 할인까지 27만 100원 남았어요. 이번 주 구독료는 E카드로 결제하세요.
C0901,CARD_A,신한카드 Mr.Life,2025-12,90600,1,0,300000.0,209400,0,0,0,0.0,0.0,장보기,쿠팡프레시,287900.0,"A카드 공과금·편의점 10% 할인까지 20만 9,400원 남았어요. 이번 주말 장보기는 A카드로 결제하세요."
C0901,CARD_B,KB국민카드 굿데이카드,2025-12,124500,3,0,300000.0,175500,0,0,0,0.0,0.0,교통비,티머니,62500.0,"B카드 통신비 10% 할인까지 17만 5,500원 남았어요. 이번 주 교통비는 B카드로 결제하세요."
C0901,CARD_C,하나카드 MOVING카드 ALLDAY모드,2025-12,492570,13,1,,0,1,5420,5420,,,,,,
C0901,CARD_D,삼성카드 삼성 iD SELECT ALL 카드,2025-12,52200,1,0,400000.0,347800,0,0,0,4020.0,4020.0,장보기,쿠팡프레시,287900.0,"D카드 SELECT 7% 할인까지 34만 7,800원 남았어요. 이번 주말 장보기는 D카드로 결제하세요."
C0901,CARD_E,NH농협카드 올바른 FLEX 카드,2025-12,118300,2,0,300000.0,181700,0,0,0,0.0,0.0,교통비,티머니,62500.0,"E카드 스타벅스 50% 할인까지 18만 1,700원 남았어요. 이번 주 교통비는 E카드로 결제하세요."
C0902,CARD_A,신한카드 Mr.Life,2025-12,101450,2,0,300000.0,198550,0,0,0,0.0,0.0,커피,스타벅스,63600.0,"A카드 공과금·편의점 10% 할인까지 19만 8,600원 남았어요. 이번 주 커피는 A카드로 결제하세요."
C0902,CARD_B,KB국민카드 굿데이카드,2025-12,497990,17,1,600000.0,102010,2,8430,3430,8430.0,5000.0,커피,스타벅스,63600.0,"B카드 외식·커피 10% 할인까지 10만 2,000원 남았어요. 이번 주 커피는 B카드로 결제하세요."
C0902,CARD_C,하나카드 MOVING카드 ALLDAY모드,2025-12,83050,5,1,,0,1,1200,1200,,,,,,
C0902,CARD_D,삼성카드 삼성 iD SELECT ALL 카드,2025-12,0,0,0,400000.0,400000,0,0,0,0.0,0.0,배달 주문,쿠팡이츠,92000.0,D카드 SELECT 7% 할인까지 40만 원 남았어요. 이번 주 배달 주문은 D카드로 결제하세요.
C0902,CARD_E,NH농협카드 올바른 FLEX 카드,2025-12,0,0,0,300000.0,300000,0,0,0,0.0,0.0,커피,스타벅스,63600.0,E카드 스타벅스 50% 할인까지 30만 원 남았어요. 이번 주 커피는 E카드로 결제하세요.
C0903,CARD_A,신한카드 Mr.Life,2025-12,15700,1,0,300000.0,284300,0,0,0,1570.0,1570.0,온라인쇼핑,네이버쇼핑,148200.0,"A카드 공과금·편의점 10% 할인까지 28만 4,300원 남았어요. 이번 주 온라인쇼핑은 A카드로 결제하세요."
C0903,CARD_B,KB국민카드 굿데이카드,2025-12,23300,1,0,300000.0,276700,0,0,0,0.0,0.0,교통비,티머니,10200.0,"B카드 통신비 10% 할인까지 27만 6,700원 남았어요. 이번 주 교통비는 B카드로 결제하세요."
C0903,CARD_C,하나카드 MOVING카드 ALLDAY모드,2025-12,198700,7,1,,0,1,1050,1050,,,,,,
C0903,CARD_D,삼성카드 삼성 iD SELECT ALL 카드,2025-12,24500,1,0,400000.0,375500,0,0,0,170.0,170.0,온라인쇼핑,네이버쇼핑,148200.0,"D카드 SELECT 7% 할인까지 37만 5,500원 남았어요. 이번 주 온라인쇼핑은 D카드로 결제하세요."
C0903,CARD_E,NH농협카드 올바른 FLEX 카드,2025-12,0,0,0,300000.0,300000,0,0,0,0.0,0.0,온라인쇼핑,네이버쇼핑,148200.0,E카드 스타벅스 50% 할인까지 30만 원 남았어요. 이번 주 온라인쇼핑은 E카드로 결제하세요.
C0904,CARD_A,신한카드 Mr.Life,2025-12,776980,11,2,1000000.0,223020,3,11780,11780,11780.0,0.0,장보기,이마트,375400.0,"A카드 할인한도 월 5만 원까지 22만 3,000원 남았어요. 이번 주말 장보기는 A카드로 결제하세요."
C0904,CARD_B,KB국민카드 굿데이카드,2025-12,0,0,0,300000.0,300000,0,0,0,0.0,0.0,교통비,티머니,41800.0,B카드 통신비 10% 할인까지 30만 원 남았어요. 이번 주 교통비는 B카드로 결제하세요.
C0904,CARD_C,하나카드 MOVING카드 ALLDAY모드,2025-12,173900,2,1,,0,1,870,870,,,,,,
C0904,CARD_D,삼성카드 삼성 iD SELECT ALL 카드,2025-12,103900,1,0,400000.0,296100,0,0,0,730.0,730.0,장보기,이마트,375400.0,"D카드 SELECT 7% 할인까지 29만 6,100원 남았어요. 이번 주말 장보기는 D카드로 결제하세요."
C0904,CARD_E,NH농협카드 올바른 FLEX 카드,2025-12,0,0,0,300000.0,300000,0,0,0,0.0,0.0,온라인쇼핑,쿠팡,125700.0,E카드 스타벅스 50% 할인까지 30만 원 남았어요. 이번 주 온라인쇼핑은 E카드로 결제하세요.
C0905,CARD_A,신한카드 Mr.Life,2025-12,8900,1,0,300000.0,291100,0,0,0,0.0,0.0,편의점,CU,13900.0,"A카드 공과금·편의점 10% 할인까지 29만 1,100원 남았어요. 이번 주 편의점은 A카드로 결제하세요."
C0905,CARD_B,KB국민카드 굿데이카드,2025-12,8580,1,0,300000.0,291420,0,0,0,0.0,0.0,편의점,CU,13900.0,"B카드 통신비 10% 할인까지 29만 1,400원 남았어요. 이번 주 편의점은 B카드로 결제하세요."
C0905,CARD_C,하나카드 MOVING카드 ALLDAY모드,2025-12,0,0,1,,0,1,0,0,,,,,,
C0905,CARD_D,삼성카드 삼성 iD SELECT ALL 카드,2025-12,0,0,0,400000.0,400000,0,0,0,0.0,0.0,구독료,멜론,49000.0,D카드 SELECT 7% 할인까지 40만 원 남았어요. 이번 주 구독료는 D카드로 결제하세요.
C0905,CARD_E,NH농협카드 올바른 FLEX 카드,2025-12,88360,8,0,300000.0,211640,0,0,0,5020.0,5020.0,구독료,멜론,49000.0,"E카드 스타벅스 50% 할인까지 21만 1,600원 남았어요. 이번 주 구독료는 E카드로 결제하세요."
C0906,CARD_A,신한카드 Mr.Life,2025-12,0,0,0,300000.0,300000,0,0,0,0.0,0.0,외식,한식뷔페,123100.0,A카드 공과금·편의점 10% 할인까지 30만 원 남았어요. 이번 주 외식은 A카드로 결제하세요.
C0906,CARD_B,KB국민카드 굿데이카드,2025-12,0,0,0,300000.0,300000,0,0,0,0.0,0.0,외식,한식뷔페,123100.0,B카드 통신비 10% 할인까지 30만 원 남았어요. 이번 주 외식은 B카드로 결제하세요.
C0906,CARD_C,하나카드 MOVING카드 ALLDAY모드,2025-12,535170,13,1,,0,1,2680,2680,,,,,,
C0906,CARD_D,삼성카드 삼성 iD SELECT ALL 카드,2025-12,0,0,0,400000.0,400000,0,0,0,0.0,0.0,외식,한식뷔페,123100.0,D카드 SELECT 7% 할인까지 40만 원 남았어요. 이번 주 외식은 D카드로 결제하세요.
C0906,CARD_E,NH농협카드 올바른 FLEX 카드,2025-12,17300,1,0,300000.0,282700,0,0,0,0.0,0.0,구독료,iCloud+,20300.0,"E카드 스타벅스 50% 할인까지 28만 2,700원 남았어요. 이번 주 구독료는 E카드로 결제하세요."
C0907,CARD_A,신한카드 Mr.Life,2025-12,28000,1,0,300000.0,272000,0,0,0,2800.0,2800.0,장보기,이마트,239100.0,"A카드 공과금·편의점 10% 할인까지 27만 2,000원 남았어요. 이번 주말 장보기는 A카드로 결제하세요."
C0907,CARD_B,KB국민카드 굿데이카드,2025-12,62900,1,0,300000.0,237100,0,0,0,0.0,0.0,외식,이자카야,41500.0,"B카드 통신비 10% 할인까지 23만 7,100원 남았어요. 이번 주 외식은 B카드로 결제하세요."
C0907,CARD_C,하나카드 MOVING카드 ALLDAY모드,2025-12,0,0,1,,0,1,0,0,,,,,,
C0907,CARD_D,삼성카드 삼성 iD SELECT ALL 카드,2025-12,233370,11,0,400000.0,166630,1,13950,0,13950.0,13950.0,구독료,티빙,41000.0,"D카드 SELECT 7% 할인까지 16만 6,600원 남았어요. 이번 주 구독료는 D카드로 결제하세요."
C0907,CARD_E,NH농협카드 올바른 FLEX 카드,2025-12,1256500,1,1,,0,0,0,0,,,,,,
C0908,CARD_A,신한카드 Mr.Life,2025-12,0,0,0,300000.0,300000,2,0,0,0.0,0.0,장보기,하나로마트,725800.0,A카드 공과금·편의점 10% 할인까지 30만 원 남았어요. 이번 주말 장보기는 A카드로 결제하세요.
C0908,CARD_B,KB국민카드 굿데이카드,2025-12,6003880,13,3,,0,3,10170,10170,,,,,,
C0908,CARD_C,하나카드 MOVING카드 ALLDAY모드,2025-12,362100,2,1,,0,1,1810,1810,,,,,,
C0908,CARD_D,삼성카드 삼성 iD SELECT ALL 카드,2025-12,0,0,0,400000.0,400000,0,0,0,0.0,0.0,장보기,하나로마트,725800.0,D카드 SELECT 7% 할인까지 40만 원 남았어요. 이번 주말 장보기는 D카드로 결제하세요.
C0908,CARD_E,NH농협카드 올바른 FLEX 카드,2025-12,0,0,0,300000.0,300000,0,0,0,0.0,0.0,편의점,CU,43300.0,E카드 스타벅스 50% 할인까지 30만 원 남았어요. 이번 주 편의점은 E카드로 결제하세요.
C0909,CARD_A,신한카드 Mr.Life,2025-12,14900,1,0,300000.0,285100,0,0,0,0.0,0.0,장보기,홈플러스,735900.0,"A카드 공과금·편의점 10% 할인까지 28만 5,100원 남았어요. 이번 주말 장보기는 A카드로 결제하세요."
C0909,CARD_B,KB국민카드 굿데이카드,2025-12,0,0,0,300000.0,300000,0,0,0,0.0,0.0,외식,이자카야,49500.0,B카드 통신비 10% 할인까지 30만 원 남았어요. 이번 주 외식은 B카드로 결제하세요.
C0909,CARD_C,하나카드 MOVING카드 ALLDAY모드,2025-12,851300,9,1,,0,1,4260,4260,,,,,,
C0909,CARD_D,삼성카드 삼성 iD SELECT ALL 카드,2025-12,27900,2,0,400000.0,372100,0,0,0,200.0,200.0,장보기,홈플러스,735900.0,"D카드 SELECT 7% 할인까지 37만 2,100원 남았어요. 이번 주말 장보기는 D카드로 결제하세요."
C0909,CARD_E,NH농협카드 올바른 FLEX 카드,2025-12,157500,2,0,300000.0,142500,0,0,0,0.0,0.0,온라인쇼핑,쿠팡,104500.0,"E카드 스타벅스 50% 할인까지 14만 2,500원 남았어요. 이번 주 온라인쇼핑은 E카드로 결제하세요."
C0910,CARD_A,신한카드 Mr.Life,2025-12,0,0,0,300000.0,300000,0,0,0,0.0,0.0,커피,투썸플레이스,16000.0,A카드 공과금·편의점 10% 할인까지 30만 원 남았어요. 이번 주 커피는 A카드로 결제하세요.
C0910,CARD_B,KB국민카드 굿데이카드,2025-12,387160,16,1,600000.0,212840,1,160,160,4670.0,4510.0,커피,투썸플레이스,16000.0,"B카드 외식·커피 10% 할인까지 21만 2,800원 남았어요. 이번 주 커피는 B카드로 결제하세요."
C0910,CARD_C,하나카드 MOVING카드 ALLDAY모드,2025-12,0,0,1,,0,1,0,0,,,,,,
C0910,CARD_D,삼성카드 삼성 iD SELECT ALL 카드,2025-12,0,0,0,400000.0,400000,0,0,0,0.0,0.0,편의점,GS25,9100.0,D카드 SELECT 7% 할인까지 40만 원 남았어요. 이번 주 편의점은 D카드로 결제하세요.
C0910,CARD_E,NH농협카드 올바른 FLEX 카드,2025-12,4090,1,0,300000.0,295910,0,0,0,0.0,0.0,커피,투썸플레이스,16000.0,"E카드 스타벅스 50% 할인까지 29만 5,900원 남았어요. 이번 주 커피는 E카드로 결제하세요."
C0911,CARD_A,신한카드 Mr.Life,2025-12,660330,9,2,1000000.0,339670,2,5000,5000,5000.0,0.0,주유,GS칼텍스,267000.0,"A카드 할인한도 월 5만 원까지 33만 9,700원 남았어요. 이번 주말 주유는 A카드로 결제하세요."
C0911,CARD_B,KB국민카드 굿데이카드,2025-12,0,0,0,300000.0,300000,0,0,0,0.0,0.0,주유,GS칼텍스,267000.0,B카드 통신비 10% 할인까지 30만 원 남았어요. 이번 주말 주유는 B카드로 결제하세요.
C0911,CARD_C,하나카드 MOVING카드 ALLDAY모드,2025-12,40800,1,1,,0,1,200,200,,,,,,
C0911,CARD_D,삼성카드 삼성 iD SELECT ALL 카드,2025-12,0,0,0,400000.0,400000,0,0,0,0.0,0.0,주유,GS칼텍스,267000.0,D카드 SELECT 7% 할인까지 40만 원 남았어요. 이번 주말 주유는 D카드로 결제하세요.
C0911,CARD_E,NH농협카드 올바른 FLEX 카드,2025-12,4840,1,0,300000.0,295160,0,0,0,240.0,240.0,교통비,티머니,38000.0,"E카드 스타벅스 50% 할인까지 29만 5,200원 남았어요. 이번 주 교통비는 E카드로 결제하세요."
C0912,CARD_A,신한카드 Mr.Life,2025-12,173200,3,0,300000.0,126800,0,0,0,1900.0,1900.0,외식,동네식당,71700.0,"A카드 공과금·편의점 10% 할인까지 12만 6,800원 남았어요. 이번 주 외식은 A카드로 결제하세요."
C0912,CARD_B,KB국민카드 굿데이카드,2025-12,55700,1,0,300000.0,244300,0,0,0,0.0,0.0,교통비,티머니,50500.0,"B카드 통신비 10% 할인까지 24만 4,300원 남았어요. 이번 주 교통비는 B카드로 결제하세요."
C0912,CARD_C,하나카드 MOVING카드 ALLDAY모드,2025-12,2344730,24,1,,0,1,24020,24020,,,,,,
C0912,CARD_D,삼성카드 삼성 iD SELECT ALL 카드,2025-12,0,0,0,400000.0,400000,0,0,0,0.0,0.0,외식,동네식당,71700.0,D카드 SELECT 7% 할인까지 40만 원 남았어요. 이번 주 외식은 D카드로 결제하세요.
C0912,CARD_E,NH농협카드 올바른 FLEX 카드,2025-12,0,0,0,300000.0,300000,0,0,0,0.0,0.0,교통비,티머니,50500.0,E카드 스타벅스 50% 할인까지 30만 원 남았어요. 이번 주 교통비는 E카드로 결제하세요.
C0913,CARD_A,신한카드 Mr.Life,2025-12,0,0,0,300000.0,300000,0,0,0,0.0,0.0,편의점,GS25,14000.0,A카드 공과금·편의점 10% 할인까지 30만 원 남았어요. 이번 주 편의점은 A카드로 결제하세요.
C0913,CARD_B,KB국민카드 굿데이카드,2025-12,1529330,8,3,,0,0,0,5150,,,,,,
C0913,CARD_C,하나카드 MOVING카드 ALLDAY모드,2025-12,0,0,1,,0,1,0,0,,,,,,
C0913,CARD_D,삼성카드 삼성 iD SELECT ALL 카드,2025-12,0,0,0,400000.0,400000,0,0,0,0.0,0.0,편의점,GS25,14000.0,D카드 SELECT 7% 할인까지 40만 원 남았어요. 이번 주 편의점은 D카드로 결제하세요.
C0913,CARD_E,NH농협카드 올바른 FLEX 카드,2025-12,7950,1,0,300000.0,292050,0,0,0,400.0,400.0,편의점,GS25,14000.0,"E카드 스타벅스 50% 할인까지 29만 2,000원 남았어요. 이번 주 편의점은 E카드로 결제하세요."
C0914,CARD_A,신한카드 Mr.Life,2025-12,30600,1,0,300000.0,269400,0,0,0,0.0,0.0,외식,한식뷔페,135400.0,"A카드 공과금·편의점 10% 할인까지 26만 9,400원 남았어요. 이번 주 외식은 A카드로 결제하세요."
C0914,CARD_B,KB국민카드 굿데이카드,2025-12,167900,2,0,300000.0,132100,0,0,0,0.0,0.0,외식,한식뷔페,135400.0,"B카드 통신비 10% 할인까지 13만 2,100원 남았어요. 이번 주 외식은 B카드로 결제하세요."
C0914,CARD_C,하나카드 MOVING카드 ALLDAY모드,2025-12,93920,3,1,,0,1,560,560,,,,,,
C0914,CARD_D,삼성카드 삼성 iD SELECT ALL 카드,2025-12,1578140,19,3,,0,1,18050,18550,,,,,,
C0914,CARD_E,NH농협카드 올바른 FLEX 카드,2025-12,0,0,0,300000.0,300000,0,0,0,0.0,0.0,교통비,티머니,51800.0,E카드 스타벅스 50% 할인까지 30만 원 남았어요. 이번 주 교통비는 E카드로 결제하세요.
C0915,CARD_A,신한카드 Mr.Life,2025-12,21300,1,0,300000.0,278700,0,0,0,0.0,0.0,외식,아웃백스테이크하우스,153700.0,"A카드 공과금·편의점 10% 할인까지 27만 8,700원 남았어요. 이번 주 외식은 A카드로 결제하세요."
C0915,CARD_B,KB국민카드 굿데이카드,2025-12,626280,14,2,1200000.0,573720,2,5000,5000,5000.0,0.0,외식,아웃백스테이크하우스,153700.0,"B카드 학원비 10% 할인까지 57만 3,700원 남았어요. 이번 주 외식은 B카드로 결제하세요."
C0915,CARD_C,하나카드 MOVING카드 ALLDAY모드,2025-12,164800,3,1,,0,1,820,820,,,,,,
C0915,CARD_D,삼성카드 삼성 iD SELECT ALL 카드,2025-12,0,0,0,400000.0,400000,0,0,0,0.0,0.0,외식,아웃백스테이크하우스,153700.0,D카드 SELECT 7% 할인까지 40만 원 남았어요. 이번 주 외식은 D카드로 결제하세요.
C0915,CARD_E,NH농협카드 올바른 FLEX 카드,2025-12,0,0,0,300000.0,300000,0,0,0,0.0,0.0,온라인쇼핑,쿠팡,296100.0,E카드 스타벅스 50% 할인까지 30만 원 남았어요. 이번 주 온라인쇼핑은 E카드로 결제하세요.
C0916,CARD_A,신한카드 Mr.Life,2025-12,0,0,0,300000.0,300000,0,0,0,0.0,0.0,커피,컴포즈커피,25000.0,A카드 공과금·편의점 10% 할인까지 30만 원 남았어요. 이번 주 커피는 A카드로 결제하세요.
C0916,CARD_B,KB국민카드 굿데이카드,2025-12,655340,20,2,1200000.0,544660,2,6870,6870,6870.0,0.0,커피,컴포즈커피,25000.0,"B카드 학원비 10% 할인까지 54만 4,700원 남았어요. 이번 주 커피는 B카드로 결제하세요."
C0916,CARD_C,하나카드 MOVING카드 ALLDAY모드,2025-12,0,0,1,,0,1,0,0,,,,,,
C0916,CARD_D,삼성카드 삼성 iD SELECT ALL 카드,2025-12,11800,2,0,400000.0,388200,0,0,0,740.0,740.0,배달 주문,배달의민족,146700.0,"D카드 SELECT 7% 할인까지 38만 8,200원 남았어요. 이번 주 배달 주문은 D카드로 결제하세요."
C0916,CARD_E,NH농협카드 올바른 FLEX 카드,2025-12,257860,3,0,300000.0,42140,0,0,0,3980.0,3980.0,커피,컴포즈커피,25000.0,"E카드 스타벅스 50% 할인까지 4만 2,100원 남았어요. 이번 주 커피는 E카드로 결제하세요."
C0917,CARD_A,신한카드 Mr.Life,2025-12,140050,8,0,300000.0,159950,2,6310,0,5750.0,5750.0,편의점,CU,10100.0,A카드 공과금·편의점 10% 할인까지 16만 원 남았어요. 이번 주 편의점은 A카드로 결제하세요.
C0917,CARD_B,KB국민카드 굿데이카드,2025-12,0,0,0,300000.0,300000,0,0,0,0.0,0.0,편의점,CU,10100.0,B카드 통신비 10% 할인까지 30만 원 남았어요. 이번 주 편의점은 B카드로 결제하세요.
C0917,CARD_C,하나카드 MOVING카드 ALLDAY모드,2025-12,46100,1,1,,0,1,230,230,,,,,,
C0917,CARD_D,삼성카드 삼성 iD SELECT ALL 카드,2025-12,0,0,0,400000.0,400000,0,0,0,0.0,0.0,편의점,CU,10100.0,D카드 SELECT 7% 할인까지 40만 원 남았어요. 이번 주 편의점은 D카드로 결제하세요.
C0917,CARD_E,NH농협카드 올바른 FLEX 카드,2025-12,76600,1,0,300000.0,223400,0,0,0,3830.0,3830.0,편의점,CU,10100.0,"E카드 스타벅스 50% 할인까지 22만 3,400원 남았어요. 이번 주 편의점은 E카드로 결제하세요."
C0918,CARD_A,신한카드 Mr.Life,2025-12,0,0,0,300000.0,300000,0,0,0,0.0,0.0,주유,현대오일뱅크,196500.0,A카드 공과금·편의점 10% 할인까지 30만 원 남았어요. 이번 주말 주유는 A카드로 결제하세요.
C0918,CARD_B,KB국민카드 굿데이카드,2025-12,266700,7,0,300000.0,33300,1,3050,0,3050.0,3050.0,주유,현대오일뱅크,196500.0,"B카드 통신비 10% 할인까지 3만 3,300원 남았어요. 이번 주말 주유는 B카드로 결제하세요."
C0918,CARD_C,하나카드 MOVING카드 ALLDAY모드,2025-12,10900,1,1,,0,1,50,50,,,,,,
C0918,CARD_D,삼성카드 삼성 iD SELECT ALL 카드,2025-12,10100,1,0,400000.0,389900,0,0,0,780.0,780.0,주유,현대오일뱅크,196500.0,"D카드 SELECT 7% 할인까지 38만 9,900원 남았어요. 이번 주말 주유는 D카드로 결제하세요."
C0918,CARD_E,NH농협카드 올바른 FLEX 카드,2025-12,48600,1,0,300000.0,251400,0,0,0,0.0,0.0,구독료,웨이브,20800.0,"E카드 스타벅스 50% 할인까지 25만 1,400원 남았어요. 이번 주 구독료는 E카드로 결제하세요."
C0919,CARD_A,신한카드 Mr.Life,2025-12,386890,8,1,500000.0,113110,3,15000,6000,12000.0,6000.0,장보기,마켓컬리,511000.0,"A카드 할인한도 월 3.4만 원까지 11만 3,100원 남았어요. 이번 주말 장보기는 A카드로 결제하세요."
C0919,CARD_B,KB국민카드 굿데이카드,2025-12,0,0,0,300000.0,300000,0,0,0,0.0,0.0,주유,SK에너지,81200.0,B카드 통신비 10% 할인까지 30만 원 남았어요. 이번 주말 주유는 B카드로 결제하세요.
C0919,CARD_C,하나카드 MOVING카드 ALLDAY모드,2025-12,0,0,1,,0,1,0,0,,,,,,
C0919,CARD_D,삼성카드 삼성 iD SELECT ALL 카드,2025-12,186200,2,0,400000.0,213800,0,0,0,7000.0,7000.0,장보기,마켓컬리,511000.0,"D카드 SELECT 7% 할인까지 21만 3,800원 남았어요. 이번 주말 장보기는 D카드로 결제하세요."
C0919,CARD_E,NH농협카드 올바른 FLEX 카드,2025-12,99700,1,0,300000.0,200300,0,0,0,0.0,0.0,교통비,티머니,21300.0,E카드 스타벅스 50% 할인까지 20만 300원 남았어요. 이번 주 교통비는 E카드로 결제하세요.
C0920,CARD_A,신한카드 Mr.Life,2025-12,0,0,0,300000.0,300000,0,0,0,0.0,0.0,장보기,동네마트,223500.0,A카드 공과금·편의점 10% 할인까지 30만 원 남았어요. 이번 주말 장보기는 A카드로 결제하세요.
C0920,CARD_B,KB국민카드 굿데이카드,2025-12,0,0,0,300000.0,300000,0,0,0,0.0,0.0,외식,맘스터치,47400.0,B카드 통신비 10% 할인까지 30만 원 남았어요. 이번 주 외식은 B카드로 결제하세요.
C0920,CARD_C,하나카드 MOVING카드 ALLDAY모드,2025-12,93400,2,1,,0,1,470,470,,,,,,
C0920,CARD_D,삼성카드 삼성 iD SELECT ALL 카드,2025-12,0,0,0,400000.0,400000,0,0,0,0.0,0.0,장보기,동네마트,223500.0,D카드 SELECT 7% 할인까지 40만 원 남았어요. 이번 주말 장보기는 D카드로 결제하세요.
C0920,CARD_E,NH농협카드 올바른 FLEX 카드,2025-12,928840,12,1,,0,1,3260,3260,,,,,,
C0921,CARD_A,신한카드 Mr.Life,2025-12,89800,2,0,300000.0,210200,0,0,0,3840.0,3840.0,장보기,동네마트,295500.0,A카드 공과금·편의점 10% 할인까지 21만 200원 남았어요. 이번 주말 장보기는 A카드로 결제하세요.
C0921,CARD_B,KB국민카드 굿데이카드,2025-12,24430,2,0,300000.0,275570,0,0,0,0.0,0.0,주유,SK에너지,181600.0,"B카드 통신비 10% 할인까지 27만 5,600원 남았어요. 이번 주말 주유는 B카드로 결제하세요."
C0921,CARD_C,하나카드 MOVING카드 ALLDAY모드,2025-12,1004570,20,1,,0,1,10100,10100,,,,,,
C0921,CARD_D,삼성카드 삼성 iD SELECT ALL 카드,2025-12,205700,2,0,400000.0,194300,0,0,0,12000.0,12000.0,장보기,동네마트,295500.0,"D카드 SELECT 7% 할인까지 19만 4,300원 남았어요. 이번 주말 장보기는 D카드로 결제하세요."
C0921,CARD_E,NH농협카드 올바른 FLEX 카드,2025-12,0,0,0,300000.0,300000,1,0,0,0.0,0.0,편의점,CU,11600.0,E카드 스타벅스 50% 할인까지 30만 원 남았어요. 이번 주 편의점은 E카드로 결제하세요.
C0922,CARD_A,신한카드 Mr.Life,2025-12,963960,23,2,1000000.0,36040,3,33380,30980,33380.0,2400.0,커피,스타벅스,34600.0,"A카드 할인한도 월 5만 원까지 3만 6,000원 남았어요. 이번 주 커피는 A카드로 결제하세요."
C0922,CARD_B,KB국민카드 굿데이카드,2025-12,0,0,0,300000.0,300000,0,0,0,0.0,0.0,커피,스타벅스,34600.0,B카드 통신비 10% 할인까지 30만 원 남았어요. 이번 주 커피는 B카드로 결제하세요.
C0922,CARD_C,하나카드 MOVING카드 ALLDAY모드,2025-12,0,0,1,,0,1,0,0,,,,,,
C0922,CARD_D,삼성카드 삼성 iD SELECT ALL 카드,2025-12,99000,2,0,400000.0,301000,0,0,0,2690.0,2690.0,외식,동네식당,93300.0,"D카드 SELECT 7% 할인까지 30만 1,000원 남았어요. 이번 주 외식은 D카드로 결제하세요."
C0922,CARD_E,NH농협카드 올바른 FLEX 카드,2025-12,9510,1,0,300000.0,290490,0,0,0,0.0,0.0,커피,스타벅스,34600.0,E카드 스타벅스 50% 할인까지 29만 500원 남았어요. 이번 주 커피는 E카드로 결제하세요.
C0923,CARD_A,신한카드 Mr.Life,2025-12,0,0,0,300000.0,300000,0,0,0,0.0,0.0,커피,스타벅스,57200.0,A카드 공과금·편의점 10% 할인까지 30만 원 남았어요. 이번 주 커피는 A카드로 결제하세요.
C0923,CARD_B,KB국민카드 굿데이카드,2025-12,469010,21,1,600000.0,130990,3,5000,0,5000.0,5000.0,커피,스타벅스,57200.0,"B카드 외식·커피 10% 할인까지 13만 1,000원 남았어요. 이번 주 커피는 B카드로 결제하세요."
C0923,CARD_C,하나카드 MOVING카드 ALLDAY모드,2025-12,7580,1,1,,0,1,40,40,,,,,,
C0923,CARD_D,삼성카드 삼성 iD SELECT ALL 카드,2025-12,17130,2,0,400000.0,382870,0,0,0,970.0,970.0,배달 주문,배달의민족,191000.0,"D카드 SELECT 7% 할인까지 38만 2,900원 남았어요. 이번 주 배달 주문은 D카드로 결제하세요."
C0923,CARD_E,NH농협카드 올바른 FLEX 카드,2025-12,10750,2,0,300000.0,289250,0,0,0,4310.0,4310.0,커피,스타벅스,57200.0,"E카드 스타벅스 50% 할인까지 28만 9,200원 남았어요. 이번 주 커피는 E카드로 결제하세요."
C0924,CARD_A,신한카드 Mr.Life,2025-12,773300,6,2,1000000.0,226700,3,39790,27000,39790.0,12790.0,외식,동네식당,137100.0,"A카드 할인한도 월 5만 원까지 22만 6,700원 남았어요. 이번 주 외식은 A카드로 결제하세요."
C0924,CARD_B,KB국민카드 굿데이카드,2025-12,0,0,0,300000.0,300000,0,0,0,0.0,0.0,외식,동네식당,137100.0,B카드 통신비 10% 할인까지 30만 원 남았어요. 이번 주 외식은 B카드로 결제하세요.
C0924,CARD_C,하나카드 MOVING카드 ALLDAY모드,2025-12,0,0,1,,0,1,0,0,,,,,,
C0924,CARD_D,삼성카드 삼성 iD SELECT ALL 카드,2025-12,4090,1,0,400000.0,395910,0,0,0,310.0,310.0,외식,동네식당,137100.0,"D카드 SELECT 7% 할인까지 39만 5,900원 남았어요. 이번 주 외식은 D카드로 결제하세요."
C0924,CARD_E,NH농협카드 올바른 FLEX 카드,2025-12,0,0,0,300000.0,300000,0,0,0,0.0,0.0,편의점,GS25,21700.0,E카드 스타벅스 50% 할인까지 30만 원 남았어요. 이번 주 편의점은 E카드로 결제하세요.
C0925,CARD_A,신한카드 Mr.Life,2025-12,244470,11,0,300000.0,55530,0,0,0,3000.0,3000.0,외식,한식뷔페,25200.0,"A카드 공과금·편의점 10% 할인까지 5만 5,500원 남았어요. 이번 주 외식은 A카드로 결제하세요."
C0925,CARD_B,KB국민카드 굿데이카드,2025-12,3040,1,0,300000.0,296960,0,0,0,0.0,0.0,교통비,티머니,22600.0,"B카드 통신비 10% 할인까지 29만 7,000원 남았어요. 이번 주 교통비는 B카드로 결제하세요."
C0925,CARD_C,하나카드 MOVING카드 ALLDAY모드,2025-12,4680,1,1,,0,1,140,140,,,,,,
C0925,CARD_D,삼성카드 삼성 iD SELECT ALL 카드,2025-12,4050,1,0,400000.0,395950,0,0,0,310.0,310.0,외식,한식뷔페,25200.0,"D카드 SELECT 7% 할인까지 39만 6,000원 남았어요. 이번 주 외식은 D카드로 결제하세요."
C0925,CARD_E,NH농협카드 올바른 FLEX 카드,2025-12,0,0,0,300000.0,300000,0,0,0,0.0,0.0,교통비,티머니,22600.0,E카드 스타벅스 50% 할인까지 30만 원 남았어요. 이번 주 교통비는 E카드로 결제하세요.
C0926,CARD_A,신한카드 Mr.Life,2025-12,14700,1,0,300000.0,285300,0,0,0,0.0,0.0,외식,동네식당,27200.0,"A카드 공과금·편의점 10% 할인까지 28만 5,300원 남았어요. 이번 주 외식은 A카드로 결제하세요."
C0926,CARD_B,KB국민카드 굿데이카드,2025-12,485220,13,1,600000.0,114780,0,0,2320,3300.0,980.0,교통비,티머니,24300.0,"B카드 외식·커피 10% 할인까지 11만 4,800원 남았어요. 이번 주 교통비는 B카드로 결제하세요."
C0926,CARD_C,하나카드 MOVING카드 ALLDAY모드,2025-12,33900,1,1,,0,1,170,170,,,,,,
C0926,CARD_D,삼성카드 삼성 iD SELECT ALL 카드,2025-12,0,0,0,400000.0,400000,0,0,0,0.0,0.0,외식,동네식당,27200.0,D카드 SELECT 7% 할인까지 40만 원 남았어요. 이번 주 외식은 D카드로 결제하세요.
C0926,CARD_E,NH농협카드 올바른 FLEX 카드,2025-12,0,0,0,300000.0,300000,0,0,0,0.0,0.0,교통비,티머니,24300.0,E카드 스타벅스 50% 할인까지 30만 원 남았어요. 이번 주 교통비는 E카드로 결제하세요.
C0927,CARD_A,신한카드 Mr.Life,2025-12,934300,17,2,1000000.0,65700,1,14260,20260,23260.0,3000.0,외식,동네식당,122600.0,"A카드 할인한도 월 5만 원까지 6만 5,700원 남았어요. 이번 주 외식은 A카드로 결제하세요."
C0927,CARD_B,KB국민카드 굿데이카드,2025-12,63420,2,0,300000.0,236580,0,0,0,0.0,0.0,외식,동네식당,122600.0,"B카드 통신비 10% 할인까지 23만 6,600원 남았어요. 이번 주 외식은 B카드로 결제하세요."
C0927,CARD_C,하나카드 MOVING카드 ALLDAY모드,2025-12,0,0,1,,0,1,0,0,,,,,,
C0927,CARD_D,삼성카드 삼성 iD SELECT ALL 카드,2025-12,0,0,0,400000.0,400000,0,0,0,0.0,0.0,외식,동네식당,122600.0,D카드 SELECT 7% 할인까지 40만 원 남았어요. 이번 주 외식은 D카드로 결제하세요.
C0927,CARD_E,NH농협카드 올바른 FLEX 카드,2025-12,0,0,0,300000.0,300000,1,0,0,0.0,0.0,온라인쇼핑,네이버쇼핑,158200.0,E카드 스타벅스 50% 할인까지 30만 원 남았어요. 이번 주 온라인쇼핑은 E카드로 결제하세요.
C0928,CARD_A,신한카드 Mr.Life,2025-12,653080,17,2,1000000.0,346920,3,12460,9460,12460.0,3000.0,외식,한식뷔페,98600.0,"A카드 할인한도 월 5만 원까지 34만 6,900원 남았어요. 이번 주 외식은 A카드로 결제하세요."
C0928,CARD_B,KB국민카드 굿데이카드,2025-12,0,0,0,300000.0,300000,0,0,0,0.0,0.0,외식,한식뷔페,98600.0,B카드 통신비 10% 할인까지 30만 원 남았어요. 이번 주 외식은 B카드로 결제하세요.
C0928,CARD_C,하나카드 MOVING카드 ALLDAY모드,2025-12,15300,1,1,,0,1,80,80,,,,,,
C0928,CARD_D,삼성카드 삼성 iD SELECT ALL 카드,2025-12,0,0,0,400000.0,400000,0,0,0,0.0,0.0,외식,한식뷔페,98600.0,D카드 SELECT 7% 할인까지 40만 원 남았어요. 이번 주 외식은 D카드로 결제하세요.
C0928,CARD_E,NH농협카드 올바른 FLEX 카드,2025-12,0,0,0,300000.0,300000,0,0,0,0.0,0.0,온라인쇼핑,쿠팡,181400.0,E카드 스타벅스 50% 할인까지 30만 원 남았어요. 이번 주 온라인쇼핑은 E카드로 결제하세요.
C0929,CARD_A,신한카드 Mr.Life,2025-12,1564920,15,3,,0,3,2330,2330,,,,,,
C0929,CARD_B,KB국민카드 굿데이카드,2025-12,0,0,0,300000.0,300000,0,0,0,0.0,0.0,편의점,GS25,16000.0,B카드 통신비 10% 할인까지 30만 원 남았어요. 이번 주 편의점은 B카드로 결제하세요.
C0929,CARD_C,하나카드 MOVING카드 ALLDAY모드,2025-12,0,0,1,,0,1,0,0,,,,,,
C0929,CARD_D,삼성카드 삼성 iD SELECT ALL 카드,2025-12,0,0,0,400000.0,400000,0,0,0,0.0,0.0,편의점,GS25,16000.0,D카드 SELECT 7% 할인까지 40만 원 남았어요. 이번 주 편의점은 D카드로 결제하세요.
C0929,CARD_E,NH농협카드 올바른 FLEX 카드,2025-12,0,0,0,300000.0,300000,0,0,0,0.0,0.0,편의점,GS25,16000.0,E카드 스타벅스 50% 할인까지 30만 원 남았어요. 이번 주 편의점은 E카드로 결제하세요.
C0930,CARD_A,신한카드 Mr.Life,2025-12,0,0,0,300000.0,300000,0,0,0,0.0,0.0,외식,동네식당,74000.0,A카드 공과금·편의점 10% 할인까지 30만 원 남았어요. 이번 주 외식은 A카드로 결제하세요.
C0930,CARD_B,KB국민카드 굿데이카드,2025-12,94800,1,0,300000.0,205200,0,0,0,0.0,0.0,외식,동네식당,74000.0,"B카드 통신비 10% 할인까지 20만 5,200원 남았어요. 이번 주 외식은 B카드로 결제하세요."
C0930,CARD_C,하나카드 MOVING카드 ALLDAY모드,2025-12,0,0,1,,0,1,0,0,,,,,,
C0930,CARD_D,삼성카드 삼성 iD SELECT ALL 카드,2025-12,0,0,0,400000.0,400000,0,0,0,0.0,0.0,생활용품 구매,다이소,168700.0,D카드 SELECT 7% 할인까지 40만 원 남았어요. 이번 주말 생활용품 구매는 D카드로 결제하세요.
C0930,CARD_E,NH농협카드 올바른 FLEX 카드,2025-12,751850,20,1,,0,1,15600,15600,,,,,,
C0931,CARD_A,신한카드 Mr.Life,2025-12,274700,7,0,300000.0,25300,2,5000,0,3000.0,3000.0,커피,메가MGC커피,9000.0,"A카드 공과금·편의점 10% 할인까지 2만 5,300원 남았어요. 이번 주 커피는 A카드로 결제하세요."
C0931,CARD_B,KB국민카드 굿데이카드,2025-12,37100,1,0,300000.0,262900,0,0,0,0.0,0.0,커피,메가MGC커피,9000.0,"B카드 통신비 10% 할인까지 26만 2,900원 남았어요. 이번 주 커피는 B카드로 결제하세요."
C0931,CARD_C,하나카드 MOVING카드 ALLDAY모드,2025-12,0,0,1,,0,1,0,0,,,,,,
C0931,CARD_D,삼성카드 삼성 iD SELECT ALL 카드,2025-12,55500,1,0,400000.0,344500,0,0,0,4270.0,4270.0,구독료,디즈니플러스,48600.0,"D카드 SELECT 7% 할인까지 34만 4,500원 남았어요. 이번 주 구독료는 D카드로 결제하세요."
C0931,CARD_E,NH농협카드 올바른 FLEX 카드,2025-12,0,0,0,300000.0,300000,0,0,0,0.0,0.0,구독료,디즈니플러스,48600.0,E카드 스타벅스 50% 할인까지 30만 원 남았어요. 이번 주 구독료는 E카드로 결제하세요.
C0932,CARD_A,신한카드 Mr.Life,2025-12,1281630,9,3,,0,2,9240,9240,,,,,,
C0932,CARD_B,KB국민카드 굿데이카드,2025-12,0,0,0,300000.0,300000,0,0,0,0.0,0.0,커피,스타벅스,15900.0,B카드 통신비 10% 할인까지 30만 원 남았어요. 이번 주 커피는 B카드로 결제하세요.
C0932,CARD_C,하나카드 MOVING카드 ALLDAY모드,2025-12,37200,1,1,,0,1,190,190,,,,,,
C0932,CARD_D,삼성카드 삼성 iD SELECT ALL 카드,2025-12,6510,1,0,400000.0,393490,1,50,0,50.0,50.0,온라인쇼핑,알리익스프레스,191500.0,"D카드 SELECT 7% 할인까지 39만 3,500원 남았어요. 이번 주 온라인쇼핑은 D카드로 결제하세요."
C0932,CARD_E,NH농협카드 올바른 FLEX 카드,2025-12,0,0,0,300000.0,300000,0,0,0,0.0,0.0,온라인쇼핑,알리익스프레스,191500.0,E카드 스타벅스 50% 할인까지 30만 원 남았어요. 이번 주 온라인쇼핑은 E카드로 결제하세요.
C0933,CARD_A,신한카드 Mr.Life,2025-12,0,0,0,300000.0,300000,0,0,0,0.0,0.0,외식,동네식당,55400.0,A카드 공과금·편의점 10% 할인까지 30만 원 남았어요. 이번 주 외식은 A카드로 결제하세요.
C0933,CARD_B,KB국민카드 굿데이카드,2025-12,763600,1,2,1200000.0,436400,0,0,0,0.0,0.0,외식,동네식당,55400.0,"B카드 학원비 10% 할인까지 43만 6,400원 남았어요. 이번 주 외식은 B카드로 결제하세요."
C0933,CARD_C,하나카드 MOVING카드 ALLDAY모드,2025-12,615560,12,1,,0,1,3200,3200,,,,,,
C0933,CARD_D,삼성카드 삼성 iD SELECT ALL 카드,2025-12,0,0,0,400000.0,400000,0,0,0,0.0,0.0,외식,동네식당,55400.0,D카드 SELECT 7% 할인까지 40만 원 남았어요. 이번 주 외식은 D카드로 결제하세요.
C0933,CARD_E,NH농협카드 올바른 FLEX 카드,2025-12,2780,1,0,300000.0,297220,0,0,0,140.0,140.0,편의점,CU,8000.0,"E카드 스타벅스 50% 할인까지 29만 7,200원 남았어요. 이번 주 편의점은 E카드로 결제하세요."
C0934,CARD_A,신한카드 Mr.Life,2025-12,771830,25,2,1000000.0,228170,3,15780,15780,15780.0,0.0,온라인쇼핑,네이버쇼핑,726100.0,"A카드 할인한도 월 5만 원까지 22만 8,200원 남았어요. 이번 주 온라인쇼핑은 A카드로 결제하세요."
C0934,CARD_B,KB국민카드 굿데이카드,2025-12,40300,1,0,300000.0,259700,0,0,0,0.0,0.0,외식,김밥천국,142500.0,"B카드 통신비 10% 할인까지 25만 9,700원 남았어요. 이번 주 외식은 B카드로 결제하세요."
C0934,CARD_C,하나카드 MOVING카드 ALLDAY모드,2025-12,0,0,1,,0,1,0,0,,,,,,
C0934,CARD_D,삼성카드 삼성 iD SELECT ALL 카드,2025-12,0,0,0,400000.0,400000,0,0,0,0.0,0.0,온라인쇼핑,네이버쇼핑,726100.0,D카드 SELECT 7% 할인까지 40만 원 남았어요. 이번 주 온라인쇼핑은 D카드로 결제하세요.
C0934,CARD_E,NH농협카드 올바른 FLEX 카드,2025-12,0,0,0,300000.0,300000,0,0,0,0.0,0.0,온라인쇼핑,네이버쇼핑,726100.0,E카드 스타벅스 50% 할인까지 30만 원 남았어요. 이번 주 온라인쇼핑은 E카드로 결제하세요.
C0935,CARD_A,신한카드 Mr.Life,2025-12,895920,18,2,1000000.0,104080,3,12130,9130,12130.0,3000.0,커피,이디야커피,12900.0,"A카드 할인한도 월 5만 원까지 10만 4,100원 남았어요. 이번 주 커피는 A카드로 결제하세요."
C0935,CARD_B,KB국민카드 굿데이카드,2025-12,53500,1,0,300000.0,246500,0,0,0,0.0,0.0,커피,이디야커피,12900.0,"B카드 통신비 10% 할인까지 24만 6,500원 남았어요. 이번 주 커피는 B카드로 결제하세요."
C0935,CARD_C,하나카드 MOVING카드 ALLDAY모드,2025-12,0,0,1,,0,1,0,0,,,,,,
C0935,CARD_D,삼성카드 삼성 iD SELECT ALL 카드,2025-12,1900,1,0,400000.0,398100,0,0,0,10.0,10.0,온라인쇼핑,네이버쇼핑,73000.0,"D카드 SELECT 7% 할인까지 39만 8,100원 남았어요. 이번 주 온라인쇼핑은 D카드로 결제하세요."
C0935,CARD_E,NH농협카드 올바른 FLEX 카드,2025-12,11480,2,0,300000.0,288520,0,0,0,0.0,0.0,커피,이디야커피,12900.0,"E카드 스타벅스 50% 할인까지 28만 8,500원 남았어요. 이번 주 커피는 E카드로 결제하세요."
C0936,CARD_A,신한카드 Mr.Life,2025-12,0,0,0,300000.0,300000,2,0,0,0.0,0.0,커피,컴포즈커피,18000.0,A카드 공과금·편의점 10% 할인까지 30만 원 남았어요. 이번 주 커피는 A카드로 결제하세요.
C0936,CARD_B,KB국민카드 굿데이카드,2025-12,30300,1,0,300000.0,269700,0,0,0,0.0,0.0,커피,컴포즈커피,18000.0,"B카드 통신비 10% 할인까지 26만 9,700원 남았어요. 이번 주 커피는 B카드로 결제하세요."
C0936,CARD_C,하나카드 MOVING카드 ALLDAY모드,2025-12,2785210,9,1,,0,1,13930,13930,,,,,,
C0936,CARD_D,삼성카드 삼성 iD SELECT ALL 카드,2025-12,72900,1,0,400000.0,327100,0,0,0,510.0,510.0,외식,파인다이닝 레스토랑,124000.0,"D카드 SELECT 7% 할인까지 32만 7,100원 남았어요. 이번 주 외식은 D카드로 결제하세요."
C0936,CARD_E,NH농협카드 올바른 FLEX 카드,2025-12,0,0,0,300000.0,300000,0,0,0,0.0,0.0,커피,컴포즈커피,18000.0,E카드 스타벅스 50% 할인까지 30만 원 남았어요. 이번 주 커피는 E카드로 결제하세요.
C0937,CARD_A,신한카드 Mr.Life,2025-12,0,0,0,300000.0,300000,0,0,0,0.0,0.0,장보기,동네마트,244200.0,A카드 공과금·편의점 10% 할인까지 30만 원 남았어요. 이번 주말 장보기는 A카드로 결제하세요.
C0937,CARD_B,KB국민카드 굿데이카드,2025-12,0,0,0,300000.0,300000,0,0,0,0.0,0.0,외식,동네식당,54100.0,B카드 통신비 10% 할인까지 30만 원 남았어요. 이번 주 외식은 B카드로 결제하세요.
C0937,CARD_C,하나카드 MOVING카드 ALLDAY모드,2025-12,892380,12,1,,0,1,8920,8920,,,,,,
C0937,CARD_D,삼성카드 삼성 iD SELECT ALL 카드,2025-12,70600,1,0,400000.0,329400,0,0,0,5440.0,5440.0,장보기,동네마트,244200.0,"D카드 SELECT 7% 할인까지 32만 9,400원 남았어요. 이번 주말 장보기는 D카드로 결제하세요."
C0937,CARD_E,NH농협카드 올바른 FLEX 카드,2025-12,0,0,0,300000.0,300000,0,0,0,0.0,0.0,커피,투썸플레이스,5400.0,E카드 스타벅스 50% 할인까지 30만 원 남았어요. 이번 주 커피는 E카드로 결제하세요.
C0938,CARD_A,신한카드 Mr.Life,2025-12,0,0,0,300000.0,300000,0,0,0,0.0,0.0,장보기,쿠팡프레시,285400.0,A카드 공과금·편의점 10% 할인까지 30만 원 남았어요. 이번 주말 장보기는 A카드로 결제하세요.
C0938,CARD_B,KB국민카드 굿데이카드,2025-12,0,0,0,300000.0,300000,0,0,0,0.0,0.0,외식,동네식당,117900.0,B카드 통신비 10% 할인까지 30만 원 남았어요. 이번 주 외식은 B카드로 결제하세요.
C0938,CARD_C,하나카드 MOVING카드 ALLDAY모드,2025-12,266600,9,1,,0,1,1330,1330,,,,,,
C0938,CARD_D,삼성카드 삼성 iD SELECT ALL 카드,2025-12,98100,1,0,400000.0,301900,0,0,0,7550.0,7550.0,장보기,쿠팡프레시,285400.0,"D카드 SELECT 7% 할인까지 30만 1,900원 남았어요. 이번 주말 장보기는 D카드로 결제하세요."
C0938,CARD_E,NH농협카드 올바른 FLEX 카드,2025-12,35000,1,0,300000.0,265000,0,0,0,0.0,0.0,구독료,밀리의서재,44300.0,"E카드 스타벅스 50% 할인까지 26만 5,000원 남았어요. 이번 주 구독료는 E카드로 결제하세요."
C0939,CARD_A,신한카드 Mr.Life,2025-12,767120,16,2,1000000.0,232880,2,14920,14920,17740.0,2820.0,외식,동네식당,95600.0,"A카드 할인한도 월 5만 원까지 23만 2,900원 남았어요. 이번 주 외식은 A카드로 결제하세요."
C0939,CARD_B,KB국민카드 굿데이카드,2025-12,63000,2,0,300000.0,237000,0,0,0,0.0,0.0,외식,동네식당,95600.0,"B카드 통신비 10% 할인까지 23만 7,000원 남았어요. 이번 주 외식은 B카드로 결제하세요."
C0939,CARD_C,하나카드 MOVING카드 ALLDAY모드,2025-12,74590,2,1,,0,1,370,370,,,,,,
C0939,CARD_D,삼성카드 삼성 iD SELECT ALL 카드,2025-12,0,0,0,400000.0,400000,0,0,0,0.0,0.0,외식,동네식당,95600.0,D카드 SELECT 7% 할인까지 40만 원 남았어요. 이번 주 외식은 D카드로 결제하세요.
C0939,CARD_E,NH농협카드 올바른 FLEX 카드,2025-12,0,0,0,300000.0,300000,0,0,0,0.0,0.0,교통비,주차장,37300.0,E카드 스타벅스 50% 할인까지 30만 원 남았어요. 이번 주 교통비는 E카드로 결제하세요.
C0940,CARD_A,신한카드 Mr.Life,2025-12,0,0,0,300000.0,300000,0,0,0,0.0,0.0,커피,투썸플레이스,14200.0,A카드 공과금·편의점 10% 할인까지 30만 원 남았어요. 이번 주 커피는 A카드로 결제하세요.
C0940,CARD_B,KB국민카드 굿데이카드,2025-12,21760,2,0,300000.0,278240,0,0,0,0.0,0.0,커피,투썸플레이스,14200.0,"B카드 통신비 10% 할인까지 27만 8,200원 남았어요. 이번 주 커피는 B카드로 결제하세요."
C0940,CARD_C,하나카드 MOVING카드 ALLDAY모드,2025-12,249200,14,1,,0,1,2490,2490,,,,,,
C0940,CARD_D,삼성카드 삼성 iD SELECT ALL 카드,2025-12,0,0,0,400000.0,400000,0,0,0,0.0,0.0,구독료,디즈니플러스,65600.0,D카드 SELECT 7% 할인까지 40만 원 남았어요. 이번 주 구독료는 D카드로 결제하세요.
C0940,CARD_E,NH농협카드 올바른 FLEX 카드,2025-12,0,0,0,300000.0,300000,0,0,0,0.0,0.0,구독료,디즈니플러스,65600.0,E카드 스타벅스 50% 할인까지 30만 원 남았어요. 이번 주 구독료는 E카드로 결제하세요.
C0941,CARD_A,신한카드 Mr.Life,2025-12,0,0,0,300000.0,300000,0,0,0,0.0,0.0,온라인쇼핑,쿠팡,36600.0,A카드 공과금·편의점 10% 할인까지 30만 원 남았어요. 이번 주 온라인쇼핑은 A카드로 결제하세요.
C0941,CARD_B,KB국민카드 굿데이카드,2025-12,243980,8,0,300000.0,56020,0,0,0,720.0,720.0,편의점,GS25,1500.0,"B카드 통신비 10% 할인까지 5만 6,000원 남았어요. 이번 주 편의점은 B카드로 결제하세요."
C0941,CARD_C,하나카드 MOVING카드 ALLDAY모드,2025-12,0,0,1,,0,1,0,0,,,,,,
C0941,CARD_D,삼성카드 삼성 iD SELECT ALL 카드,2025-12,22100,1,0,400000.0,377900,0,0,0,1700.0,1700.0,온라인쇼핑,쿠팡,36600.0,"D카드 SELECT 7% 할인까지 37만 7,900원 남았어요. 이번 주 온라인쇼핑은 D카드로 결제하세요."
C0941,CARD_E,NH농협카드 올바른 FLEX 카드,2025-12,0,0,0,300000.0,300000,0,0,0,0.0,0.0,온라인쇼핑,쿠팡,36600.0,E카드 스타벅스 50% 할인까지 30만 원 남았어요. 이번 주 온라인쇼핑은 E카드로 결제하세요.
C0942,CARD_A,신한카드 Mr.Life,2025-12,710960,24,2,1000000.0,289040,3,35000,25000,35000.0,10000.0,온라인쇼핑,쿠팡,849000.0,"A카드 할인한도 월 5만 원까지 28만 9,000원 남았어요. 이번 주 온라인쇼핑은 A카드로 결제하세요."
C0942,CARD_B,KB국민카드 굿데이카드,2025-12,10100,1,0,300000.0,289900,0,0,0,0.0,0.0,교통비,티머니,25500.0,"B카드 통신비 10% 할인까지 28만 9,900원 남았어요. 이번 주 교통비는 B카드로 결제하세요."
C0942,CARD_C,하나카드 MOVING카드 ALLDAY모드,2025-12,93500,1,1,,0,1,470,470,,,,,,
C0942,CARD_D,삼성카드 삼성 iD SELECT ALL 카드,2025-12,0,0,0,400000.0,400000,0,0,0,0.0,0.0,온라인쇼핑,쿠팡,849000.0,D카드 SELECT 7% 할인까지 40만 원 남았어요. 이번 주 온라인쇼핑은 D카드로 결제하세요.
C0942,CARD_E,NH농협카드 올바른 FLEX 카드,2025-12,0,0,0,300000.0,300000,0,0,0,0.0,0.0,온라인쇼핑,쿠팡,849000.0,E카드 스타벅스 50% 할인까지 30만 원 남았어요. 이번 주 온라인쇼핑은 E카드로 결제하세요.
C0943,CARD_A,신한카드 Mr.Life,2025-12,0,0,0,300000.0,300000,0,0,0,0.0,0.0,장보기,이마트,473400.0,A카드 공과금·편의점 10% 할인까지 30만 원 남았어요. 이번 주말 장보기는 A카드로 결제하세요.
C0943,CARD_B,KB국민카드 굿데이카드,2025-12,0,0,0,300000.0,300000,0,0,0,0.0,0.0,편의점,세븐일레븐,22700.0,B카드 통신비 10% 할인까지 30만 원 남았어요. 이번 주 편의점은 B카드로 결제하세요.
C0943,CARD_C,하나카드 MOVING카드 ALLDAY모드,2025-12,323990,15,1,,0,1,3240,3240,,,,,,
C0943,CARD_D,삼성카드 삼성 iD SELECT ALL 카드,2025-12,0,0,0,400000.0,400000,0,0,0,0.0,0.0,장보기,이마트,473400.0,D카드 SELECT 7% 할인까지 40만 원 남았어요. 이번 주말 장보기는 D카드로 결제하세요.
C0943,CARD_E,NH농협카드 올바른 FLEX 카드,2025-12,84100,1,0,300000.0,215900,0,0,0,0.0,0.0,편의점,세븐일레븐,22700.0,"E카드 스타벅스 50% 할인까지 21만 5,900원 남았어요. 이번 주 편의점은 E카드로 결제하세요."
C0944,CARD_A,신한카드 Mr.Life,2025-12,1299990,29,3,,0,3,45000,45000,,,,,,
C0944,CARD_B,KB국민카드 굿데이카드,2025-12,0,0,0,300000.0,300000,0,0,0,0.0,0.0,외식,한식뷔페,137200.0,B카드 통신비 10% 할인까지 30만 원 남았어요. 이번 주 외식은 B카드로 결제하세요.
C0944,CARD_C,하나카드 MOVING카드 ALLDAY모드,2025-12,2650,1,1,,0,1,10,10,,,,,,
C0944,CARD_D,삼성카드 삼성 iD SELECT ALL 카드,2025-12,11870,2,0,400000.0,388130,0,0,0,910.0,910.0,온라인쇼핑,쿠팡,876600.0,"D카드 SELECT 7% 할인까지 38만 8,100원 남았어요. 이번 주 온라인쇼핑은 D카드로 결제하세요."
C0944,CARD_E,NH농협카드 올바른 FLEX 카드,2025-12,16900,1,0,300000.0,283100,0,0,0,0.0,0.0,온라인쇼핑,쿠팡,876600.0,"E카드 스타벅스 50% 할인까지 28만 3,100원 남았어요. 이번 주 온라인쇼핑은 E카드로 결제하세요."
C0945,CARD_A,신한카드 Mr.Life,2025-12,579570,10,2,1000000.0,420430,3,26730,26030,26730.0,700.0,장보기,이마트,449100.0,A카드 할인한도 월 5만 원까지 42만 400원 남았어요. 이번 주말 장보기는 A카드로 결제하세요.
C0945,CARD_B,KB국민카드 굿데이카드,2025-12,79610,2,0,300000.0,220390,0,0,0,0.0,0.0,편의점,세븐일레븐,7000.0,B카드 통신비 10% 할인까지 22만 400원 남았어요. 이번 주 편의점은 B카드로 결제하세요.
C0945,CARD_C,하나카드 MOVING카드 ALLDAY모드,2025-12,0,0,1,,0,1,0,0,,,,,,
C0945,CARD_D,삼성카드 삼성 iD SELECT ALL 카드,2025-12,0,0,0,400000.0,400000,0,0,0,0.0,0.0,장보기,이마트,449100.0,D카드 SELECT 7% 할인까지 40만 원 남았어요. 이번 주말 장보기는 D카드로 결제하세요.
C0945,CARD_E,NH농협카드 올바른 FLEX 카드,2025-12,306900,1,1,,0,0,0,0,,,,,,
C0946,CARD_A,신한카드 Mr.Life,2025-12,357760,9,1,500000.0,142240,1,140,140,140.0,0.0,편의점,CU,11800.0,"A카드 할인한도 월 3.4만 원까지 14만 2,200원 남았어요. 이번 주 편의점은 A카드로 결제하세요."
C0946,CARD_B,KB국민카드 굿데이카드,2025-12,1880,1,0,300000.0,298120,0,0,0,0.0,0.0,편의점,CU,11800.0,"B카드 통신비 10% 할인까지 29만 8,100원 남았어요. 이번 주 편의점은 B카드로 결제하세요."
C0946,CARD_C,하나카드 MOVING카드 ALLDAY모드,2025-12,58200,1,1,,0,1,290,290,,,,,,
C0946,CARD_D,삼성카드 삼성 iD SELECT ALL 카드,2025-12,0,0,0,400000.0,400000,0,0,0,0.0,0.0,편의점,CU,11800.0,D카드 SELECT 7% 할인까지 40만 원 남았어요. 이번 주 편의점은 D카드로 결제하세요.
C0946,CARD_E,NH농협카드 올바른 FLEX 카드,2025-12,20300,1,0,300000.0,279700,0,0,0,0.0,0.0,편의점,CU,11800.0,"E카드 스타벅스 50% 할인까지 27만 9,700원 남았어요. 이번 주 편의점은 E카드로 결제하세요."
C0947,CARD_A,신한카드 Mr.Life,2025-12,599950,12,2,1000000.0,400050,2,3290,3290,3290.0,0.0,주유,SK에너지,274500.0,A카드 할인한도 월 5만 원까지 40만 원 남았어요. 이번 주말 주유는 A카드로 결제하세요.
C0947,CARD_B,KB국민카드 굿데이카드,2025-12,0,0,0,300000.0,300000,0,0,0,0.0,0.0,주유,SK에너지,274500.0,B카드 통신비 10% 할인까지 30만 원 남았어요. 이번 주말 주유는 B카드로 결제하세요.
C0947,CARD_C,하나카드 MOVING카드 ALLDAY모드,2025-12,65000,1,1,,0,1,320,320,,,,,,
C0947,CARD_D,삼성카드 삼성 iD SELECT ALL 카드,2025-12,177600,3,0,400000.0,222400,0,0,0,5430.0,5430.0,주유,SK에너지,274500.0,"D카드 SELECT 7% 할인까지 22만 2,400원 남았어요. 이번 주말 주유는 D카드로 결제하세요."
C0947,CARD_E,NH농협카드 올바른 FLEX 카드,2025-12,0,0,0,300000.0,300000,0,0,0,0.0,0.0,온라인쇼핑,쿠팡,105000.0,E카드 스타벅스 50% 할인까지 30만 원 남았어요. 이번 주 온라인쇼핑은 E카드로 결제하세요.
C0948,CARD_A,신한카드 Mr.Life,2025-12,790550,19,2,1000000.0,209450,2,8960,8960,8960.0,0.0,장보기,마켓컬리,134800.0,"A카드 할인한도 월 5만 원까지 20만 9,400원 남았어요. 이번 주말 장보기는 A카드로 결제하세요."
C0948,CARD_B,KB국민카드 굿데이카드,2025-12,19900,1,0,300000.0,280100,0,0,0,0.0,0.0,교통비,티머니,26500.0,B카드 통신비 10% 할인까지 28만 100원 남았어요. 이번 주 교통비는 B카드로 결제하세요.
C0948,CARD_C,하나카드 MOVING카드 ALLDAY모드,2025-12,0,0,1,,0,1,0,0,,,,,,
C0948,CARD_D,삼성카드 삼성 iD SELECT ALL 카드,2025-12,0,0,0,400000.0,400000,0,0,0,0.0,0.0,장보기,마켓컬리,134800.0,D카드 SELECT 7% 할인까지 40만 원 남았어요. 이번 주말 장보기는 D카드로 결제하세요.
C0948,CARD_E,NH농협카드 올바른 FLEX 카드,2025-12,107000,1,0,300000.0,193000,0,0,0,0.0,0.0,교통비,티머니,26500.0,"E카드 스타벅스 50% 할인까지 19만 3,000원 남았어요. 이번 주 교통비는 E카드로 결제하세요."
C0949,CARD_A,신한카드 Mr.Life,2025-12,688290,13,2,1000000.0,311710,2,16240,16240,16240.0,0.0,장보기,홈플러스,602100.0,"A카드 할인한도 월 5만 원까지 31만 1,700원 남았어요. 이번 주말 장보기는 A카드로 결제하세요."
C0949,CARD_B,KB국민카드 굿데이카드,2025-12,131500,2,0,300000.0,168500,0,0,0,2230.0,2230.0,교통비,카카오T,20300.0,"B카드 통신비 10% 할인까지 16만 8,500원 남았어요. 이번 주 교통비는 B카드로 결제하세요."
C0949,CARD_C,하나카드 MOVING카드 ALLDAY모드,2025-12,84800,1,1,,0,1,420,420,,,,,,
C0949,CARD_D,삼성카드 삼성 iD SELECT ALL 카드,2025-12,0,0,0,400000.0,400000,0,0,0,0.0,0.0,장보기,홈플러스,602100.0,D카드 SELECT 7% 할인까지 40만 원 남았어요. 이번 주말 장보기는 D카드로 결제하세요.
C0949,CARD_E,NH농협카드 올바른 FLEX 카드,2025-12,88100,1,0,300000.0,211900,1,0,0,0.0,0.0,온라인쇼핑,네이버쇼핑,117500.0,"E카드 스타벅스 50% 할인까지 21만 1,900원 남았어요. 이번 주 온라인쇼핑은 E카드로 결제하세요."
C0950,CARD_A,신한카드 Mr.Life,2025-12,0,0,0,300000.0,300000,0,0,0,0.0,0.0,외식,동네식당,48500.0,A카드 공과금·편의점 10% 할인까지 30만 원 남았어요. 이번 주 외식은 A카드로 결제하세요.
C0950,CARD_B,KB국민카드 굿데이카드,2025-12,0,0,0,300000.0,300000,0,0,0,0.0,0.0,외식,동네식당,48500.0,B카드 통신비 10% 할인까지 30만 원 남았어요. 이번 주 외식은 B카드로 결제하세요.
C0950,CARD_C,하나카드 MOVING카드 ALLDAY모드,2025-12,0,0,1,,0,1,0,0,,,,,,
C0950,CARD_D,삼성카드 삼성 iD SELECT ALL 카드,2025-12,307010,11,0,400000.0,92990,2,11800,0,11800.0,11800.0,외식,동네식당,48500.0,"D카드 SELECT 7% 할인까지 9만 3,000원 남았어요. 이번 주 외식은 D카드로 결제하세요."
C0950,CARD_E,NH농협카드 올바른 FLEX 카드,2025-12,0,0,0,300000.0,300000,1,0,0,0.0,0.0,편의점,이마트24,10700.0,E카드 스타벅스 50% 할인까지 30만 원 남았어요. 이번 주 편의점은 E카드로 결제하세요.
C0951,CARD_A,신한카드 Mr.Life,2025-12,111770,3,0,300000.0,188230,0,0,0,3000.0,3000.0,외식,서브웨이,9200.0,"A카드 공과금·편의점 10% 할인까지 18만 8,200원 남았어요. 이번 주 외식은 A카드로 결제하세요."
C0951,CARD_B,KB국민카드 굿데이카드,2025-12,0,0,0,300000.0,300000,0,0,0,0.0,0.0,외식,서브웨이,9200.0,B카드 통신비 10% 할인까지 30만 원 남았어요. 이번 주 외식은 B카드로 결제하세요.
C0951,CARD_C,하나카드 MOVING카드 ALLDAY모드,2025-12,12200,1,1,,0,1,60,60,,,,,,
C0951,CARD_D,삼성카드 삼성 iD SELECT ALL 카드,2025-12,0,0,0,400000.0,400000,0,0,0,0.0,0.0,외식,서브웨이,9200.0,D카드 SELECT 7% 할인까지 40만 원 남았어요. 이번 주 외식은 D카드로 결제하세요.
C0951,CARD_E,NH농협카드 올바른 FLEX 카드,2025-12,31100,1,0,300000.0,268900,0,0,0,0.0,0.0,온라인쇼핑,쿠팡,32400.0,"E카드 스타벅스 50% 할인까지 26만 8,900원 남았어요. 이번 주 온라인쇼핑은 E카드로 결제하세요."
C0952,CARD_A,신한카드 Mr.Life,2025-12,0,0,0,300000.0,300000,0,0,0,0.0,0.0,커피,스타벅스,25200.0,A카드 공과금·편의점 10% 할인까지 30만 원 남았어요. 이번 주 커피는 A카드로 결제하세요.
C0952,CARD_B,KB국민카드 굿데이카드,2025-12,63500,2,0,300000.0,236500,0,0,0,0.0,0.0,커피,스타벅스,25200.0,"B카드 통신비 10% 할인까지 23만 6,500원 남았어요. 이번 주 커피는 B카드로 결제하세요."
C0952,CARD_C,하나카드 MOVING카드 ALLDAY모드,2025-12,622810,26,1,,0,1,6230,6230,,,,,,
C0952,CARD_D,삼성카드 삼성 iD SELECT ALL 카드,2025-12,0,0,0,400000.0,400000,0,0,0,0.0,0.0,배달 주문,배달의민족,277000.0,D카드 SELECT 7% 할인까지 40만 원 남았어요. 이번 주 배달 주문은 D카드로 결제하세요.
C0952,CARD_E,NH농협카드 올바른 FLEX 카드,2025-12,3840,1,0,300000.0,296160,0,0,0,0.0,0.0,배달 주문,배달의민족,277000.0,"E카드 스타벅스 50% 할인까지 29만 6,200원 남았어요. 이번 주 배달 주문은 E카드로 결제하세요."
C0953,CARD_A,신한카드 Mr.Life,2025-12,238500,14,0,300000.0,61500,2,8570,0,4570.0,4570.0,편의점,CU,24600.0,"A카드 공과금·편의점 10% 할인까지 6만 1,500원 남았어요. 이번 주 편의점은 A카드로 결제하세요."
C0953,CARD_B,KB국민카드 굿데이카드,2025-12,0,0,0,300000.0,300000,0,0,0,0.0,0.0,편의점,CU,24600.0,B카드 통신비 10% 할인까지 30만 원 남았어요. 이번 주 편의점은 B카드로 결제하세요.
C0953,CARD_C,하나카드 MOVING카드 ALLDAY모드,2025-12,39800,1,1,,0,1,200,200,,,,,,
C0953,CARD_D,삼성카드 삼성 iD SELECT ALL 카드,2025-12,19800,1,0,400000.0,380200,0,0,0,1520.0,1520.0,배달 주문,요기요,100800.0,D카드 SELECT 7% 할인까지 38만 200원 남았어요. 이번 주 배달 주문은 D카드로 결제하세요.
C0953,CARD_E,NH농협카드 올바른 FLEX 카드,2025-12,0,0,0,300000.0,300000,0,0,0,0.0,0.0,배달 주문,요기요,100800.0,E카드 스타벅스 50% 할인까지 30만 원 남았어요. 이번 주 배달 주문은 E카드로 결제하세요.
C0954,CARD_A,신한카드 Mr.Life,2025-12,487530,19,1,500000.0,12470,1,8500,8500,8500.0,0.0,편의점,CU,64900.0,"A카드 할인한도 월 3.4만 원까지 1만 2,500원 남았어요. 이번 주 편의점은 A카드로 결제하세요."
C0954,CARD_B,KB국민카드 굿데이카드,2025-12,0,0,0,300000.0,300000,0,0,0,0.0,0.0,편의점,CU,64900.0,B카드 통신비 10% 할인까지 30만 원 남았어요. 이번 주 편의점은 B카드로 결제하세요.
C0954,CARD_C,하나카드 MOVING카드 ALLDAY모드,2025-12,0,0,1,,0,1,0,0,,,,,,
C0954,CARD_D,삼성카드 삼성 iD SELECT ALL 카드,2025-12,0,0,0,400000.0,400000,0,0,0,0.0,0.0,편의점,CU,64900.0,D카드 SELECT 7% 할인까지 40만 원 남았어요. 이번 주 편의점은 D카드로 결제하세요.
C0954,CARD_E,NH농협카드 올바른 FLEX 카드,2025-12,76500,1,0,300000.0,223500,0,0,0,0.0,0.0,편의점,CU,64900.0,"E카드 스타벅스 50% 할인까지 22만 3,500원 남았어요. 이번 주 편의점은 E카드로 결제하세요."
C0955,CARD_A,신한카드 Mr.Life,2025-12,0,0,0,300000.0,300000,0,0,0,0.0,0.0,주유,SK에너지,248500.0,A카드 공과금·편의점 10% 할인까지 30만 원 남았어요. 이번 주말 주유는 A카드로 결제하세요.
C0955,CARD_B,KB국민카드 굿데이카드,2025-12,0,0,0,300000.0,300000,0,0,0,0.0,0.0,주유,SK에너지,248500.0,B카드 통신비 10% 할인까지 30만 원 남았어요. 이번 주말 주유는 B카드로 결제하세요.
C0955,CARD_C,하나카드 MOVING카드 ALLDAY모드,2025-12,121300,2,1,,0,1,610,610,,,,,,
C0955,CARD_D,삼성카드 삼성 iD SELECT ALL 카드,2025-12,7130,1,0,400000.0,392870,0,0,0,410.0,410.0,주유,SK에너지,248500.0,"D카드 SELECT 7% 할인까지 39만 2,900원 남았어요. 이번 주말 주유는 D카드로 결제하세요."
C0955,CARD_E,NH농협카드 올바른 FLEX 카드,2025-12,303590,11,1,,0,1,12100,12100,,,,,,
C0956,CARD_A,신한카드 Mr.Life,2025-12,12190,2,0,300000.0,287810,0,0,0,90.0,90.0,커피,투썸플레이스,33400.0,"A카드 공과금·편의점 10% 할인까지 28만 7,800원 남았어요. 이번 주 커피는 A카드로 결제하세요."
C0956,CARD_B,KB국민카드 굿데이카드,2025-12,230100,2,0,300000.0,69900,0,0,0,0.0,0.0,커피,투썸플레이스,33400.0,"B카드 통신비 10% 할인까지 6만 9,900원 남았어요. 이번 주 커피는 B카드로 결제하세요."
C0956,CARD_C,하나카드 MOVING카드 ALLDAY모드,2025-12,173520,14,1,,0,1,1740,1740,,,,,,
C0956,CARD_D,삼성카드 삼성 iD SELECT ALL 카드,2025-12,7350,2,0,400000.0,392650,0,0,0,190.0,190.0,배달 주문,배달의민족,102600.0,"D카드 SELECT 7% 할인까지 39만 2,600원 남았어요. 이번 주 배달 주문은 D카드로 결제하세요."
C0956,CARD_E,NH농협카드 올바른 FLEX 카드,2025-12,0,0,0,300000.0,300000,0,0,0,0.0,0.0,커피,투썸플레이스,33400.0,E카드 스타벅스 50% 할인까지 30만 원 남았어요. 이번 주 커피는 E카드로 결제하세요.
C0957,CARD_A,신한카드 Mr.Life,2025-12,0,0,0,300000.0,300000,0,0,0,0.0,0.0,외식,고깃집,145100.0,A카드 공과금·편의점 10% 할인까지 30만 원 남았어요. 이번 주 외식은 A카드로 결제하세요.
C0957,CARD_B,KB국민카드 굿데이카드,2025-12,0,0,0,300000.0,300000,0,0,0,0.0,0.0,외식,고깃집,145100.0,B카드 통신비 10% 할인까지 30만 원 남았어요. 이번 주 외식은 B카드로 결제하세요.
C0957,CARD_C,하나카드 MOVING카드 ALLDAY모드,2025-12,477340,13,1,,0,1,2390,2390,,,,,,
C0957,CARD_D,삼성카드 삼성 iD SELECT ALL 카드,2025-12,14300,1,0,400000.0,385700,0,0,0,100.0,100.0,외식,고깃집,145100.0,"D카드 SELECT 7% 할인까지 38만 5,700원 남았어요. 이번 주 외식은 D카드로 결제하세요."
C0957,CARD_E,NH농협카드 올바른 FLEX 카드,2025-12,0,0,0,300000.0,300000,0,0,0,0.0,0.0,커피,메가MGC커피,9200.0,E카드 스타벅스 50% 할인까지 30만 원 남았어요. 이번 주 커피는 E카드로 결제하세요.
C0958,CARD_A,신한카드 Mr.Life,2025-12,0,0,0,300000.0,300000,0,0,0,0.0,0.0,외식,고깃집,375400.0,A카드 공과금·편의점 10% 할인까지 30만 원 남았어요. 이번 주 외식은 A카드로 결제하세요.
C0958,CARD_B,KB국민카드 굿데이카드,2025-12,0,0,0,300000.0,300000,0,0,0,0.0,0.0,외식,고깃집,375400.0,B카드 통신비 10% 할인까지 30만 원 남았어요. 이번 주 외식은 B카드로 결제하세요.
C0958,CARD_C,하나카드 MOVING카드 ALLDAY모드,2025-12,97500,1,1,,0,1,490,490,,,,,,
C0958,CARD_D,삼성카드 삼성 iD SELECT ALL 카드,2025-12,3044000,14,3,,0,2,31310,36310,,,,,,
C0958,CARD_E,NH농협카드 올바른 FLEX 카드,2025-12,0,0,0,300000.0,300000,0,0,0,0.0,0.0,온라인쇼핑,쿠팡,629300.0,E카드 스타벅스 50% 할인까지 30만 원 남았어요. 이번 주 온라인쇼핑은 E카드로 결제하세요.
C0959,CARD_A,신한카드 Mr.Life,2025-12,0,0,0,300000.0,300000,0,0,0,0.0,0.0,외식,스시오마카세,957200.0,A카드 공과금·편의점 10% 할인까지 30만 원 남았어요. 이번 주 외식은 A카드로 결제하세요.
C0959,CARD_B,KB국민카드 굿데이카드,2025-12,334500,1,1,600000.0,265500,2,0,0,0.0,0.0,외식,스시오마카세,957200.0,"B카드 외식·커피 10% 할인까지 26만 5,500원 남았어요. 이번 주 외식은 B카드로 결제하세요."
C0959,CARD_C,하나카드 MOVING카드 ALLDAY모드,2025-12,0,0,1,,0,1,0,0,,,,,,
C0959,CARD_D,삼성카드 삼성 iD SELECT ALL 카드,2025-12,1022150,9,2,1200000.0,177850,3,27160,22160,27160.0,5000.0,외식,스시오마카세,957200.0,"D카드 SELECT 한도 월 1.5만 원까지 17만 7,800원 남았어요. 이번 주 외식은 D카드로 결제하세요."
C0959,CARD_E,NH농협카드 올바른 FLEX 카드,2025-12,39500,1,0,300000.0,260500,1,0,0,0.0,0.0,온라인쇼핑,쿠팡,220100.0,E카드 스타벅스 50% 할인까지 26만 500원 남았어요. 이번 주 온라인쇼핑은 E카드로 결제하세요.
C0960,CARD_A,신한카드 Mr.Life,2025-12,1043610,8,3,,0,3,6120,6120,,,,,,
C0960,CARD_B,KB국민카드 굿데이카드,2025-12,0,0,0,300000.0,300000,0,0,0,0.0,0.0,커피,스타벅스,21700.0,B카드 통신비 10% 할인까지 30만 원 남았어요. 이번 주 커피는 B카드로 결제하세요.
C0960,CARD_C,하나카드 MOVING카드 ALLDAY모드,2025-12,0,0,1,,0,1,0,0,,,,,,
C0960,CARD_D,삼성카드 삼성 iD SELECT ALL 카드,2025-12,0,0,0,400000.0,400000,0,0,0,0.0,0.0,온라인쇼핑,11번가,139400.0,D카드 SELECT 7% 할인까지 40만 원 남았어요. 이번 주 온라인쇼핑은 D카드로 결제하세요.
C0960,CARD_E,NH농협카드 올바른 FLEX 카드,2025-12,0,0,0,300000.0,300000,0,0,0,0.0,0.0,커피,스타벅스,21700.0,E카드 스타벅스 50% 할인까지 30만 원 남았어요. 이번 주 커피는 E카드로 결제하세요.
C0961,CARD_A,신한카드 Mr.Life,2025-12,5193680,12,3,,0,3,6250,6250,,,,,,
C0961,CARD_B,KB국민카드 굿데이카드,2025-12,0,0,0,300000.0,300000,0,0,0,0.0,0.0,외식,서브웨이,196200.0,B카드 통신비 10% 할인까지 30만 원 남았어요. 이번 주 외식은 B카드로 결제하세요.
C0961,CARD_C,하나카드 MOVING카드 ALLDAY모드,2025-12,0,0,1,,0,1,0,0,,,,,,
C0961,CARD_D,삼성카드 삼성 iD SELECT ALL 카드,2025-12,0,0,0,400000.0,400000,0,0,0,0.0,0.0,외식,서브웨이,196200.0,D카드 SELECT 7% 할인까지 40만 원 남았어요. 이번 주 외식은 D카드로 결제하세요.
C0961,CARD_E,NH농협카드 올바른 FLEX 카드,2025-12,0,0,0,300000.0,300000,0,0,0,0.0,0.0,배달 주문,배달의민족,55300.0,E카드 스타벅스 50% 할인까지 30만 원 남았어요. 이번 주 배달 주문은 E카드로 결제하세요.
C0962,CARD_A,신한카드 Mr.Life,2025-12,295290,18,0,300000.0,4710,2,3710,0,3710.0,3710.0,커피,메가MGC커피,15200.0,"A카드 공과금·편의점 10% 할인까지 4,700원 남았어요. 이번 주 커피는 A카드로 결제하세요."
C0962,CARD_B,KB국민카드 굿데이카드,2025-12,0,0,0,300000.0,300000,0,0,0,0.0,0.0,교통비,티머니,56500.0,B카드 통신비 10% 할인까지 30만 원 남았어요. 이번 주 교통비는 B카드로 결제하세요.
C0962,CARD_C,하나카드 MOVING카드 ALLDAY모드,2025-12,5820,2,1,,0,1,30,30,,,,,,
C0962,CARD_D,삼성카드 삼성 iD SELECT ALL 카드,2025-12,0,0,0,400000.0,400000,0,0,0,0.0,0.0,외식,한식뷔페,58300.0,D카드 SELECT 7% 할인까지 40만 원 남았어요. 이번 주 외식은 D카드로 결제하세요.
C0962,CARD_E,NH농협카드 올바른 FLEX 카드,2025-12,11100,2,0,300000.0,288900,0,0,0,540.0,540.0,교통비,티머니,56500.0,"E카드 스타벅스 50% 할인까지 28만 8,900원 남았어요. 이번 주 교통비는 E카드로 결제하세요."
C0963,CARD_A,신한카드 Mr.Life,2025-12,515250,16,2,1000000.0,484750,1,7760,9760,9760.0,0.0,커피,메가MGC커피,11400.0,"A카드 할인한도 월 5만 원까지 48만 4,800원 남았어요. 이번 주 커피는 A카드로 결제하세요."
C0963,CARD_B,KB국민카드 굿데이카드,2025-12,20500,1,0,300000.0,279500,0,0,0,0.0,0.0,커피,메가MGC커피,11400.0,"B카드 통신비 10% 할인까지 27만 9,500원 남았어요. 이번 주 커피는 B카드로 결제하세요."
C0963,CARD_C,하나카드 MOVING카드 ALLDAY모드,2025-12,0,0,1,,0,1,0,0,,,,,,
C0963,CARD_D,삼성카드 삼성 iD SELECT ALL 카드,2025-12,0,0,0,400000.0,400000,0,0,0,0.0,0.0,배달 주문,배달의민족,102200.0,D카드 SELECT 7% 할인까지 40만 원 남았어요. 이번 주 배달 주문은 D카드로 결제하세요.
C0963,CARD_E,NH농협카드 올바른 FLEX 카드,2025-12,0,0,0,300000.0,300000,0,0,0,0.0,0.0,배달 주문,배달의민족,102200.0,E카드 스타벅스 50% 할인까지 30만 원 남았어요. 이번 주 배달 주문은 E카드로 결제하세요.
C0964,CARD_A,신한카드 Mr.Life,2025-12,1270790,23,3,,0,3,15560,15560,,,,,,
C0964,CARD_B,KB국민카드 굿데이카드,2025-12,6270,1,0,300000.0,293730,0,0,0,0.0,0.0,외식,김밥천국,138900.0,"B카드 통신비 10% 할인까지 29만 3,700원 남았어요. 이번 주 외식은 B카드로 결제하세요."
C0964,CARD_C,하나카드 MOVING카드 ALLDAY모드,2025-12,0,0,1,,0,1,0,0,,,,,,
C0964,CARD_D,삼성카드 삼성 iD SELECT ALL 카드,2025-12,99160,3,0,400000.0,300840,0,0,0,6000.0,6000.0,배달 주문,쿠팡이츠,165300.0,D카드 SELECT 7% 할인까지 30만 800원 남았어요. 이번 주 배달 주문은 D카드로 결제하세요.
C0964,CARD_E,NH농협카드 올바른 FLEX 카드,2025-12,0,0,0,300000.0,300000,0,0,0,0.0,0.0,배달 주문,쿠팡이츠,165300.0,E카드 스타벅스 50% 할인까지 30만 원 남았어요. 이번 주 배달 주문은 E카드로 결제하세요.
C0965,CARD_A,신한카드 Mr.Life,2025-12,0,0,0,300000.0,300000,0,0,0,0.0,0.0,외식,고깃집,63200.0,A카드 공과금·편의점 10% 할인까지 30만 원 남았어요. 이번 주 외식은 A카드로 결제하세요.
C0965,CARD_B,KB국민카드 굿데이카드,2025-12,77600,1,0,300000.0,222400,0,0,0,0.0,0.0,외식,고깃집,63200.0,"B카드 통신비 10% 할인까지 22만 2,400원 남았어요. 이번 주 외식은 B카드로 결제하세요."
C0965,CARD_C,하나카드 MOVING카드 ALLDAY모드,2025-12,47800,1,1,,0,1,240,240,,,,,,
C0965,CARD_D,삼성카드 삼성 iD SELECT ALL 카드,2025-12,0,0,0,400000.0,400000,0,0,0,0.0,0.0,외식,고깃집,63200.0,D카드 SELECT 7% 할인까지 40만 원 남았어요. 이번 주 외식은 D카드로 결제하세요.
C0965,CARD_E,NH농협카드 올바른 FLEX 카드,2025-12,116200,6,0,300000.0,183800,0,0,0,1460.0,1460.0,온라인쇼핑,네이버쇼핑,55800.0,"E카드 스타벅스 50% 할인까지 18만 3,800원 남았어요. 이번 주 온라인쇼핑은 E카드로 결제하세요."
C0966,CARD_A,신한카드 Mr.Life,2025-12,445900,1,1,500000.0,54100,0,0,0,0.0,0.0,편의점,GS25,28100.0,"A카드 할인한도 월 3.4만 원까지 5만 4,100원 남았어요. 이번 주 편의점은 A카드로 결제하세요."
C0966,CARD_B,KB국민카드 굿데이카드,2025-12,0,0,0,300000.0,300000,0,0,0,0.0,0.0,편의점,GS25,28100.0,B카드 통신비 10% 할인까지 30만 원 남았어요. 이번 주 편의점은 B카드로 결제하세요.
C0966,CARD_D,삼성카드 삼성 iD SELECT ALL 카드,2025-12,858890,8,2,1200000.0,341110,3,24960,19960,24960.0,5000.0,편의점,GS25,28100.0,"D카드 SELECT 한도 월 1.5만 원까지 34만 1,100원 남았어요. 이번 주 편의점은 D카드로 결제하세요."
C0966,CARD_E,NH농협카드 올바른 FLEX 카드,2025-12,208400,1,0,300000.0,91600,0,0,0,5000.0,5000.0,편의점,GS25,28100.0,"E카드 스타벅스 50% 할인까지 9만 1,600원 남았어요. 이번 주 편의점은 E카드로 결제하세요."
C0967,CARD_A,신한카드 Mr.Life,2025-12,0,0,0,300000.0,300000,0,0,0,0.0,0.0,온라인쇼핑,쿠팡,741700.0,A카드 공과금·편의점 10% 할인까지 30만 원 남았어요. 이번 주 온라인쇼핑은 A카드로 결제하세요.
C0967,CARD_B,KB국민카드 굿데이카드,2025-12,882290,24,2,1200000.0,317710,3,18020,6050,18020.0,11970.0,외식,동네식당,56200.0,"B카드 학원비 10% 할인까지 31만 7,700원 남았어요. 이번 주 외식은 B카드로 결제하세요."
C0967,CARD_C,하나카드 MOVING카드 ALLDAY모드,2025-12,193340,2,1,,0,1,1100,1100,,,,,,
C0967,CARD_D,삼성카드 삼성 iD SELECT ALL 카드,2025-12,18400,1,0,400000.0,381600,0,0,0,1420.0,1420.0,온라인쇼핑,쿠팡,741700.0,"D카드 SELECT 7% 할인까지 38만 1,600원 남았어요. 이번 주 온라인쇼핑은 D카드로 결제하세요."
C0967,CARD_E,NH농협카드 올바른 FLEX 카드,2025-12,0,0,0,300000.0,300000,0,0,0,0.0,0.0,온라인쇼핑,쿠팡,741700.0,E카드 스타벅스 50% 할인까지 30만 원 남았어요. 이번 주 온라인쇼핑은 E카드로 결제하세요.
C0968,CARD_A,신한카드 Mr.Life,2025-12,0,0,0,300000.0,300000,0,0,0,0.0,0.0,장보기,쿠팡프레시,202500.0,A카드 공과금·편의점 10% 할인까지 30만 원 남았어요. 이번 주말 장보기는 A카드로 결제하세요.
C0968,CARD_B,KB국민카드 굿데이카드,2025-12,0,0,0,300000.0,300000,0,0,0,0.0,0.0,외식,동네식당,60900.0,B카드 통신비 10% 할인까지 30만 원 남았어요. 이번 주 외식은 B카드로 결제하세요.
C0968,CARD_C,하나카드 MOVING카드 ALLDAY모드,2025-12,0,0,1,,0,1,0,0,,,,,,
C0968,CARD_D,삼성카드 삼성 iD SELECT ALL 카드,2025-12,446590,19,1,800000.0,353410,2,20500,17500,20500.0,3000.0,장보기,쿠팡프레시,202500.0,"D카드 SELECT 한도 월 1만 원까지 35만 3,400원 남았어요. 이번 주말 장보기는 D카드로 결제하세요."
C0968,CARD_E,NH농협카드 올바른 FLEX 카드,2025-12,0,0,0,300000.0,300000,0,0,0,0.0,0.0,온라인쇼핑,네이버쇼핑,131400.0,E카드 스타벅스 50% 할인까지 30만 원 남았어요. 이번 주 온라인쇼핑은 E카드로 결제하세요.
C0969,CARD_A,신한카드 Mr.Life,2025-12,0,0,0,300000.0,300000,0,0,0,0.0,0.0,주유,GS칼텍스,187400.0,A카드 공과금·편의점 10% 할인까지 30만 원 남았어요. 이번 주말 주유는 A카드로 결제하세요.
C0969,CARD_B,KB국민카드 굿데이카드,2025-12,0,0,0,300000.0,300000,0,0,0,0.0,0.0,주유,GS칼텍스,187400.0,B카드 통신비 10% 할인까지 30만 원 남았어요. 이번 주말 주유는 B카드로 결제하세요.
C0969,CARD_C,하나카드 MOVING카드 ALLDAY모드,2025-12,5960,1,1,,0,1,30,30,,,,,,
C0969,CARD_D,삼성카드 삼성 iD SELECT ALL 카드,2025-12,2006990,16,3,,0,3,28160,28160,,,,,,
C0969,CARD_E,NH농협카드 올바른 FLEX 카드,2025-12,0,0,0,300000.0,300000,0,0,0,0.0,0.0,편의점,GS25,6900.0,E카드 스타벅스 50% 할인까지 30만 원 남았어요. 이번 주 편의점은 E카드로 결제하세요.
C0970,CARD_A,신한카드 Mr.Life,2025-12,0,0,0,300000.0,300000,0,0,0,0.0,0.0,주유,GS칼텍스,195400.0,A카드 공과금·편의점 10% 할인까지 30만 원 남았어요. 이번 주말 주유는 A카드로 결제하세요.
C0970,CARD_B,KB국민카드 굿데이카드,2025-12,0,0,0,300000.0,300000,0,0,0,0.0,0.0,주유,GS칼텍스,195400.0,B카드 통신비 10% 할인까지 30만 원 남았어요. 이번 주말 주유는 B카드로 결제하세요.
C0970,CARD_C,하나카드 MOVING카드 ALLDAY모드,2025-12,510530,11,1,,0,1,5290,5290,,,,,,
C0970,CARD_D,삼성카드 삼성 iD SELECT ALL 카드,2025-12,0,0,0,400000.0,400000,0,0,0,0.0,0.0,주유,GS칼텍스,195400.0,D카드 SELECT 7% 할인까지 40만 원 남았어요. 이번 주말 주유는 D카드로 결제하세요.
C0970,CARD_E,NH농협카드 올바른 FLEX 카드,2025-12,31000,1,0,300000.0,269000,0,0,0,0.0,0.0,배달 주문,쿠팡이츠,44300.0,"E카드 스타벅스 50% 할인까지 26만 9,000원 남았어요. 이번 주 배달 주문은 E카드로 결제하세요."
C0971,CARD_A,신한카드 Mr.Life,2025-12,3270,1,0,300000.0,296730,0,0,0,0.0,0.0,편의점,GS25,37100.0,"A카드 공과금·편의점 10% 할인까지 29만 6,700원 남았어요. 이번 주 편의점은 A카드로 결제하세요."
C0971,CARD_B,KB국민카드 굿데이카드,2025-12,332170,4,1,600000.0,267830,0,0,430,430.0,0.0,교통비,티머니,39200.0,"B카드 외식·커피 10% 할인까지 26만 7,800원 남았어요. 이번 주 교통비는 B카드로 결제하세요."
C0971,CARD_C,하나카드 MOVING카드 ALLDAY모드,2025-12,108050,2,1,,0,1,540,540,,,,,,
C0971,CARD_D,삼성카드 삼성 iD SELECT ALL 카드,2025-12,393470,23,0,400000.0,6530,1,10040,0,10040.0,10040.0,편의점,GS25,37100.0,"D카드 SELECT 7% 할인까지 6,500원 남았어요. 이번 주 편의점은 D카드로 결제하세요."
C0971,CARD_E,NH농협카드 올바른 FLEX 카드,2025-12,3540,1,0,300000.0,296460,0,0,0,180.0,180.0,교통비,티머니,39200.0,"E카드 스타벅스 50% 할인까지 29만 6,500원 남았어요. 이번 주 교통비는 E카드로 결제하세요."
C0972,CARD_A,신한카드 Mr.Life,2025-12,293550,3,0,300000.0,6450,0,0,0,3000.0,3000.0,편의점,GS25,8700.0,"A카드 공과금·편의점 10% 할인까지 6,400원 남았어요. 이번 주 편의점은 A카드로 결제하세요."
C0972,CARD_B,KB국민카드 굿데이카드,2025-12,0,0,0,300000.0,300000,0,0,0,0.0,0.0,편의점,GS25,8700.0,B카드 통신비 10% 할인까지 30만 원 남았어요. 이번 주 편의점은 B카드로 결제하세요.
C0972,CARD_C,하나카드 MOVING카드 ALLDAY모드,2025-12,277640,3,1,,0,1,1390,1390,,,,,,
C0972,CARD_D,삼성카드 삼성 iD SELECT ALL 카드,2025-12,257220,11,0,400000.0,142780,2,12170,0,9170.0,9170.0,편의점,GS25,8700.0,"D카드 SELECT 7% 할인까지 14만 2,800원 남았어요. 이번 주 편의점은 D카드로 결제하세요."
C0972,CARD_E,NH농협카드 올바른 FLEX 카드,2025-12,370600,1,1,,0,0,0,0,,,,,,
C0973,CARD_A,신한카드 Mr.Life,2025-12,118720,5,0,300000.0,181280,3,220,0,220.0,220.0,외식,고깃집,126100.0,"A카드 공과금·편의점 10% 할인까지 18만 1,300원 남았어요. 이번 주 외식은 A카드로 결제하세요."
C0973,CARD_B,KB국민카드 굿데이카드,2025-12,2490,1,0,300000.0,297510,0,0,0,0.0,0.0,외식,고깃집,126100.0,"B카드 통신비 10% 할인까지 29만 7,500원 남았어요. 이번 주 외식은 B카드로 결제하세요."
C0973,CARD_C,하나카드 MOVING카드 ALLDAY모드,2025-12,89400,2,1,,0,1,450,450,,,,,,
C0973,CARD_D,삼성카드 삼성 iD SELECT ALL 카드,2025-12,1470,1,0,400000.0,398530,0,0,0,110.0,110.0,외식,고깃집,126100.0,"D카드 SELECT 7% 할인까지 39만 8,500원 남았어요. 이번 주 외식은 D카드로 결제하세요."
C0973,CARD_E,NH농협카드 올바른 FLEX 카드,2025-12,64900,1,0,300000.0,235100,0,0,0,0.0,0.0,온라인쇼핑,쿠팡,78800.0,"E카드 스타벅스 50% 할인까지 23만 5,100원 남았어요. 이번 주 온라인쇼핑은 E카드로 결제하세요."
C0974,CARD_A,신한카드 Mr.Life,2025-12,907800,17,2,1000000.0,92200,3,25580,20000,25580.0,5580.0,외식,한식뷔페,205200.0,"A카드 할인한도 월 5만 원까지 9만 2,200원 남았어요. 이번 주 외식은 A카드로 결제하세요."
C0974,CARD_B,KB국민카드 굿데이카드,2025-12,181800,3,0,300000.0,118200,0,0,0,0.0,0.0,외식,한식뷔페,205200.0,"B카드 통신비 10% 할인까지 11만 8,200원 남았어요. 이번 주 외식은 B카드로 결제하세요."
C0974,CARD_C,하나카드 MOVING카드 ALLDAY모드,2025-12,56480,3,1,,0,1,280,280,,,,,,
C0974,CARD_D,삼성카드 삼성 iD SELECT ALL 카드,2025-12,156300,3,0,400000.0,243700,0,0,0,12820.0,12820.0,외식,한식뷔페,205200.0,"D카드 SELECT 7% 할인까지 24만 3,700원 남았어요. 이번 주 외식은 D카드로 결제하세요."
C0974,CARD_E,NH농협카드 올바른 FLEX 카드,2025-12,0,0,0,300000.0,300000,0,0,0,0.0,0.0,커피,폴바셋,27400.0,E카드 스타벅스 50% 할인까지 30만 원 남았어요. 이번 주 커피는 E카드로 결제하세요.
C0975,CARD_A,신한카드 Mr.Life,2025-12,0,0,0,300000.0,300000,0,0,0,0.0,0.0,병원·약국,건강기능식품,256800.0,A카드 공과금·편의점 10% 할인까지 30만 원 남았어요. 이번 주 병원·약국은 A카드로 결제하세요.
C0975,CARD_B,KB국민카드 굿데이카드,2025-12,0,0,0,300000.0,300000,0,0,0,0.0,0.0,외식,한식뷔페,62300.0,B카드 통신비 10% 할인까지 30만 원 남았어요. 이번 주 외식은 B카드로 결제하세요.
C0975,CARD_C,하나카드 MOVING카드 ALLDAY모드,2025-12,39300,1,1,,0,1,200,200,,,,,,
C0975,CARD_D,삼성카드 삼성 iD SELECT ALL 카드,2025-12,0,0,0,400000.0,400000,0,0,0,0.0,0.0,병원·약국,건강기능식품,256800.0,D카드 SELECT 7% 할인까지 40만 원 남았어요. 이번 주 병원·약국은 D카드로 결제하세요.
C0975,CARD_E,NH농협카드 올바른 FLEX 카드,2025-12,692100,15,1,,0,1,6180,6180,,,,,,
C0976,CARD_A,신한카드 Mr.Life,2025-12,96100,2,0,300000.0,203900,0,0,0,0.0,0.0,온라인쇼핑,쿠팡,842500.0,"A카드 공과금·편의점 10% 할인까지 20만 3,900원 남았어요. 이번 주 온라인쇼핑은 A카드로 결제하세요."
C0976,CARD_B,KB국민카드 굿데이카드,2025-12,2225550,29,3,,0,3,5000,5000,,,,,,
C0976,CARD_C,하나카드 MOVING카드 ALLDAY모드,2025-12,0,0,1,,0,1,0,0,,,,,,
C0976,CARD_D,삼성카드 삼성 iD SELECT ALL 카드,2025-12,85600,1,0,400000.0,314400,0,0,0,600.0,600.0,온라인쇼핑,쿠팡,842500.0,"D카드 SELECT 7% 할인까지 31만 4,400원 남았어요. 이번 주 온라인쇼핑은 D카드로 결제하세요."
C0976,CARD_E,NH농협카드 올바른 FLEX 카드,2025-12,0,0,0,300000.0,300000,0,0,0,0.0,0.0,온라인쇼핑,쿠팡,842500.0,E카드 스타벅스 50% 할인까지 30만 원 남았어요. 이번 주 온라인쇼핑은 E카드로 결제하세요.
C0977,CARD_A,신한카드 Mr.Life,2025-12,626200,20,2,1000000.0,373800,2,22110,22110,23490.0,1380.0,외식,맘스터치,138000.0,"A카드 할인한도 월 5만 원까지 37만 3,800원 남았어요. 이번 주 외식은 A카드로 결제하세요."
C0977,CARD_B,KB국민카드 굿데이카드,2025-12,0,0,0,300000.0,300000,0,0,0,0.0,0.0,외식,맘스터치,138000.0,B카드 통신비 10% 할인까지 30만 원 남았어요. 이번 주 외식은 B카드로 결제하세요.
C0977,CARD_C,하나카드 MOVING카드 ALLDAY모드,2025-12,104300,2,1,,0,1,520,520,,,,,,
C0977,CARD_D,삼성카드 삼성 iD SELECT ALL 카드,2025-12,0,0,0,400000.0,400000,0,0,0,0.0,0.0,배달 주문,배달의민족,162800.0,D카드 SELECT 7% 할인까지 40만 원 남았어요. 이번 주 배달 주문은 D카드로 결제하세요.
C0977,CARD_E,NH농협카드 올바른 FLEX 카드,2025-12,0,0,0,300000.0,300000,0,0,0,0.0,0.0,배달 주문,배달의민족,162800.0,E카드 스타벅스 50% 할인까지 30만 원 남았어요. 이번 주 배달 주문은 E카드로 결제하세요.
C0978,CARD_A,신한카드 Mr.Life,2025-12,17300,1,0,300000.0,282700,0,0,0,0.0,0.0,장보기,동네마트,594300.0,"A카드 공과금·편의점 10% 할인까지 28만 2,700원 남았어요. 이번 주말 장보기는 A카드로 결제하세요."
C0978,CARD_B,KB국민카드 굿데이카드,2025-12,25400,1,0,300000.0,274600,1,0,0,0.0,0.0,외식,동네식당,94000.0,"B카드 통신비 10% 할인까지 27만 4,600원 남았어요. 이번 주 외식은 B카드로 결제하세요."
C0978,CARD_C,하나카드 MOVING카드 ALLDAY모드,2025-12,548360,15,1,,0,1,5610,5610,,,,,,
C0978,CARD_D,삼성카드 삼성 iD SELECT ALL 카드,2025-12,0,0,0,400000.0,400000,0,0,0,0.0,0.0,장보기,동네마트,594300.0,D카드 SELECT 7% 할인까지 40만 원 남았어요. 이번 주말 장보기는 D카드로 결제하세요.
C0978,CARD_E,NH농협카드 올바른 FLEX 카드,2025-12,0,0,0,300000.0,300000,0,0,0,0.0,0.0,온라인쇼핑,네이버쇼핑,136400.0,E카드 스타벅스 50% 할인까지 30만 원 남았어요. 이번 주 온라인쇼핑은 E카드로 결제하세요.
C0979,CARD_A,신한카드 Mr.Life,2025-12,3376830,17,3,,0,3,24080,24080,,,,,,
C0979,CARD_B,KB국민카드 굿데이카드,2025-12,0,0,0,300000.0,300000,0,0,0,0.0,0.0,외식,김밥천국,239700.0,B카드 통신비 10% 할인까지 30만 원 남았어요. 이번 주 외식은 B카드로 결제하세요.
C0979,CARD_C,하나카드 MOVING카드 ALLDAY모드,2025-12,0,0,1,,0,1,0,0,,,,,,
C0979,CARD_D,삼성카드 삼성 iD SELECT ALL 카드,2025-12,4900,1,0,400000.0,395100,0,0,0,30.0,30.0,외식,김밥천국,239700.0,"D카드 SELECT 7% 할인까지 39만 5,100원 남았어요. 이번 주 외식은 D카드로 결제하세요."
C0979,CARD_E,NH농협카드 올바른 FLEX 카드,2025-12,19000,1,0,300000.0,281000,0,0,0,950.0,950.0,온라인쇼핑,쿠팡,108800.0,"E카드 스타벅스 50% 할인까지 28만 1,000원 남았어요. 이번 주 온라인쇼핑은 E카드로 결제하세요."
C0980,CARD_A,신한카드 Mr.Life,2025-12,0,0,0,300000.0,300000,0,0,0,0.0,0.0,커피,스타벅스,36000.0,A카드 공과금·편의점 10% 할인까지 30만 원 남았어요. 이번 주 커피는 A카드로 결제하세요.
C0980,CARD_B,KB국민카드 굿데이카드,2025-12,460300,1,1,600000.0,139700,0,0,0,0.0,0.0,커피,스타벅스,36000.0,"B카드 외식·커피 10% 할인까지 13만 9,700원 남았어요. 이번 주 커피는 B카드로 결제하세요."
C0980,CARD_C,하나카드 MOVING카드 ALLDAY모드,2025-12,0,0,1,,0,1,0,0,,,,,,
C0980,CARD_D,삼성카드 삼성 iD SELECT ALL 카드,2025-12,1470980,12,3,,0,2,20300,20920,,,,,,
C0980,CARD_E,NH농협카드 올바른 FLEX 카드,2025-12,17000,1,0,300000.0,283000,0,0,0,3400.0,3400.0,커피,스타벅스,36000.0,"E카드 스타벅스 50% 할인까지 28만 3,000원 남았어요. 이번 주 커피는 E카드로 결제하세요."
C0981,CARD_A,신한카드 Mr.Life,2025-12,1163530,15,3,,0,2,5410,5410,,,,,,
C0981,CARD_B,KB국민카드 굿데이카드,2025-12,21700,1,0,300000.0,278300,0,0,0,0.0,0.0,외식,동네식당,249700.0,"B카드 통신비 10% 할인까지 27만 8,300원 남았어요. 이번 주 외식은 B카드로 결제하세요."
C0981,CARD_C,하나카드 MOVING카드 ALLDAY모드,2025-12,0,0,1,,0,1,0,0,,,,,,
C0981,CARD_D,삼성카드 삼성 iD SELECT ALL 카드,2025-12,0,0,0,400000.0,400000,0,0,0,0.0,0.0,외식,동네식당,249700.0,D카드 SELECT 7% 할인까지 40만 원 남았어요. 이번 주 외식은 D카드로 결제하세요.
C0981,CARD_E,NH농협카드 올바른 FLEX 카드,2025-12,55000,1,0,300000.0,245000,0,0,0,3850.0,3850.0,구독료,멜론,24800.0,"E카드 스타벅스 50% 할인까지 24만 5,000원 남았어요. 이번 주 구독료는 E카드로 결제하세요."
C0982,CARD_A,신한카드 Mr.Life,2025-12,0,0,0,300000.0,300000,0,0,0,0.0,0.0,온라인쇼핑,네이버쇼핑,383200.0,A카드 공과금·편의점 10% 할인까지 30만 원 남았어요. 이번 주 온라인쇼핑은 A카드로 결제하세요.
C0982,CARD_B,KB국민카드 굿데이카드,2025-12,762250,18,2,1200000.0,437750,3,7720,7720,7720.0,0.0,편의점,GS25,20200.0,"B카드 학원비 10% 할인까지 43만 7,800원 남았어요. 이번 주 편의점은 B카드로 결제하세요."
C0982,CARD_C,하나카드 MOVING카드 ALLDAY모드,2025-12,0,0,1,,0,1,0,0,,,,,,
C0982,CARD_D,삼성카드 삼성 iD SELECT ALL 카드,2025-12,44600,1,0,400000.0,355400,0,0,0,3430.0,3430.0,온라인쇼핑,네이버쇼핑,383200.0,"D카드 SELECT 7% 할인까지 35만 5,400원 남았어요. 이번 주 온라인쇼핑은 D카드로 결제하세요."
C0982,CARD_E,NH농협카드 올바른 FLEX 카드,2025-12,28200,2,0,300000.0,271800,0,0,0,1410.0,1410.0,온라인쇼핑,네이버쇼핑,383200.0,"E카드 스타벅스 50% 할인까지 27만 1,800원 남았어요. 이번 주 온라인쇼핑은 E카드로 결제하세요."
C0983,CARD_A,신한카드 Mr.Life,2025-12,66800,2,0,300000.0,233200,0,0,0,5500.0,5500.0,온라인쇼핑,네이버쇼핑,525300.0,"A카드 공과금·편의점 10% 할인까지 23만 3,200원 남았어요. 이번 주 온라인쇼핑은 A카드로 결제하세요."
C0983,CARD_B,KB국민카드 굿데이카드,2025-12,1894050,33,3,,0,2,7370,7370,,,,,,
C0983,CARD_C,하나카드 MOVING카드 ALLDAY모드,2025-12,20600,1,1,,0,1,100,100,,,,,,
C0983,CARD_D,삼성카드 삼성 iD SELECT ALL 카드,2025-12,14000,1,0,400000.0,386000,0,0,0,100.0,100.0,온라인쇼핑,네이버쇼핑,525300.0,"D카드 SELECT 7% 할인까지 38만 6,000원 남았어요. 이번 주 온라인쇼핑은 D카드로 결제하세요."
C0983,CARD_E,NH농협카드 올바른 FLEX 카드,2025-12,1179400,1,1,,0,1,0,0,,,,,,
C0984,CARD_A,신한카드 Mr.Life,2025-12,900,1,0,300000.0,299100,0,0,0,0.0,0.0,편의점,GS25,14800.0,"A카드 공과금·편의점 10% 할인까지 29만 9,100원 남았어요. 이번 주 편의점은 A카드로 결제하세요."
C0984,CARD_B,KB국민카드 굿데이카드,2025-12,0,0,0,300000.0,300000,0,0,0,0.0,0.0,교통비,티머니,65400.0,B카드 통신비 10% 할인까지 30만 원 남았어요. 이번 주 교통비는 B카드로 결제하세요.
C0984,CARD_C,하나카드 MOVING카드 ALLDAY모드,2025-12,9830,3,1,,0,1,50,50,,,,,,
C0984,CARD_D,삼성카드 삼성 iD SELECT ALL 카드,2025-12,3610,1,0,400000.0,396390,0,0,0,30.0,30.0,편의점,GS25,14800.0,"D카드 SELECT 7% 할인까지 39만 6,400원 남았어요. 이번 주 편의점은 D카드로 결제하세요."
C0984,CARD_E,NH농협카드 올바른 FLEX 카드,2025-12,425990,24,1,,0,1,7540,7540,,,,,,
C0985,CARD_A,신한카드 Mr.Life,2025-12,149130,12,0,300000.0,150870,0,0,0,0.0,0.0,외식,한식뷔페,34000.0,A카드 공과금·편의점 10% 할인까지 15만 900원 남았어요. 이번 주 외식은 A카드로 결제하세요.
C0985,CARD_B,KB국민카드 굿데이카드,2025-12,0,0,0,300000.0,300000,0,0,0,0.0,0.0,외식,한식뷔페,34000.0,B카드 통신비 10% 할인까지 30만 원 남았어요. 이번 주 외식은 B카드로 결제하세요.
C0985,CARD_C,하나카드 MOVING카드 ALLDAY모드,2025-12,0,0,1,,0,1,0,0,,,,,,
C0985,CARD_D,삼성카드 삼성 iD SELECT ALL 카드,2025-12,0,0,0,400000.0,400000,0,0,0,0.0,0.0,배달 주문,쿠팡이츠,134300.0,D카드 SELECT 7% 할인까지 40만 원 남았어요. 이번 주 배달 주문은 D카드로 결제하세요.
C0985,CARD_E,NH농협카드 올바른 FLEX 카드,2025-12,0,0,0,300000.0,300000,0,0,0,0.0,0.0,배달 주문,쿠팡이츠,134300.0,E카드 스타벅스 50% 할인까지 30만 원 남았어요. 이번 주 배달 주문은 E카드로 결제하세요.
C0986,CARD_A,신한카드 Mr.Life,2025-12,0,0,0,300000.0,300000,0,0,0,0.0,0.0,장보기,동네마트,198800.0,A카드 공과금·편의점 10% 할인까지 30만 원 남았어요. 이번 주말 장보기는 A카드로 결제하세요.
C0986,CARD_B,KB국민카드 굿데이카드,2025-12,28210,2,0,300000.0,271790,0,0,0,0.0,0.0,편의점,CU,10800.0,"B카드 통신비 10% 할인까지 27만 1,800원 남았어요. 이번 주 편의점은 B카드로 결제하세요."
C0986,CARD_C,하나카드 MOVING카드 ALLDAY모드,2025-12,770500,6,1,,0,1,4190,4190,,,,,,
C0986,CARD_D,삼성카드 삼성 iD SELECT ALL 카드,2025-12,0,0,0,400000.0,400000,0,0,0,0.0,0.0,장보기,동네마트,198800.0,D카드 SELECT 7% 할인까지 40만 원 남았어요. 이번 주말 장보기는 D카드로 결제하세요.
C0986,CARD_E,NH농협카드 올바른 FLEX 카드,2025-12,57400,1,0,300000.0,242600,0,0,0,2870.0,2870.0,편의점,CU,10800.0,"E카드 스타벅스 50% 할인까지 24만 2,600원 남았어요. 이번 주 편의점은 E카드로 결제하세요."
C0987,CARD_A,신한카드 Mr.Life,2025-12,298650,18,0,300000.0,1350,1,390,0,390.0,390.0,커피,빽다방,49300.0,"A카드 공과금·편의점 10% 할인까지 1,400원 남았어요. 이번 주 커피는 A카드로 결제하세요."
C0987,CARD_B,KB국민카드 굿데이카드,2025-12,92400,1,0,300000.0,207600,0,0,0,0.0,0.0,커피,빽다방,49300.0,"B카드 통신비 10% 할인까지 20만 7,600원 남았어요. 이번 주 커피는 B카드로 결제하세요."
C0987,CARD_C,하나카드 MOVING카드 ALLDAY모드,2025-12,31500,1,1,,0,1,160,160,,,,,,
C0987,CARD_D,삼성카드 삼성 iD SELECT ALL 카드,2025-12,0,0,0,400000.0,400000,0,0,0,0.0,0.0,배달 주문,쿠팡이츠,136400.0,D카드 SELECT 7% 할인까지 40만 원 남았어요. 이번 주 배달 주문은 D카드로 결제하세요.
C0987,CARD_E,NH농협카드 올바른 FLEX 카드,2025-12,0,0,0,300000.0,300000,0,0,0,0.0,0.0,커피,빽다방,49300.0,E카드 스타벅스 50% 할인까지 30만 원 남았어요. 이번 주 커피는 E카드로 결제하세요.
C0988,CARD_A,신한카드 Mr.Life,2025-12,9900,1,0,300000.0,290100,0,0,0,0.0,0.0,외식,동네식당,1388300.0,A카드 공과금·편의점 10% 할인까지 29만 100원 남았어요. 이번 주 외식은 A카드로 결제하세요.
C0988,CARD_B,KB국민카드 굿데이카드,2025-12,1105060,16,2,1200000.0,94940,3,5000,5000,5000.0,0.0,외식,동네식당,1388300.0,"B카드 학원비 10% 할인까지 9만 4,900원 남았어요. 이번 주 외식은 B카드로 결제하세요."
C0988,CARD_C,하나카드 MOVING카드 ALLDAY모드,2025-12,1408200,1,1,,0,1,7040,7040,,,,,,
C0988,CARD_D,삼성카드 삼성 iD SELECT ALL 카드,2025-12,315900,1,0,400000.0,84100,0,0,0,2210.0,2210.0,외식,동네식당,1388300.0,"D카드 SELECT 7% 할인까지 8만 4,100원 남았어요. 이번 주 외식은 D카드로 결제하세요."
C0988,CARD_E,NH농협카드 올바른 FLEX 카드,2025-12,156500,2,0,300000.0,143500,0,0,0,5000.0,5000.0,커피,스타벅스,38200.0,"E카드 스타벅스 50% 할인까지 14만 3,500원 남았어요. 이번 주 커피는 E카드로 결제하세요."
C0989,CARD_A,신한카드 Mr.Life,2025-12,77850,2,0,300000.0,222150,0,0,0,580.0,580.0,장보기,동네마트,223700.0,"A카드 공과금·편의점 10% 할인까지 22만 2,200원 남았어요. 이번 주말 장보기는 A카드로 결제하세요."
C0989,CARD_B,KB국민카드 굿데이카드,2025-12,0,0,0,300000.0,300000,0,0,0,0.0,0.0,주유,SK에너지,217600.0,B카드 통신비 10% 할인까지 30만 원 남았어요. 이번 주말 주유는 B카드로 결제하세요.
C0989,CARD_C,하나카드 MOVING카드 ALLDAY모드,2025-12,44380,2,1,,0,1,220,220,,,,,,
C0989,CARD_D,삼성카드 삼성 iD SELECT ALL 카드,2025-12,616450,21,1,800000.0,183550,1,11320,11320,14320.0,3000.0,장보기,동네마트,223700.0,"D카드 SELECT 한도 월 1만 원까지 18만 3,600원 남았어요. 이번 주말 장보기는 D카드로 결제하세요."
C0989,CARD_E,NH농협카드 올바른 FLEX 카드,2025-12,0,0,0,300000.0,300000,1,0,0,0.0,0.0,교통비,티머니,23800.0,E카드 스타벅스 50% 할인까지 30만 원 남았어요. 이번 주 교통비는 E카드로 결제하세요.
C0990,CARD_A,신한카드 Mr.Life,2025-12,13900,1,0,300000.0,286100,1,0,0,0.0,0.0,장보기,홈플러스,570000.0,"A카드 공과금·편의점 10% 할인까지 28만 6,100원 남았어요. 이번 주말 장보기는 A카드로 결제하세요."
C0990,CARD_B,KB국민카드 굿데이카드,2025-12,19500,1,0,300000.0,280500,0,0,0,0.0,0.0,편의점,CU,7600.0,B카드 통신비 10% 할인까지 28만 500원 남았어요. 이번 주 편의점은 B카드로 결제하세요.
C0990,CARD_C,하나카드 MOVING카드 ALLDAY모드,2025-12,12610,2,1,,0,1,60,60,,,,,,
C0990,CARD_D,삼성카드 삼성 iD SELECT ALL 카드,2025-12,119800,1,0,400000.0,280200,0,0,0,7840.0,7840.0,장보기,홈플러스,570000.0,D카드 SELECT 7% 할인까지 28만 200원 남았어요. 이번 주말 장보기는 D카드로 결제하세요.
C0990,CARD_E,NH농협카드 올바른 FLEX 카드,2025-12,1003370,11,1,,0,1,0,0,,,,,,
C0991,CARD_A,신한카드 Mr.Life,2025-12,155860,8,0,300000.0,144140,0,0,0,5190.0,5190.0,온라인쇼핑,쿠팡,88400.0,"A카드 공과금·편의점 10% 할인까지 14만 4,100원 남았어요. 이번 주 온라인쇼핑은 A카드로 결제하세요."
C0991,CARD_B,KB국민카드 굿데이카드,2025-12,0,0,0,300000.0,300000,0,0,0,0.0,0.0,편의점,GS25,3700.0,B카드 통신비 10% 할인까지 30만 원 남았어요. 이번 주 편의점은 B카드로 결제하세요.
C0991,CARD_C,하나카드 MOVING카드 ALLDAY모드,2025-12,0,0,1,,0,1,0,0,,,,,,
C0991,CARD_D,삼성카드 삼성 iD SELECT ALL 카드,2025-12,0,0,0,400000.0,400000,0,0,0,0.0,0.0,온라인쇼핑,쿠팡,88400.0,D카드 SELECT 7% 할인까지 40만 원 남았어요. 이번 주 온라인쇼핑은 D카드로 결제하세요.
C0991,CARD_E,NH농협카드 올바른 FLEX 카드,2025-12,9240,1,0,300000.0,290760,0,0,0,0.0,0.0,온라인쇼핑,쿠팡,88400.0,E카드 스타벅스 50% 할인까지 29만 800원 남았어요. 이번 주 온라인쇼핑은 E카드로 결제하세요.
C0992,CARD_A,신한카드 Mr.Life,2025-12,191250,19,0,300000.0,108750,1,4480,0,4480.0,4480.0,편의점,GS25,24000.0,"A카드 공과금·편의점 10% 할인까지 10만 8,800원 남았어요. 이번 주 편의점은 A카드로 결제하세요."
C0992,CARD_B,KB국민카드 굿데이카드,2025-12,0,0,0,300000.0,300000,0,0,0,0.0,0.0,교통비,티머니,66200.0,B카드 통신비 10% 할인까지 30만 원 남았어요. 이번 주 교통비는 B카드로 결제하세요.
C0992,CARD_C,하나카드 MOVING카드 ALLDAY모드,2025-12,0,0,1,,0,1,0,0,,,,,,
C0992,CARD_D,삼성카드 삼성 iD SELECT ALL 카드,2025-12,0,0,0,400000.0,400000,0,0,0,0.0,0.0,편의점,GS25,24000.0,D카드 SELECT 7% 할인까지 40만 원 남았어요. 이번 주 편의점은 D카드로 결제하세요.
C0992,CARD_E,NH농협카드 올바른 FLEX 카드,2025-12,2400,1,0,300000.0,297600,0,0,0,0.0,0.0,교통비,티머니,66200.0,"E카드 스타벅스 50% 할인까지 29만 7,600원 남았어요. 이번 주 교통비는 E카드로 결제하세요."
C0993,CARD_A,신한카드 Mr.Life,2025-12,22200,1,0,300000.0,277800,0,0,0,0.0,0.0,온라인쇼핑,네이버쇼핑,241800.0,"A카드 공과금·편의점 10% 할인까지 27만 7,800원 남았어요. 이번 주 온라인쇼핑은 A카드로 결제하세요."
C0993,CARD_B,KB국민카드 굿데이카드,2025-12,1700570,15,3,,0,2,5000,5000,,,,,,
C0993,CARD_C,하나카드 MOVING카드 ALLDAY모드,2025-12,8060,1,1,,0,1,40,40,,,,,,
C0993,CARD_D,삼성카드 삼성 iD SELECT ALL 카드,2025-12,0,0,0,400000.0,400000,0,0,0,0.0,0.0,온라인쇼핑,네이버쇼핑,241800.0,D카드 SELECT 7% 할인까지 40만 원 남았어요. 이번 주 온라인쇼핑은 D카드로 결제하세요.
C0993,CARD_E,NH농협카드 올바른 FLEX 카드,2025-12,0,0,0,300000.0,300000,0,0,0,0.0,0.0,온라인쇼핑,네이버쇼핑,241800.0,E카드 스타벅스 50% 할인까지 30만 원 남았어요. 이번 주 온라인쇼핑은 E카드로 결제하세요.
C0994,CARD_A,신한카드 Mr.Life,2025-12,683470,18,2,1000000.0,316530,2,0,0,0.0,0.0,커피,이디야커피,45600.0,"A카드 할인한도 월 5만 원까지 31만 6,500원 남았어요. 이번 주 커피는 A카드로 결제하세요."
C0994,CARD_B,KB국민카드 굿데이카드,2025-12,0,0,0,300000.0,300000,0,0,0,0.0,0.0,커피,이디야커피,45600.0,B카드 통신비 10% 할인까지 30만 원 남았어요. 이번 주 커피는 B카드로 결제하세요.
C0994,CARD_C,하나카드 MOVING카드 ALLDAY모드,2025-12,0,0,1,,0,1,0,0,,,,,,
C0994,CARD_D,삼성카드 삼성 iD SELECT ALL 카드,2025-12,2090,1,0,400000.0,397910,0,0,0,160.0,160.0,배달 주문,배달의민족,329900.0,"D카드 SELECT 7% 할인까지 39만 7,900원 남았어요. 이번 주 배달 주문은 D카드로 결제하세요."
C0994,CARD_E,NH농협카드 올바른 FLEX 카드,2025-12,95760,3,0,300000.0,204240,0,0,0,2450.0,2450.0,배달 주문,배달의민족,329900.0,"E카드 스타벅스 50% 할인까지 20만 4,200원 남았어요. 이번 주 배달 주문은 E카드로 결제하세요."
C0995,CARD_A,신한카드 Mr.Life,2025-12,0,0,0,300000.0,300000,0,0,0,0.0,0.0,온라인쇼핑,쿠팡,158900.0,A카드 공과금·편의점 10% 할인까지 30만 원 남았어요. 이번 주 온라인쇼핑은 A카드로 결제하세요.
C0995,CARD_B,KB국민카드 굿데이카드,2025-12,277030,13,0,300000.0,22970,1,4270,0,4270.0,4270.0,교통비,카카오T,77800.0,"B카드 통신비 10% 할인까지 2만 3,000원 남았어요. 이번 주 교통비는 B카드로 결제하세요."
C0995,CARD_C,하나카드 MOVING카드 ALLDAY모드,2025-12,0,0,1,,0,1,0,0,,,,,,
C0995,CARD_D,삼성카드 삼성 iD SELECT ALL 카드,2025-12,0,0,0,400000.0,400000,1,0,0,0.0,0.0,온라인쇼핑,쿠팡,158900.0,D카드 SELECT 7% 할인까지 40만 원 남았어요. 이번 주 온라인쇼핑은 D카드로 결제하세요.
C0995,CARD_E,NH농협카드 올바른 FLEX 카드,2025-12,13900,1,0,300000.0,286100,0,0,0,0.0,0.0,교통비,카카오T,77800.0,"E카드 스타벅스 50% 할인까지 28만 6,100원 남았어요. 이번 주 교통비는 E카드로 결제하세요."
C0996,CARD_A,신한카드 Mr.Life,2025-12,538500,2,2,1000000.0,461500,0,0,0,0.0,0.0,외식,한식뷔페,76000.0,"A카드 할인한도 월 5만 원까지 46만 1,500원 남았어요. 이번 주 외식은 A카드로 결제하세요."
C0996,CARD_B,KB국민카드 굿데이카드,2025-12,0,0,0,300000.0,300000,0,0,0,0.0,0.0,외식,한식뷔페,76000.0,B카드 통신비 10% 할인까지 30만 원 남았어요. 이번 주 외식은 B카드로 결제하세요.
C0996,CARD_C,하나카드 MOVING카드 ALLDAY모드,2025-12,207800,3,1,,0,1,1040,1040,,,,,,
C0996,CARD_D,삼성카드 삼성 iD SELECT ALL 카드,2025-12,20450,2,0,400000.0,379550,0,0,0,5140.0,5140.0,외식,한식뷔페,76000.0,"D카드 SELECT 7% 할인까지 37만 9,600원 남았어요. 이번 주 외식은 D카드로 결제하세요."
C0996,CARD_E,NH농협카드 올바른 FLEX 카드,2025-12,1349820,21,1,,0,1,11880,11880,,,,,,
C0997,CARD_A,신한카드 Mr.Life,2025-12,0,0,0,300000.0,300000,0,0,0,0.0,0.0,주유,SK에너지,301500.0,A카드 공과금·편의점 10% 할인까지 30만 원 남았어요. 이번 주말 주유는 A카드로 결제하세요.
C0997,CARD_B,KB국민카드 굿데이카드,2025-12,377320,10,1,600000.0,222680,2,7440,3500,7440.0,3940.0,주유,SK에너지,301500.0,"B카드 외식·커피 10% 할인까지 22만 2,700원 남았어요. 이번 주말 주유는 B카드로 결제하세요."
C0997,CARD_C,하나카드 MOVING카드 ALLDAY모드,2025-12,9410,1,1,,0,1,50,50,,,,,,
C0997,CARD_D,삼성카드 삼성 iD SELECT ALL 카드,2025-12,114000,1,0,400000.0,286000,0,0,0,5800.0,5800.0,주유,SK에너지,301500.0,"D카드 SELECT 7% 할인까지 28만 6,000원 남았어요. 이번 주말 주유는 D카드로 결제하세요."
C0997,CARD_E,NH농협카드 올바른 FLEX 카드,2025-12,61600,1,0,300000.0,238400,0,0,0,0.0,0.0,온라인쇼핑,쿠팡,85200.0,"E카드 스타벅스 50% 할인까지 23만 8,400원 남았어요. 이번 주 온라인쇼핑은 E카드로 결제하세요."
C0998,CARD_A,신한카드 Mr.Life,2025-12,1139280,19,3,,0,3,19470,19470,,,,,,
C0998,CARD_B,KB국민카드 굿데이카드,2025-12,0,0,0,300000.0,300000,0,0,0,0.0,0.0,편의점,GS25,14700.0,B카드 통신비 10% 할인까지 30만 원 남았어요. 이번 주 편의점은 B카드로 결제하세요.
C0998,CARD_C,하나카드 MOVING카드 ALLDAY모드,2025-12,16900,1,1,,0,1,80,80,,,,,,
C0998,CARD_D,삼성카드 삼성 iD SELECT ALL 카드,2025-12,60300,1,0,400000.0,339700,0,0,0,4640.0,4640.0,온라인쇼핑,쿠팡,108700.0,"D카드 SELECT 7% 할인까지 33만 9,700원 남았어요. 이번 주 온라인쇼핑은 D카드로 결제하세요."
C0998,CARD_E,NH농협카드 올바른 FLEX 카드,2025-12,90000,1,0,300000.0,210000,0,0,0,0.0,0.0,온라인쇼핑,쿠팡,108700.0,E카드 스타벅스 50% 할인까지 21만 원 남았어요. 이번 주 온라인쇼핑은 E카드로 결제하세요.
C0999,CARD_A,신한카드 Mr.Life,2025-12,22800,2,0,300000.0,277200,0,0,0,0.0,0.0,커피,스타벅스,16400.0,"A카드 공과금·편의점 10% 할인까지 27만 7,200원 남았어요. 이번 주 커피는 A카드로 결제하세요."
C0999,CARD_B,KB국민카드 굿데이카드,2025-12,9750,1,0,300000.0,290250,0,0,0,0.0,0.0,커피,스타벅스,16400.0,B카드 통신비 10% 할인까지 29만 200원 남았어요. 이번 주 커피는 B카드로 결제하세요.
C0999,CARD_C,하나카드 MOVING카드 ALLDAY모드,2025-12,31800,1,1,,0,1,160,160,,,,,,
C0999,CARD_D,삼성카드 삼성 iD SELECT ALL 카드,2025-12,89600,1,0,400000.0,310400,0,0,0,6900.0,6900.0,외식,아웃백스테이크하우스,74700.0,D카드 SELECT 7% 할인까지 31만 400원 남았어요. 이번 주 외식은 D카드로 결제하세요.
C0999,CARD_E,NH농협카드 올바른 FLEX 카드,2025-12,273850,11,0,300000.0,26150,1,12300,0,12300.0,12300.0,커피,스타벅스,16400.0,"E카드 스타벅스 50% 할인까지 2만 6,200원 남았어요. 이번 주 커피는 E카드로 결제하세요."
C1000,CARD_A,신한카드 Mr.Life,2025-12,1317460,22,3,,0,3,20230,20230,,,,,,
C1000,CARD_B,KB국민카드 굿데이카드,2025-12,5810,1,0,300000.0,294190,0,0,0,0.0,0.0,외식,고깃집,117400.0,"B카드 통신비 10% 할인까지 29만 4,200원 남았어요. 이번 주 외식은 B카드로 결제하세요."
C1000,CARD_C,하나카드 MOVING카드 ALLDAY모드,2025-12,0,0,1,,0,1,0,0,,,,,,
C1000,CARD_D,삼성카드 삼성 iD SELECT ALL 카드,2025-12,0,0,0,400000.0,400000,0,0,0,0.0,0.0,장보기,이마트,441100.0,D카드 SELECT 7% 할인까지 40만 원 남았어요. 이번 주말 장보기는 D카드로 결제하세요.
C1000,CARD_E,NH농협카드 올바른 FLEX 카드,2025-12,15100,1,0,300000.0,284900,0,0,0,0.0,0.0,온라인쇼핑,알리익스프레스,77200.0,"E카드 스타벅스 50% 할인까지 28만 4,900원 남았어요. 이번 주 온라인쇼핑은 E카드로 결제하세요."
